order_id,user_id,order_timestamp,total_amount,item_count,shipping_fee,discount,status
1,3131,2023-08-25 13:41:24.350941,1015.85,5,9.99,0.0,completed
2,7175,2023-08-31 17:15:00.849024,411.87,2,9.99,0.0,completed
3,17892,2023-09-08 11:54:27.860508,346.87,2,4.99,0.0,completed
4,18334,2023-09-10 20:22:42.379541,169.27,2,9.99,0.0,completed
5,3478,2023-09-12 14:56:46.803249,697.05,4,0.0,69.7,completed
6,1951,2023-09-14 20:34:53.833552,736.27,3,0.0,147.25,cancelled
7,21263,2023-09-20 21:54:54.772331,1023.84,5,0.0,0.0,returned
8,4374,2023-09-22 21:37:35.245315,301.73,2,0.0,60.35,completed
9,438,2023-09-24 18:18:54.670023,668.07,2,4.99,133.61,completed
10,20085,2023-09-26 12:09:39.681466,625.42,3,9.99,93.81,completed
11,20085,2023-09-28 15:40:04.881710,537.8,2,4.99,53.78,completed
12,9173,2023-09-30 08:21:25.212636,707.74,4,9.99,70.77,completed
13,11525,2023-09-30 19:46:27.950436,214.67,1,0.0,0.0,cancelled
14,19882,2023-10-01 01:15:40.363159,630.87,5,0.0,0.0,cancelled
15,21357,2023-10-04 03:39:37.449645,450.1,3,4.99,90.02,completed
16,9651,2023-10-08 15:17:16.078484,724.79,4,0.0,144.96,cancelled
17,5440,2023-10-08 19:50:30.563983,493.13,2,4.99,49.31,completed
18,10656,2023-10-10 06:27:05.104162,256.68,3,0.0,25.67,cancelled
19,8080,2023-10-11 00:24:12.009156,1124.33,5,9.99,112.43,cancelled
20,5488,2023-10-12 13:18:20.856751,720.23,3,0.0,0.0,completed
21,8278,2023-10-15 20:53:09.897347,116.41,1,9.99,11.64,completed
22,9785,2023-10-16 21:10:11.980597,631.69,3,0.0,0.0,shipped
23,18478,2023-10-17 19:59:13.116497,799.87,4,4.99,0.0,shipped
24,18513,2023-10-19 02:45:09.492447,943.84,4,9.99,0.0,completed
25,9203,2023-10-22 10:43:46.571627,514.05,2,9.99,0.0,shipped
26,7398,2023-10-24 16:13:41.804804,1080.53,5,9.99,0.0,cancelled
27,24591,2023-10-27 19:01:35.053204,791.42,3,0.0,158.28,completed
28,3998,2023-10-29 07:24:31.194748,838.2,3,9.99,125.73,shipped
29,4637,2023-10-30 00:08:37.452579,676.58,4,4.99,135.32,completed
30,21048,2023-11-01 02:26:52.226528,309.13,2,0.0,0.0,completed
31,24504,2023-11-03 00:09:16.992947,723.51,5,9.99,0.0,completed
32,12802,2023-11-03 11:10:52.456985,209.06,3,9.99,31.36,completed
33,5488,2023-11-05 08:17:40.753761,736.1,5,4.99,147.22,shipped
34,10650,2023-11-08 01:01:37.883864,411.12,3,4.99,0.0,completed
35,9651,2023-11-08 21:51:50.517545,648.85,2,0.0,0.0,returned
36,14597,2023-11-15 15:19:15.473273,759.08,5,4.99,0.0,completed
37,2922,2023-11-15 22:45:05.308189,288.73,1,4.99,57.75,shipped
38,20232,2023-11-18 15:02:56.013726,570.65,4,4.99,114.13,completed
39,4069,2023-11-19 11:22:38.745107,906.41,5,0.0,135.96,completed
40,10950,2023-11-20 06:27:55.060973,306.92,2,0.0,0.0,completed
41,23386,2023-11-21 10:57:08.734492,213.27,2,0.0,0.0,completed
42,798,2023-11-21 15:54:02.286949,404.98,3,4.99,40.5,shipped
43,8290,2023-11-23 01:55:23.882156,575.79,2,0.0,86.37,returned
44,799,2023-11-27 21:56:06.132711,352.16,3,9.99,0.0,completed
45,2473,2023-11-29 08:44:46.489659,953.62,3,4.99,95.36,completed
46,17821,2023-11-30 16:54:33.875937,102.59,2,4.99,0.0,completed
47,24922,2023-12-01 16:21:37.755860,902.82,5,0.0,0.0,completed
48,5395,2023-12-03 22:53:11.818045,348.21,1,9.99,0.0,completed
49,10111,2023-12-04 14:07:30.705250,586.02,2,4.99,0.0,shipped
50,19785,2023-12-06 02:00:51.762991,258.44,2,0.0,25.84,completed
51,913,2023-12-08 00:37:44.439033,880.81,4,9.99,0.0,completed
52,21938,2023-12-09 16:14:34.181310,1004.93,4,4.99,100.49,cancelled
53,23042,2023-12-09 23:27:27.414380,718.26,4,9.99,71.83,completed
54,10098,2023-12-10 23:41:56.332359,346.95,3,4.99,0.0,completed
55,22170,2023-12-11 02:56:12.055161,740.77,3,4.99,111.12,completed
56,1951,2023-12-12 08:58:25.163260,873.99,5,4.99,0.0,completed
57,13916,2023-12-14 06:46:24.586732,322.09,1,9.99,0.0,completed
58,11405,2023-12-14 11:53:51.817235,179.7,3,0.0,0.0,completed
59,24676,2023-12-14 20:41:59.781534,163.44,1,9.99,0.0,completed
60,13011,2023-12-19 21:27:28.105321,187.68,2,4.99,28.15,completed
61,24318,2023-12-21 00:10:42.447561,552.81,2,0.0,82.92,completed
62,17691,2023-12-21 03:50:16.704295,574.29,3,9.99,0.0,completed
63,21882,2023-12-21 21:25:41.298219,642.05,3,9.99,0.0,completed
64,19674,2023-12-23 03:04:19.549077,425.28,4,0.0,42.53,completed
65,5395,2023-12-24 13:02:05.417053,935.34,5,9.99,140.3,completed
66,13910,2023-12-24 13:50:42.070860,747.82,4,4.99,0.0,completed
67,1703,2023-12-25 01:56:16.985958,311.47,2,4.99,46.72,completed
68,17741,2023-12-25 03:53:54.934373,701.21,4,4.99,70.12,completed
69,15754,2023-12-26 07:45:58.510012,779.03,5,9.99,0.0,returned
70,14169,2023-12-28 21:06:16.553367,669.79,4,4.99,0.0,shipped
71,11350,2023-12-29 11:13:47.958873,1193.99,5,0.0,238.8,completed
72,13127,2023-12-29 13:21:10.407367,257.03,1,9.99,38.55,shipped
73,12276,2023-12-29 15:33:18.563563,247.7,2,0.0,24.77,completed
74,7578,2023-12-29 18:54:25.941743,977.57,5,4.99,146.64,completed
75,16335,2024-01-01 03:40:38.401271,214.37,1,9.99,32.16,shipped
76,5353,2024-01-01 18:07:42.221090,685.82,4,0.0,0.0,completed
77,23296,2024-01-02 12:26:33.860027,559.68,5,0.0,0.0,completed
78,22565,2024-01-03 09:39:10.211875,575.55,2,9.99,57.55,shipped
79,16500,2024-01-03 13:10:06.115300,738.87,5,9.99,147.77,completed
80,2423,2024-01-03 16:21:35.788988,745.73,5,0.0,0.0,completed
81,15849,2024-01-04 04:24:16.334147,954.52,4,9.99,95.45,shipped
82,13972,2024-01-04 10:35:34.138852,222.35,1,9.99,0.0,completed
83,1761,2024-01-06 00:18:41.137275,388.53,2,9.99,58.28,completed
84,15738,2024-01-07 01:47:54.492222,929.0,5,0.0,185.8,completed
85,12802,2024-01-09 04:03:01.053644,871.16,4,0.0,87.12,completed
86,13684,2024-01-10 00:41:38.898802,642.51,4,0.0,128.5,completed
87,21176,2024-01-11 03:42:11.211529,743.92,4,0.0,148.78,completed
88,22386,2024-01-12 10:21:49.028345,862.27,5,9.99,0.0,completed
89,14597,2024-01-18 13:34:30.346543,880.63,4,4.99,0.0,completed
90,1761,2024-01-22 02:23:58.779153,340.65,1,0.0,0.0,completed
91,5289,2024-01-23 15:51:47.105453,477.16,2,0.0,47.72,shipped
92,4887,2024-01-25 12:34:54.653162,364.54,2,9.99,54.68,completed
93,8612,2024-01-26 07:01:32.304402,89.0,2,9.99,0.0,completed
94,5545,2024-01-26 18:56:19.734805,410.23,3,4.99,61.53,completed
95,13472,2024-01-27 15:59:10.109552,967.64,4,4.99,0.0,cancelled
96,2282,2024-01-28 20:08:52.030977,842.13,4,0.0,0.0,shipped
97,8169,2024-01-30 17:33:39.731634,134.15,1,0.0,13.42,completed
98,17954,2024-02-03 04:17:06.768590,908.71,5,9.99,0.0,completed
99,17067,2024-02-03 22:16:20.322931,702.46,5,9.99,0.0,shipped
100,11244,2024-02-04 00:54:28.690517,966.84,5,9.99,0.0,completed
101,13102,2024-02-04 07:28:47.254314,207.66,1,0.0,31.15,completed
102,16572,2024-02-04 21:30:44.485726,330.11,4,9.99,33.01,cancelled
103,1951,2024-02-05 02:37:13.613256,87.15,1,0.0,8.72,completed
104,3514,2024-02-07 22:44:43.273098,191.6,1,0.0,28.74,completed
105,11518,2024-02-08 11:25:05.299948,306.02,1,4.99,0.0,completed
106,7257,2024-02-08 11:46:49.372677,173.43,1,9.99,0.0,completed
107,24145,2024-02-08 20:32:56.503760,1148.28,4,9.99,0.0,completed
108,21130,2024-02-09 11:59:27.611582,386.12,4,0.0,0.0,shipped
109,3673,2024-02-10 07:54:59.071975,951.63,5,0.0,0.0,completed
110,9527,2024-02-13 02:10:32.081804,111.35,1,9.99,16.7,completed
111,8223,2024-02-13 17:33:48.326815,387.55,3,4.99,38.76,completed
112,20317,2024-02-14 03:46:35.916676,522.74,2,4.99,0.0,completed
113,10031,2024-02-15 13:02:10.504186,348.88,2,0.0,0.0,completed
114,21904,2024-02-17 07:14:47.461286,557.08,5,9.99,0.0,cancelled
115,13607,2024-02-17 13:14:23.286616,275.21,1,4.99,27.52,shipped
116,8592,2024-02-18 20:47:47.016657,537.8,4,4.99,0.0,completed
117,16199,2024-02-19 07:25:11.835069,778.07,5,4.99,0.0,completed
118,8664,2024-02-20 17:52:12.591065,235.54,1,4.99,47.11,completed
119,6172,2024-02-21 02:31:16.835709,342.01,2,9.99,0.0,cancelled
120,22085,2024-02-21 15:05:27.459614,692.16,4,4.99,103.82,completed
121,8981,2024-02-21 16:47:44.129961,52.82,1,4.99,10.56,shipped
122,4393,2024-02-21 23:45:07.523911,89.25,1,4.99,13.39,returned
123,23588,2024-02-22 05:23:26.563592,511.35,2,0.0,102.27,completed
124,12419,2024-02-23 06:01:34.687702,109.84,1,0.0,0.0,completed
125,19139,2024-02-23 12:35:19.930159,634.06,2,9.99,0.0,completed
126,7150,2024-02-23 14:26:40.376087,1080.03,5,0.0,108.0,completed
127,19061,2024-02-25 20:25:22.084372,612.36,3,4.99,61.24,shipped
128,14169,2024-02-26 11:53:26.141816,89.34,1,4.99,0.0,completed
129,21286,2024-02-26 19:43:52.272406,205.94,2,0.0,0.0,completed
130,4552,2024-02-26 22:52:18.510465,16.26,1,9.99,3.25,returned
131,16654,2024-02-27 21:58:54.210769,190.55,1,9.99,0.0,completed
132,24357,2024-02-28 06:11:14.894155,459.76,4,9.99,45.98,completed
133,11165,2024-02-28 23:03:29.385880,641.82,4,9.99,0.0,completed
134,8183,2024-02-29 02:15:48.545571,319.31,3,0.0,0.0,completed
135,2133,2024-02-29 08:24:10.649189,542.18,4,9.99,0.0,completed
136,22930,2024-03-01 02:03:50.777227,667.7,3,9.99,100.16,returned
137,2814,2024-03-02 09:33:12.346760,1381.86,5,9.99,276.37,completed
138,22755,2024-03-02 17:30:08.478034,518.61,4,4.99,51.86,shipped
139,7357,2024-03-02 19:29:42.114984,345.09,3,9.99,51.76,shipped
140,19967,2024-03-04 10:44:55.736817,380.36,2,9.99,0.0,completed
141,2871,2024-03-05 21:58:14.063930,310.74,2,4.99,31.07,completed
142,15719,2024-03-06 23:49:53.592386,718.86,5,4.99,71.89,completed
143,15136,2024-03-08 03:39:47.079551,631.89,4,0.0,0.0,completed
144,3060,2024-03-08 23:37:45.255153,933.14,5,4.99,93.31,cancelled
145,7434,2024-03-09 00:33:26.113928,858.77,5,4.99,0.0,shipped
146,10014,2024-03-10 02:41:35.542700,687.13,4,9.99,0.0,shipped
147,6876,2024-03-10 10:28:58.888293,564.7,2,9.99,0.0,returned
148,7065,2024-03-10 20:54:28.575874,423.28,3,9.99,0.0,cancelled
149,5207,2024-03-11 15:22:36.521405,460.35,2,9.99,92.07,shipped
150,4069,2024-03-11 20:18:04.564052,955.35,4,0.0,0.0,shipped
151,3441,2024-03-11 21:10:08.156294,450.03,3,9.99,0.0,completed
152,170,2024-03-12 01:24:17.986366,768.47,4,9.99,0.0,completed
153,13087,2024-03-12 17:57:39.774691,991.46,5,9.99,148.72,shipped
154,12276,2024-03-12 23:23:38.331633,910.45,5,4.99,91.05,completed
155,18741,2024-03-13 19:19:21.673438,60.49,2,0.0,0.0,completed
156,22657,2024-03-14 18:59:58.049645,1088.12,5,9.99,0.0,cancelled
157,2897,2024-03-15 05:34:42.042088,421.86,4,9.99,0.0,completed
158,11969,2024-03-16 19:15:04.507083,427.71,2,0.0,0.0,completed
159,11258,2024-03-16 23:18:01.309292,16.21,1,0.0,0.0,completed
160,6470,2024-03-17 13:58:01.424837,388.11,2,0.0,0.0,completed
161,24824,2024-03-17 22:28:50.411317,914.34,5,4.99,182.87,completed
162,5826,2024-03-18 04:53:51.147114,856.14,4,4.99,128.42,cancelled
163,1933,2024-03-18 18:50:24.193780,374.68,3,0.0,74.94,completed
164,1268,2024-03-19 15:31:24.723194,271.63,1,4.99,0.0,returned
165,7453,2024-03-19 16:35:04.909667,495.64,2,0.0,0.0,cancelled
166,17486,2024-03-20 02:39:36.808351,379.02,2,4.99,75.8,completed
167,8247,2024-03-20 13:26:37.947177,64.65,1,0.0,0.0,completed
168,21755,2024-03-21 02:35:27.184387,939.9,5,9.99,93.99,shipped
169,10111,2024-03-21 13:52:05.082797,361.64,5,4.99,0.0,completed
170,4295,2024-03-21 21:25:28.101318,926.9,5,9.99,185.38,completed
171,3584,2024-03-24 15:27:20.182985,737.73,3,9.99,73.77,completed
172,11768,2024-03-25 02:02:55.519858,377.26,2,4.99,0.0,completed
173,11949,2024-03-26 04:40:52.566371,509.3,4,9.99,101.86,completed
174,12997,2024-03-26 14:51:48.666997,252.03,1,0.0,37.8,completed
175,20021,2024-03-26 22:26:10.690036,422.51,2,0.0,42.25,completed
176,6890,2024-03-27 17:24:54.478868,1033.42,5,0.0,155.01,completed
177,4259,2024-03-30 00:30:47.501365,349.06,2,4.99,34.91,completed
178,20894,2024-03-30 18:24:18.524422,912.79,5,9.99,91.28,completed
179,3131,2024-03-30 20:13:00.525548,462.89,2,0.0,0.0,cancelled
180,584,2024-03-31 02:03:21.326512,537.4,4,9.99,53.74,shipped
181,23169,2024-03-31 07:51:09.094154,56.3,1,4.99,0.0,completed
182,22880,2024-03-31 21:48:06.238642,440.61,2,4.99,0.0,shipped
183,8353,2024-04-01 18:14:11.614480,534.89,5,4.99,0.0,completed
184,1376,2024-04-02 03:52:48.239014,793.56,5,9.99,0.0,cancelled
185,12448,2024-04-02 12:53:29.784723,715.91,4,0.0,0.0,completed
186,16199,2024-04-02 21:01:41.409728,853.56,4,9.99,0.0,returned
187,15126,2024-04-02 23:59:49.045708,1136.27,5,0.0,113.63,completed
188,24783,2024-04-04 10:22:45.400120,509.43,3,9.99,50.94,completed
189,7458,2024-04-04 10:43:38.537785,27.09,1,4.99,0.0,completed
190,421,2024-04-04 19:57:59.363213,440.38,3,0.0,0.0,completed
191,6876,2024-04-06 15:20:09.501682,243.66,1,0.0,0.0,cancelled
192,2871,2024-04-06 17:22:25.251467,733.09,4,4.99,0.0,completed
193,8231,2024-04-06 18:56:41.595775,80.92,1,4.99,0.0,shipped
194,6779,2024-04-07 02:56:25.169257,372.29,2,9.99,0.0,returned
195,21039,2024-04-08 17:15:19.291513,829.64,5,9.99,82.96,returned
196,23287,2024-04-08 19:30:59.174507,192.65,2,4.99,28.9,completed
197,24783,2024-04-10 02:31:37.569650,823.35,5,0.0,123.5,shipped
198,12615,2024-04-10 16:58:33.617923,289.93,1,0.0,0.0,completed
199,22441,2024-04-11 13:04:53.163897,948.29,5,4.99,189.66,completed
200,12753,2024-04-11 21:54:10.913265,585.16,4,9.99,0.0,shipped
201,9791,2024-04-12 12:47:16.742992,600.86,5,9.99,60.09,shipped
202,411,2024-04-12 16:45:11.615292,128.02,2,4.99,25.6,completed
203,1504,2024-04-12 18:46:52.422497,1096.06,5,4.99,0.0,completed
204,9367,2024-04-14 20:30:26.424932,388.44,2,0.0,0.0,completed
205,21521,2024-04-14 21:35:34.508523,459.04,2,9.99,68.86,completed
206,7699,2024-04-15 07:24:06.475311,749.4,5,4.99,0.0,cancelled
207,5174,2024-04-15 12:13:05.930644,732.07,4,4.99,109.81,cancelled
208,3692,2024-04-15 13:20:16.515002,806.98,4,4.99,0.0,completed
209,15872,2024-04-16 00:44:08.605662,697.33,3,9.99,0.0,shipped
210,21978,2024-04-16 08:02:27.613352,928.59,5,4.99,0.0,shipped
211,11716,2024-04-16 08:41:11.705668,658.77,3,4.99,98.82,cancelled
212,18721,2024-04-16 12:14:15.012492,668.06,4,4.99,0.0,completed
213,5524,2024-04-16 14:15:40.964890,124.56,1,9.99,24.91,completed
214,9162,2024-04-17 19:04:32.438380,318.38,1,4.99,0.0,completed
215,17796,2024-04-18 14:25:02.470977,382.99,3,9.99,76.6,completed
216,8263,2024-04-20 02:26:02.024284,413.03,3,0.0,82.61,cancelled
217,1216,2024-04-20 12:41:47.213372,827.94,4,4.99,82.79,completed
218,11253,2024-04-21 03:00:42.870918,647.51,3,9.99,64.75,completed
219,13041,2024-04-21 15:13:10.847801,648.39,3,9.99,129.68,completed
220,22107,2024-04-22 10:35:27.745161,226.16,2,0.0,0.0,shipped
221,7594,2024-04-22 12:40:33.052068,649.69,5,0.0,129.94,completed
222,12116,2024-04-22 20:41:09.257505,228.8,1,4.99,0.0,completed
223,16430,2024-04-24 16:26:45.554329,526.85,3,0.0,0.0,completed
224,24902,2024-04-25 07:06:55.881158,424.14,3,0.0,0.0,completed
225,8785,2024-04-25 10:12:38.101015,513.17,2,4.99,102.63,completed
226,317,2024-04-25 14:42:24.636663,793.06,4,0.0,0.0,completed
227,12357,2024-04-25 20:46:30.029015,471.96,4,0.0,0.0,completed
228,1215,2024-04-25 23:19:29.555886,242.08,3,4.99,0.0,completed
229,24047,2024-04-26 20:18:15.759927,1267.61,5,9.99,0.0,completed
230,22246,2024-04-29 20:07:58.139454,835.76,4,0.0,167.15,cancelled
231,10121,2024-04-30 20:42:13.437067,286.34,3,4.99,42.95,completed
232,20894,2024-04-30 23:48:19.257439,1573.84,5,9.99,314.77,completed
233,6304,2024-05-01 06:54:39.184360,293.5,2,0.0,0.0,completed
234,8809,2024-05-02 02:15:53.992663,346.51,2,0.0,0.0,cancelled
235,13530,2024-05-02 22:14:03.597973,1051.12,4,0.0,0.0,completed
236,4575,2024-05-03 08:45:46.194801,237.07,2,0.0,0.0,shipped
237,10756,2024-05-03 22:45:59.646674,792.12,5,0.0,0.0,completed
238,9605,2024-05-04 07:45:14.031115,716.3,3,9.99,0.0,completed
239,7089,2024-05-04 07:45:39.075532,269.16,2,9.99,53.83,shipped
240,10045,2024-05-05 17:47:58.551018,499.94,5,0.0,0.0,cancelled
241,4342,2024-05-05 21:16:26.749686,430.37,3,9.99,64.56,cancelled
242,18924,2024-05-06 11:04:16.329352,441.85,3,4.99,0.0,completed
243,8636,2024-05-06 18:53:57.771047,1243.34,5,4.99,124.33,completed
244,23609,2024-05-08 14:52:30.797004,480.67,2,9.99,0.0,completed
245,13011,2024-05-09 10:26:36.189462,497.88,4,0.0,74.68,completed
246,15112,2024-05-09 23:31:41.986515,1047.5,5,0.0,0.0,cancelled
247,5756,2024-05-11 02:41:33.619162,698.45,3,4.99,0.0,completed
248,8541,2024-05-11 15:42:20.947359,135.14,1,4.99,0.0,cancelled
249,7257,2024-05-11 18:27:03.315043,953.15,4,9.99,190.63,completed
250,18514,2024-05-12 00:52:28.134141,686.98,3,0.0,0.0,completed
251,22116,2024-05-13 05:59:42.070112,474.29,3,9.99,0.0,completed
252,3088,2024-05-13 15:49:57.184287,828.58,5,9.99,165.72,completed
253,4493,2024-05-13 18:47:43.132745,275.62,2,0.0,0.0,shipped
254,799,2024-05-14 01:53:34.235457,740.84,3,9.99,0.0,shipped
255,9928,2024-05-16 05:27:40.836283,18.12,1,0.0,3.62,completed
256,14431,2024-05-16 07:51:48.185979,879.99,4,9.99,0.0,completed
257,17688,2024-05-16 20:53:03.695190,344.36,1,9.99,51.65,completed
258,15076,2024-05-16 23:42:22.014303,563.32,2,9.99,0.0,completed
259,17788,2024-05-17 22:36:49.132908,966.05,5,9.99,144.91,cancelled
260,9036,2024-05-18 04:14:13.806349,944.76,4,9.99,94.48,completed
261,16820,2024-05-18 06:38:00.170264,308.62,1,4.99,30.86,completed
262,3539,2024-05-18 12:47:32.142562,873.09,5,4.99,0.0,completed
263,23448,2024-05-18 18:35:17.697064,203.71,3,9.99,30.56,completed
264,6925,2024-05-19 05:33:28.610853,1145.01,5,4.99,0.0,completed
265,30,2024-05-19 21:14:21.583075,205.12,1,0.0,0.0,cancelled
266,10216,2024-05-21 08:14:29.833016,996.69,5,0.0,199.34,completed
267,15687,2024-05-21 08:27:12.430086,92.48,1,0.0,0.0,shipped
268,2963,2024-05-22 06:04:23.267687,843.13,4,4.99,168.63,cancelled
269,13365,2024-05-22 08:45:23.388301,552.05,2,4.99,110.41,completed
270,12668,2024-05-22 13:22:48.916913,67.44,1,9.99,6.74,completed
271,3468,2024-05-23 14:46:20.971529,1149.41,5,4.99,0.0,cancelled
272,21288,2024-05-23 20:03:54.642001,492.2,4,9.99,73.83,completed
273,17457,2024-05-23 20:18:00.825456,249.31,1,0.0,37.4,cancelled
274,9972,2024-05-25 16:09:54.184959,228.79,1,9.99,45.76,completed
275,19273,2024-05-25 22:34:54.421431,678.34,4,0.0,0.0,completed
276,348,2024-05-25 23:10:31.005924,1187.77,5,9.99,178.17,completed
277,6472,2024-05-27 15:51:17.886344,818.41,4,4.99,163.68,completed
278,8988,2024-05-28 15:49:12.147088,1059.12,5,4.99,211.82,cancelled
279,12826,2024-05-30 06:21:41.660489,840.29,5,4.99,168.06,shipped
280,17796,2024-05-30 11:54:25.218244,261.27,1,4.99,0.0,completed
281,14764,2024-05-31 02:43:00.770900,452.84,2,4.99,0.0,completed
282,8210,2024-05-31 16:21:02.463913,233.32,3,4.99,0.0,cancelled
283,7594,2024-06-01 00:30:08.296608,1019.7,5,4.99,0.0,completed
284,18864,2024-06-02 21:37:51.469459,737.73,5,0.0,0.0,completed
285,23079,2024-06-03 05:24:43.969873,23.3,1,9.99,0.0,shipped
286,12997,2024-06-03 12:44:07.704495,659.73,5,4.99,131.95,completed
287,2066,2024-06-03 13:05:02.041823,239.61,1,4.99,0.0,shipped
288,6776,2024-06-04 06:48:50.732567,553.81,3,0.0,0.0,completed
289,3380,2024-06-04 08:19:56.541108,199.27,1,0.0,29.89,completed
290,5545,2024-06-05 01:00:57.357829,778.0,4,4.99,0.0,completed
291,15719,2024-06-05 03:08:19.265914,591.5,4,9.99,0.0,completed
292,24508,2024-06-05 11:17:15.345664,327.34,2,0.0,0.0,shipped
293,19211,2024-06-05 18:28:03.825676,791.99,4,9.99,0.0,completed
294,8994,2024-06-06 01:07:27.793433,136.34,2,9.99,0.0,completed
295,1068,2024-06-07 03:29:35.260361,714.71,4,9.99,0.0,completed
296,14248,2024-06-07 04:12:29.390744,577.8,2,4.99,0.0,completed
297,9939,2024-06-07 06:21:21.633364,781.66,3,9.99,117.25,shipped
298,2567,2024-06-07 20:58:18.861193,1169.73,5,9.99,116.97,returned
299,5698,2024-06-08 00:05:36.260679,793.08,5,9.99,0.0,completed
300,5169,2024-06-08 02:50:58.816015,590.5,4,0.0,59.05,returned
301,5120,2024-06-08 20:42:26.694515,1432.7,5,9.99,0.0,completed
302,16252,2024-06-09 10:59:38.049130,483.07,2,9.99,0.0,cancelled
303,23056,2024-06-09 19:33:28.910726,247.61,2,4.99,0.0,completed
304,9772,2024-06-09 23:32:58.259351,250.91,2,9.99,37.64,completed
305,2191,2024-06-10 03:10:52.168897,387.14,4,0.0,0.0,completed
306,16095,2024-06-10 12:12:17.529522,407.91,3,0.0,81.58,completed
307,6782,2024-06-10 19:47:06.135348,1425.37,5,9.99,0.0,completed
308,17752,2024-06-11 07:25:23.497500,244.5,2,4.99,24.45,cancelled
309,16611,2024-06-11 20:22:33.758845,543.3,2,0.0,54.33,completed
310,14524,2024-06-12 14:07:18.816997,115.05,1,9.99,0.0,completed
311,9471,2024-06-13 07:35:53.309181,733.72,4,0.0,0.0,shipped
312,18882,2024-06-13 13:43:27.424365,635.47,5,0.0,0.0,shipped
313,18875,2024-06-13 16:43:33.682400,828.49,4,0.0,124.27,shipped
314,468,2024-06-13 23:32:05.713839,708.5,3,9.99,0.0,completed
315,21026,2024-06-14 19:55:59.972527,655.33,4,0.0,65.53,completed
316,11369,2024-06-14 22:43:56.901061,737.69,3,0.0,73.77,shipped
317,8956,2024-06-16 07:11:56.736998,334.62,1,0.0,33.46,completed
318,21102,2024-06-17 01:40:09.994834,1184.57,4,9.99,0.0,completed
319,8084,2024-06-17 02:02:40.911972,52.0,1,0.0,0.0,completed
320,4079,2024-06-17 09:39:25.289536,262.95,1,0.0,0.0,shipped
321,6521,2024-06-17 23:32:59.421552,355.74,2,9.99,35.57,completed
322,24429,2024-06-18 22:15:10.453475,765.19,4,0.0,114.78,completed
323,14767,2024-06-18 23:09:13.163181,706.46,3,0.0,0.0,completed
324,6784,2024-06-18 23:29:23.256167,1020.87,5,4.99,0.0,completed
325,1451,2024-06-19 03:00:53.680146,228.96,2,4.99,22.9,completed
326,14174,2024-06-19 05:47:18.492869,1079.41,5,9.99,215.88,completed
327,13122,2024-06-19 18:07:23.078891,739.82,4,0.0,0.0,completed
328,3104,2024-06-20 20:35:52.719936,169.73,2,9.99,0.0,completed
329,5207,2024-06-21 03:17:17.692837,657.25,5,4.99,131.45,completed
330,17788,2024-06-21 04:55:53.574260,639.79,4,9.99,0.0,completed
331,2983,2024-06-21 11:04:27.746077,1085.0,4,0.0,217.0,completed
332,7463,2024-06-21 18:36:31.086466,660.89,3,9.99,66.09,cancelled
333,13366,2024-06-21 20:30:35.821610,433.45,2,9.99,65.02,completed
334,5869,2024-06-22 12:53:47.617778,292.75,1,4.99,0.0,completed
335,5139,2024-06-23 07:47:06.507481,56.55,1,0.0,11.31,returned
336,9748,2024-06-23 23:41:07.584131,382.67,3,4.99,57.4,completed
337,4398,2024-06-24 00:11:40.897957,340.49,1,4.99,0.0,completed
338,4060,2024-06-24 10:59:00.757171,267.37,1,0.0,40.11,cancelled
339,13796,2024-06-25 02:38:17.615314,1032.21,4,9.99,0.0,completed
340,16559,2024-06-25 11:44:22.212752,952.04,4,4.99,0.0,completed
341,2814,2024-06-25 12:19:31.830154,188.04,2,9.99,37.61,cancelled
342,3972,2024-06-26 17:16:50.723832,312.22,2,9.99,0.0,completed
343,8377,2024-06-27 04:34:51.015838,377.05,2,9.99,0.0,completed
344,16830,2024-06-27 05:03:02.938476,654.23,4,9.99,65.42,completed
345,3790,2024-06-27 07:57:19.273726,745.7,3,4.99,0.0,completed
346,10728,2024-06-27 15:26:12.683989,511.2,2,0.0,0.0,completed
347,21204,2024-06-28 10:53:21.316005,32.36,1,9.99,4.85,completed
348,7398,2024-06-28 11:28:28.119215,277.4,2,4.99,41.61,completed
349,8741,2024-06-29 10:05:37.472275,480.01,4,4.99,96.0,cancelled
350,13262,2024-06-29 21:10:00.220085,593.8,2,4.99,59.38,cancelled
351,1630,2024-07-01 17:39:59.960957,312.63,1,0.0,31.26,completed
352,16698,2024-07-02 04:51:02.620339,215.27,1,9.99,0.0,completed
353,17928,2024-07-02 16:44:37.190436,335.72,1,9.99,33.57,cancelled
354,24512,2024-07-03 16:47:06.520564,861.85,4,9.99,0.0,completed
355,798,2024-07-04 05:37:45.529374,1249.05,5,9.99,0.0,cancelled
356,20894,2024-07-04 20:52:50.809552,865.4,4,0.0,86.54,returned
357,838,2024-07-05 20:10:22.367633,787.49,5,4.99,78.75,completed
358,15205,2024-07-06 18:58:41.241488,234.14,3,9.99,46.83,shipped
359,20226,2024-07-07 03:00:29.300274,997.63,4,9.99,199.53,completed
360,23188,2024-07-07 06:49:16.897248,481.26,2,0.0,0.0,completed
361,20040,2024-07-08 06:17:37.865774,314.16,1,4.99,0.0,completed
362,5174,2024-07-08 06:35:43.199098,837.84,4,4.99,167.57,cancelled
363,12664,2024-07-08 08:47:06.321761,693.6,3,4.99,0.0,completed
364,8547,2024-07-08 08:55:55.069254,503.9,2,9.99,0.0,completed
365,4114,2024-07-08 19:57:58.665379,121.01,1,0.0,0.0,cancelled
366,5052,2024-07-08 21:50:13.618968,1127.9,5,4.99,0.0,completed
367,20243,2024-07-09 11:43:14.392883,845.06,4,9.99,126.76,completed
368,7963,2024-07-09 20:12:40.544379,249.81,1,0.0,0.0,completed
369,11646,2024-07-10 00:58:19.213844,734.31,4,4.99,0.0,completed
370,468,2024-07-10 03:57:43.954141,851.04,5,9.99,127.66,completed
371,15976,2024-07-10 07:41:31.096327,946.19,5,0.0,189.24,completed
372,584,2024-07-10 13:12:06.712214,345.59,3,0.0,0.0,completed
373,15846,2024-07-10 20:44:02.558295,83.18,1,0.0,12.48,completed
374,7770,2024-07-11 02:21:09.833503,854.91,5,4.99,128.24,completed
375,19959,2024-07-11 15:43:10.735040,945.37,5,0.0,189.07,completed
376,8424,2024-07-11 17:57:53.011596,324.58,2,4.99,48.69,shipped
377,12062,2024-07-11 21:36:24.741060,699.42,5,0.0,0.0,completed
378,21304,2024-07-12 00:44:49.608261,672.01,2,0.0,100.8,shipped
379,468,2024-07-13 14:09:56.370879,149.29,2,9.99,0.0,shipped
380,14338,2024-07-13 17:44:58.650878,824.22,3,0.0,164.84,completed
381,10650,2024-07-14 21:37:29.207818,322.62,1,9.99,0.0,completed
382,14275,2024-07-15 14:14:21.705712,857.81,4,9.99,128.67,shipped
383,7770,2024-07-15 18:34:44.550140,501.41,2,9.99,100.28,completed
384,9259,2024-07-16 03:30:56.847010,653.54,4,9.99,0.0,cancelled
385,6560,2024-07-16 05:03:38.581712,185.21,1,9.99,0.0,completed
386,13758,2024-07-16 13:18:13.645899,286.2,2,4.99,42.93,completed
387,19851,2024-07-17 09:04:24.279255,241.14,1,0.0,0.0,returned
388,18751,2024-07-17 11:58:19.549838,306.83,1,9.99,0.0,cancelled
389,20011,2024-07-18 02:43:35.036848,124.5,1,9.99,12.45,cancelled
390,22374,2024-07-18 10:11:57.579026,21.84,1,0.0,0.0,cancelled
391,22020,2024-07-19 04:47:04.963752,15.67,1,4.99,2.35,completed
392,14231,2024-07-19 05:12:01.979401,94.6,2,0.0,0.0,shipped
393,19048,2024-07-19 09:31:24.354091,330.45,1,4.99,0.0,cancelled
394,2065,2024-07-19 10:41:33.065201,643.47,3,4.99,0.0,completed
395,13525,2024-07-19 19:08:07.282830,724.93,4,9.99,0.0,completed
396,5395,2024-07-19 23:42:25.473442,233.37,1,4.99,0.0,shipped
397,6781,2024-07-20 07:09:31.514796,866.71,5,4.99,0.0,cancelled
398,18644,2024-07-20 17:51:34.793237,1349.88,5,0.0,0.0,completed
399,11676,2024-07-21 00:01:25.049373,470.8,4,0.0,0.0,completed
400,2202,2024-07-21 17:06:16.569726,999.84,4,0.0,99.98,cancelled
401,23364,2024-07-21 20:15:55.135677,380.73,2,0.0,0.0,completed
402,281,2024-07-21 21:07:21.965126,570.77,3,4.99,0.0,completed
403,14796,2024-07-22 22:31:25.602962,174.87,1,4.99,26.23,returned
404,15976,2024-07-24 00:42:10.537461,820.62,5,0.0,164.12,completed
405,20703,2024-07-24 01:38:43.224765,1082.94,5,0.0,0.0,cancelled
406,2922,2024-07-24 06:31:54.662144,228.82,3,9.99,0.0,completed
407,15725,2024-07-24 06:48:07.681581,32.72,1,0.0,6.54,completed
408,18268,2024-07-24 14:25:21.481269,620.32,5,4.99,0.0,shipped
409,6556,2024-07-24 17:24:05.437986,766.74,4,4.99,115.01,completed
410,9651,2024-07-24 23:10:24.320395,987.13,4,4.99,0.0,completed
411,7150,2024-07-25 17:24:17.328789,1182.67,5,0.0,0.0,completed
412,6881,2024-07-25 17:46:47.338623,604.01,3,9.99,0.0,shipped
413,13472,2024-07-25 18:27:24.136690,288.82,2,9.99,0.0,completed
414,468,2024-07-25 19:58:39.658505,344.26,4,4.99,0.0,completed
415,14363,2024-07-26 17:35:56.599585,236.02,1,4.99,0.0,completed
416,8183,2024-07-27 00:12:19.523484,332.38,1,4.99,0.0,shipped
417,7277,2024-07-27 07:55:12.863426,332.26,3,9.99,66.45,cancelled
418,2722,2024-07-27 16:10:53.476581,1027.61,5,0.0,0.0,shipped
419,19852,2024-07-27 19:19:54.942560,48.58,1,4.99,4.86,completed
420,4209,2024-07-27 23:45:04.700542,142.86,1,0.0,28.57,returned
421,1031,2024-07-28 04:29:23.459302,659.41,3,9.99,98.91,completed
422,12448,2024-07-28 18:35:33.006511,1071.7,5,4.99,107.17,shipped
423,584,2024-07-30 09:03:32.714757,507.76,2,9.99,0.0,shipped
424,3149,2024-07-31 07:34:37.616555,639.47,5,4.99,95.92,completed
425,14576,2024-07-31 23:05:02.595765,158.04,1,0.0,0.0,completed
426,20779,2024-08-01 03:46:21.355093,505.99,3,0.0,0.0,completed
427,16563,2024-08-01 11:46:16.687807,890.02,4,9.99,0.0,shipped
428,6683,2024-08-02 06:52:29.163988,442.43,2,0.0,44.24,shipped
429,3614,2024-08-02 08:53:37.515983,335.16,2,0.0,0.0,shipped
430,9651,2024-08-02 11:58:32.051968,656.47,5,9.99,131.29,completed
431,24857,2024-08-02 23:39:29.261868,260.4,1,0.0,0.0,cancelled
432,19061,2024-08-02 23:45:15.259108,269.88,1,9.99,0.0,cancelled
433,4778,2024-08-03 10:42:24.545640,56.73,1,9.99,0.0,completed
434,12913,2024-08-03 12:27:50.466083,714.06,5,4.99,142.81,completed
435,5122,2024-08-03 16:28:43.879310,312.22,2,0.0,0.0,cancelled
436,17875,2024-08-03 18:39:30.164317,622.05,4,4.99,62.2,completed
437,24538,2024-08-03 21:56:48.878733,82.33,1,9.99,16.47,completed
438,14007,2024-08-04 22:44:46.323380,326.31,3,0.0,48.95,cancelled
439,21286,2024-08-04 22:53:48.742371,339.93,2,0.0,50.99,cancelled
440,16721,2024-08-05 11:55:04.009732,461.84,2,9.99,0.0,completed
441,1215,2024-08-05 19:13:50.151212,330.45,1,9.99,49.57,completed
442,18940,2024-08-06 00:21:09.626055,251.7,2,0.0,37.75,completed
443,9050,2024-08-06 08:17:45.072511,313.92,2,4.99,0.0,completed
444,9028,2024-08-07 03:24:40.826902,93.68,1,0.0,14.05,completed
445,13472,2024-08-07 14:21:49.452997,1073.4,5,9.99,0.0,completed
446,20434,2024-08-08 01:32:37.860385,292.07,1,4.99,0.0,completed
447,3248,2024-08-08 02:32:23.635631,612.78,4,0.0,91.92,completed
448,5263,2024-08-08 06:31:54.728305,385.39,2,0.0,38.54,completed
449,5870,2024-08-08 07:04:21.711133,499.31,3,0.0,0.0,shipped
450,6683,2024-08-09 05:05:32.688974,511.32,2,4.99,51.13,completed
451,10076,2024-08-09 18:24:58.651216,342.65,2,4.99,0.0,returned
452,10356,2024-08-09 18:30:37.786447,827.21,5,9.99,0.0,cancelled
453,11780,2024-08-09 21:42:26.291882,441.24,3,9.99,0.0,completed
454,9036,2024-08-10 17:59:03.678864,327.68,2,0.0,65.54,completed
455,4751,2024-08-10 20:59:14.339926,1205.88,5,4.99,241.18,completed
456,24504,2024-08-11 15:57:35.188334,712.22,4,4.99,71.22,completed
457,12615,2024-08-12 01:01:11.637686,700.96,4,0.0,140.19,completed
458,19571,2024-08-12 08:55:10.629869,534.43,2,4.99,0.0,completed
459,1031,2024-08-13 04:08:05.234324,899.7,5,0.0,134.96,completed
460,969,2024-08-13 11:29:58.539742,65.31,2,4.99,13.06,completed
461,5493,2024-08-13 21:29:59.033955,618.31,3,4.99,123.66,cancelled
462,19400,2024-08-14 03:31:31.710477,138.19,1,4.99,0.0,returned
463,12741,2024-08-14 07:31:52.123399,179.58,1,0.0,17.96,completed
464,945,2024-08-15 00:07:15.242354,411.96,4,9.99,0.0,cancelled
465,11548,2024-08-15 04:49:13.683043,96.33,1,9.99,0.0,shipped
466,20526,2024-08-15 17:06:02.646337,891.57,4,4.99,0.0,completed
467,733,2024-08-15 20:00:36.345832,531.04,4,0.0,0.0,completed
468,24811,2024-08-16 23:28:36.617198,1058.6,4,9.99,0.0,completed
469,23061,2024-08-17 00:46:27.096930,333.34,1,0.0,33.33,completed
470,17875,2024-08-17 14:37:02.335642,998.26,5,0.0,0.0,cancelled
471,4398,2024-08-17 23:35:29.534000,1101.84,5,0.0,110.18,completed
472,5437,2024-08-19 06:08:04.296776,210.42,1,0.0,42.08,returned
473,4689,2024-08-20 03:58:27.518031,15.31,1,0.0,2.3,completed
474,5541,2024-08-20 04:05:06.894634,143.57,1,9.99,0.0,shipped
475,18939,2024-08-20 08:05:57.526308,536.37,3,0.0,80.46,completed
476,9972,2024-08-21 01:29:03.409162,157.94,1,4.99,0.0,cancelled
477,6779,2024-08-21 07:48:13.383892,579.54,5,9.99,0.0,completed
478,8263,2024-08-22 06:30:36.324933,515.41,3,4.99,51.54,shipped
479,280,2024-08-22 10:31:24.911637,461.93,3,9.99,92.39,returned
480,24578,2024-08-22 23:37:45.087384,143.27,1,0.0,0.0,completed
481,24639,2024-08-23 10:15:43.648424,791.86,3,9.99,79.19,completed
482,4525,2024-08-23 16:13:24.871964,879.48,4,0.0,131.92,cancelled
483,3090,2024-08-23 17:58:55.269284,323.31,1,9.99,64.66,completed
484,1272,2024-08-23 23:33:53.896335,651.38,2,0.0,0.0,completed
485,20317,2024-08-24 18:36:52.832716,356.36,2,0.0,35.64,completed
486,20301,2024-08-24 23:04:33.956927,1030.14,4,4.99,0.0,completed
487,20779,2024-08-25 01:29:46.527683,537.54,3,4.99,0.0,completed
488,11662,2024-08-25 07:32:57.560738,608.63,3,9.99,60.86,completed
489,13338,2024-08-25 23:46:14.152582,661.18,5,4.99,0.0,shipped
490,24854,2024-08-26 02:13:20.465638,958.47,5,9.99,191.69,completed
491,24866,2024-08-26 07:43:51.218432,353.14,2,4.99,0.0,completed
492,3592,2024-08-26 08:21:30.471714,489.7,3,4.99,0.0,completed
493,13495,2024-08-27 03:32:43.361044,630.35,4,9.99,0.0,completed
494,78,2024-08-27 09:21:14.140651,795.42,4,0.0,119.31,completed
495,18270,2024-08-28 03:45:34.004028,67.92,1,9.99,6.79,completed
496,16903,2024-08-29 03:58:26.180880,164.02,1,0.0,0.0,completed
497,1404,2024-08-29 08:38:10.362060,727.4,5,0.0,145.48,shipped
498,1813,2024-08-29 08:55:16.545377,283.92,2,4.99,56.78,completed
499,1290,2024-08-29 09:05:49.878591,1032.27,5,0.0,0.0,shipped
500,5705,2024-08-29 17:31:49.572142,165.8,2,9.99,33.16,cancelled
501,9217,2024-08-30 05:05:17.174949,870.01,4,4.99,87.0,completed
502,24653,2024-08-30 05:58:20.652201,243.8,2,0.0,0.0,completed
503,24538,2024-08-30 08:10:50.534150,235.82,1,9.99,0.0,cancelled
504,1845,2024-08-30 08:24:25.392934,242.27,1,0.0,36.34,completed
505,8399,2024-08-30 14:44:02.410314,341.7,2,4.99,51.25,completed
506,12132,2024-08-30 21:10:31.028369,209.69,4,9.99,0.0,completed
507,22102,2024-08-30 21:15:16.488713,273.46,3,9.99,0.0,completed
508,1514,2024-08-31 00:07:54.070084,585.19,4,4.99,0.0,completed
509,20021,2024-08-31 05:47:42.644951,773.97,5,9.99,0.0,completed
510,17928,2024-08-31 11:27:45.474635,788.35,3,4.99,78.84,cancelled
511,402,2024-08-31 14:55:47.254577,178.5,1,4.99,35.7,completed
512,21017,2024-08-31 22:11:39.299256,537.32,3,9.99,0.0,completed
513,15801,2024-08-31 22:17:20.123450,463.08,2,4.99,69.46,cancelled
514,715,2024-09-01 01:54:01.264469,113.34,1,0.0,0.0,completed
515,8314,2024-09-01 02:15:28.601134,962.68,3,9.99,0.0,completed
516,9183,2024-09-01 04:07:11.045397,1271.64,5,0.0,0.0,completed
517,22864,2024-09-01 09:38:17.374644,319.31,2,9.99,0.0,shipped
518,10548,2024-09-01 10:01:41.793744,809.86,5,0.0,80.99,completed
519,9990,2024-09-02 03:50:30.719028,968.83,4,9.99,0.0,completed
520,8644,2024-09-02 12:27:02.089961,594.46,2,0.0,118.89,completed
521,4323,2024-09-02 16:39:30.876949,998.09,5,9.99,0.0,completed
522,2990,2024-09-02 19:27:13.225531,107.31,1,9.99,10.73,completed
523,20035,2024-09-02 19:45:07.326211,174.76,1,4.99,34.95,shipped
524,22306,2024-09-02 19:52:43.998353,196.07,1,0.0,0.0,completed
525,1562,2024-09-02 22:39:58.229729,666.68,5,0.0,133.34,completed
526,22102,2024-09-03 09:25:43.090328,51.76,1,9.99,0.0,completed
527,8710,2024-09-03 12:41:17.595494,475.13,5,4.99,0.0,completed
528,16025,2024-09-03 20:00:56.813930,273.84,2,4.99,27.38,completed
529,21978,2024-09-05 01:17:39.065341,772.03,5,0.0,77.2,completed
530,6567,2024-09-06 00:13:49.327084,205.24,1,0.0,20.52,completed
531,8314,2024-09-06 01:10:27.129285,849.95,5,9.99,0.0,completed
532,21583,2024-09-06 01:15:12.322681,435.69,2,0.0,0.0,completed
533,9562,2024-09-06 03:59:43.992234,434.94,2,9.99,43.49,completed
534,19688,2024-09-06 09:55:15.110253,663.79,4,4.99,66.38,returned
535,13745,2024-09-07 06:55:55.043311,608.92,3,0.0,0.0,shipped
536,20297,2024-09-07 20:22:01.538274,843.82,5,9.99,84.38,completed
537,13511,2024-09-08 00:37:21.413089,870.87,5,0.0,87.09,completed
538,23569,2024-09-08 06:17:51.870351,749.73,5,9.99,74.97,completed
539,15468,2024-09-08 15:47:24.622299,642.96,2,4.99,96.44,returned
540,18216,2024-09-08 16:29:50.569673,205.35,1,9.99,41.07,completed
541,12190,2024-09-08 22:58:00.154837,953.58,5,9.99,95.36,shipped
542,1873,2024-09-08 23:30:50.818709,269.05,1,9.99,0.0,shipped
543,5524,2024-09-09 07:31:05.832024,948.12,4,0.0,142.22,completed
544,19307,2024-09-09 08:00:38.167692,1111.56,5,9.99,0.0,completed
545,20174,2024-09-10 02:08:49.740281,775.77,5,9.99,0.0,completed
546,402,2024-09-10 05:49:14.529728,957.82,4,4.99,95.78,completed
547,21609,2024-09-10 06:47:36.226604,1126.6,5,0.0,0.0,cancelled
548,7828,2024-09-10 11:03:37.369402,387.2,2,4.99,0.0,completed
549,10450,2024-09-10 14:40:02.228617,618.85,2,4.99,0.0,completed
550,15474,2024-09-10 17:38:09.002429,902.25,5,9.99,0.0,completed
551,19674,2024-09-11 09:13:00.985435,207.69,1,4.99,0.0,completed
552,8047,2024-09-11 13:48:14.976605,515.72,2,9.99,0.0,completed
553,11668,2024-09-12 01:19:21.182816,809.36,3,4.99,80.94,completed
554,12556,2024-09-13 07:49:02.025077,505.57,2,0.0,101.11,completed
555,5545,2024-09-13 08:25:03.043954,166.67,1,0.0,33.33,completed
556,18984,2024-09-13 19:13:18.619647,179.28,2,0.0,0.0,completed
557,11101,2024-09-14 00:39:18.747918,247.24,1,9.99,0.0,completed
558,14339,2024-09-15 20:27:01.636742,448.84,3,4.99,0.0,cancelled
559,3434,2024-09-15 22:59:54.623376,1192.68,5,9.99,0.0,cancelled
560,11744,2024-09-16 09:31:53.152864,285.21,1,4.99,28.52,completed
561,22234,2024-09-17 06:10:36.532924,573.44,2,9.99,0.0,shipped
562,11391,2024-09-17 09:24:06.028815,127.13,1,0.0,12.71,shipped
563,16253,2024-09-18 00:12:35.531790,828.17,5,9.99,165.63,completed
564,836,2024-09-18 00:44:29.284888,449.47,2,4.99,89.89,shipped
565,194,2024-09-18 02:46:55.980018,1043.0,5,4.99,0.0,completed
566,11593,2024-09-18 16:38:23.994345,462.48,2,9.99,92.5,completed
567,4900,2024-09-19 04:53:13.336831,205.56,2,9.99,20.56,completed
568,16095,2024-09-19 18:28:58.936960,314.44,2,4.99,47.17,cancelled
569,23635,2024-09-20 10:34:38.265409,427.62,2,0.0,0.0,completed
570,2805,2024-09-20 18:49:18.815480,494.83,2,4.99,74.22,completed
571,21307,2024-09-20 19:45:13.922016,1241.44,5,4.99,124.14,completed
572,18744,2024-09-21 03:16:12.235466,816.17,3,0.0,0.0,cancelled
573,11237,2024-09-21 20:28:22.913105,470.71,4,9.99,47.07,completed
574,7992,2024-09-21 21:47:17.816741,624.42,4,9.99,124.88,completed
575,22858,2024-09-22 03:18:47.578677,99.05,1,4.99,0.0,completed
576,7027,2024-09-22 17:00:48.528810,587.02,2,9.99,0.0,shipped
577,11859,2024-09-23 03:36:59.050028,559.84,2,0.0,0.0,completed
578,14714,2024-09-23 06:41:07.266982,316.66,1,4.99,31.67,completed
579,24939,2024-09-23 11:44:39.293188,1245.74,5,0.0,0.0,completed
580,13199,2024-09-24 03:49:23.280371,690.61,5,4.99,0.0,completed
581,12056,2024-09-24 05:10:32.202209,431.89,2,4.99,43.19,cancelled
582,21038,2024-09-24 07:03:58.327278,1057.38,4,0.0,105.74,completed
583,24273,2024-09-24 08:29:47.854957,444.23,2,9.99,66.63,shipped
584,1312,2024-09-24 11:34:40.897905,643.81,4,0.0,96.57,completed
585,9044,2024-09-24 16:45:46.653227,491.45,2,0.0,73.72,completed
586,8913,2024-09-25 01:22:18.320843,324.91,2,4.99,64.98,completed
587,8314,2024-09-25 03:52:40.577327,354.25,2,9.99,53.14,shipped
588,16283,2024-09-25 09:26:22.451337,454.83,3,4.99,0.0,completed
589,14058,2024-09-25 09:59:36.861136,470.66,2,9.99,0.0,completed
590,11964,2024-09-25 12:38:11.933118,184.44,1,4.99,27.67,shipped
591,22615,2024-09-26 20:45:40.272227,292.37,2,0.0,43.86,completed
592,10947,2024-09-27 03:32:06.296402,984.38,5,9.99,196.88,completed
593,9791,2024-09-27 17:42:29.955204,108.02,2,9.99,0.0,completed
594,21466,2024-09-27 18:48:49.835392,704.23,5,9.99,70.42,returned
595,11122,2024-09-27 19:15:47.544702,284.59,1,9.99,0.0,completed
596,24763,2024-09-27 20:45:15.422220,219.81,1,0.0,32.97,returned
597,1342,2024-09-28 01:45:41.878537,736.93,5,0.0,0.0,completed
598,1813,2024-09-28 05:00:02.316093,492.36,3,4.99,0.0,cancelled
599,13460,2024-09-28 05:14:15.336562,950.47,4,4.99,0.0,shipped
600,14264,2024-09-28 22:21:26.345784,1290.56,5,4.99,0.0,completed
601,21887,2024-09-29 05:13:12.884283,803.54,4,0.0,160.71,completed
602,6840,2024-09-29 12:52:56.505952,1056.23,4,0.0,0.0,completed
603,11180,2024-09-29 18:28:11.506254,98.51,1,9.99,0.0,completed
604,24725,2024-09-30 09:52:34.543705,203.59,1,4.99,0.0,completed
605,10986,2024-09-30 14:27:45.622597,833.77,4,4.99,166.75,completed
606,13001,2024-09-30 22:55:01.001472,135.39,1,4.99,27.08,completed
607,14367,2024-09-30 23:53:42.060749,196.41,1,4.99,19.64,completed
608,3765,2024-10-01 02:23:39.891476,296.77,1,0.0,0.0,completed
609,10408,2024-10-01 03:02:05.446742,607.81,4,4.99,0.0,shipped
610,14087,2024-10-01 09:15:09.946147,688.73,4,0.0,103.31,completed
611,13524,2024-10-01 11:23:05.214376,88.45,1,0.0,0.0,returned
612,21095,2024-10-01 23:46:37.554965,692.3,4,9.99,0.0,returned
613,21100,2024-10-02 14:00:49.575565,53.48,1,9.99,10.7,cancelled
614,9172,2024-10-02 20:49:19.194768,509.57,4,4.99,0.0,shipped
615,3070,2024-10-03 00:52:27.243108,343.02,1,9.99,68.6,cancelled
616,3868,2024-10-03 07:23:47.065146,760.06,4,9.99,0.0,returned
617,20267,2024-10-03 12:55:12.296963,297.86,1,0.0,0.0,completed
618,757,2024-10-03 13:03:11.594009,627.31,5,9.99,94.1,completed
619,21629,2024-10-03 16:38:06.559047,364.04,2,0.0,0.0,cancelled
620,6490,2024-10-04 09:10:49.721777,823.1,3,0.0,0.0,returned
621,23627,2024-10-04 16:22:41.659267,515.32,3,4.99,0.0,completed
622,11668,2024-10-05 04:04:20.605863,710.07,5,9.99,0.0,completed
623,4029,2024-10-05 14:27:27.255557,952.5,5,0.0,95.25,completed
624,1492,2024-10-06 04:28:20.448534,337.87,2,0.0,33.79,completed
625,14478,2024-10-07 09:28:19.110605,970.76,5,4.99,145.61,shipped
626,8118,2024-10-07 14:17:04.568172,259.64,1,9.99,38.95,completed
627,20894,2024-10-08 01:45:29.306539,589.19,3,4.99,88.38,completed
628,24682,2024-10-08 07:24:23.867548,262.8,1,0.0,39.42,completed
629,5167,2024-10-08 07:35:01.842190,237.68,1,9.99,35.65,completed
630,22943,2024-10-08 13:59:54.053030,358.8,2,9.99,71.76,completed
631,2675,2024-10-09 15:38:53.260447,945.09,4,4.99,0.0,completed
632,13127,2024-10-09 19:28:13.450217,594.2,3,4.99,59.42,completed
633,11425,2024-10-10 02:43:18.395938,481.09,3,0.0,72.16,completed
634,16892,2024-10-10 20:16:20.082767,776.1,5,0.0,0.0,shipped
635,5756,2024-10-11 00:16:47.368166,675.9,4,9.99,135.18,completed
636,23406,2024-10-11 01:16:55.194429,371.39,2,9.99,37.14,completed
637,14674,2024-10-11 11:21:25.280587,185.57,1,9.99,18.56,completed
638,3584,2024-10-11 16:40:52.323697,583.73,4,4.99,116.75,completed
639,1564,2024-10-11 20:53:19.465986,588.87,3,0.0,0.0,cancelled
640,2041,2024-10-12 00:01:11.052647,481.25,2,0.0,0.0,completed
641,15957,2024-10-12 00:35:21.449719,923.66,5,9.99,0.0,shipped
642,20903,2024-10-12 01:53:10.585004,76.58,1,4.99,0.0,shipped
643,8314,2024-10-12 02:48:16.551013,324.68,2,4.99,64.94,cancelled
644,6811,2024-10-12 10:09:36.637403,550.05,4,0.0,110.01,completed
645,17053,2024-10-12 15:21:40.853654,101.57,1,0.0,10.16,completed
646,7746,2024-10-12 23:18:28.670631,654.29,3,9.99,0.0,completed
647,3490,2024-10-12 23:20:04.394131,409.01,2,9.99,0.0,completed
648,4015,2024-10-13 03:26:04.377024,398.12,2,9.99,0.0,completed
649,5504,2024-10-13 08:45:14.032144,652.01,3,0.0,130.4,completed
650,4556,2024-10-14 08:49:22.449693,310.52,1,4.99,62.1,completed
651,3974,2024-10-15 11:12:05.936000,943.5,5,9.99,0.0,completed
652,16707,2024-10-16 19:39:17.479606,83.45,1,9.99,8.35,completed
653,9036,2024-10-16 19:42:51.816260,685.29,4,9.99,102.79,completed
654,10643,2024-10-17 05:44:44.269219,538.77,3,0.0,80.82,completed
655,6947,2024-10-17 23:18:04.345339,179.0,1,9.99,35.8,completed
656,5093,2024-10-18 13:35:23.296637,268.19,2,4.99,0.0,completed
657,20896,2024-10-18 14:58:57.306995,84.35,2,9.99,12.65,completed
658,5887,2024-10-19 07:51:28.304092,575.22,4,4.99,57.52,completed
659,2280,2024-10-19 16:18:22.565751,773.02,4,0.0,154.6,completed
660,11514,2024-10-20 03:21:55.242274,1077.95,5,9.99,161.69,cancelled
661,13818,2024-10-20 04:50:14.319367,600.15,4,0.0,90.02,shipped
662,8665,2024-10-20 13:35:45.839696,826.29,3,0.0,0.0,completed
663,12384,2024-10-20 18:26:55.762129,880.0,5,4.99,0.0,completed
664,6305,2024-10-20 23:16:35.934371,894.54,5,0.0,178.91,completed
665,5520,2024-10-20 23:17:50.631726,672.7,4,4.99,100.91,completed
666,18216,2024-10-21 02:42:43.417410,219.07,1,9.99,43.81,completed
667,8877,2024-10-21 06:38:32.356250,489.2,3,0.0,0.0,completed
668,22430,2024-10-21 11:23:00.208940,211.15,2,9.99,31.67,completed
669,12003,2024-10-21 12:54:03.514295,510.24,3,4.99,0.0,cancelled
670,14639,2024-10-21 12:57:31.151914,123.61,1,9.99,12.36,completed
671,8088,2024-10-21 13:08:41.203180,515.78,2,0.0,0.0,completed
672,24087,2024-10-21 22:15:36.979758,865.81,3,9.99,129.87,completed
673,4999,2024-10-22 01:14:56.776331,789.04,3,9.99,157.81,completed
674,21931,2024-10-22 11:36:49.558176,321.36,1,0.0,32.14,completed
675,3559,2024-10-22 13:14:04.369496,285.38,1,0.0,0.0,completed
676,18620,2024-10-22 17:07:23.268838,995.36,5,0.0,0.0,completed
677,11964,2024-10-22 18:00:20.472489,465.86,4,4.99,69.88,completed
678,19357,2024-10-22 22:25:22.235764,235.95,3,0.0,0.0,shipped
679,18483,2024-10-23 06:17:22.045622,335.46,2,9.99,0.0,completed
680,20348,2024-10-23 09:29:28.015668,755.74,5,9.99,0.0,completed
681,19591,2024-10-24 13:36:53.366374,221.51,2,4.99,0.0,completed
682,10202,2024-10-24 21:08:43.255314,683.54,4,9.99,0.0,completed
683,8247,2024-10-25 02:11:13.543869,241.97,1,0.0,48.39,completed
684,306,2024-10-25 02:15:50.192626,977.75,5,0.0,0.0,completed
685,2825,2024-10-25 12:44:40.867089,1097.33,5,0.0,219.47,completed
686,2187,2024-10-25 18:55:18.301098,164.96,1,0.0,0.0,completed
687,12186,2024-10-25 19:15:21.097659,567.3,4,4.99,0.0,completed
688,17263,2024-10-26 15:30:36.918241,348.5,1,9.99,34.85,completed
689,757,2024-10-26 18:23:53.990226,397.39,2,9.99,0.0,completed
690,20657,2024-10-27 01:27:16.550275,584.31,3,9.99,58.43,cancelled
691,24890,2024-10-27 13:02:15.157596,784.39,4,4.99,156.88,completed
692,14747,2024-10-27 15:10:16.583820,604.07,3,9.99,60.41,completed
693,12741,2024-10-27 16:50:03.971610,1119.59,4,0.0,0.0,shipped
694,22121,2024-10-27 23:05:38.789673,274.21,1,9.99,41.13,completed
695,7434,2024-10-28 08:20:05.169895,383.07,2,4.99,76.61,completed
696,4079,2024-10-28 09:35:48.705193,553.51,5,4.99,0.0,completed
697,6876,2024-10-29 06:28:36.556172,902.34,4,0.0,0.0,shipped
698,15378,2024-10-29 21:05:20.447221,873.04,3,9.99,0.0,completed
699,18377,2024-10-29 23:16:11.326670,798.07,4,0.0,0.0,completed
700,8533,2024-10-31 01:25:35.646579,239.29,2,0.0,47.86,cancelled
701,16842,2024-10-31 03:08:52.519490,801.9,5,0.0,160.38,cancelled
702,19192,2024-10-31 22:00:51.252952,657.65,5,0.0,0.0,completed
703,11173,2024-11-01 15:42:16.410993,524.54,3,0.0,0.0,shipped
704,20032,2024-11-01 20:39:19.847491,957.86,5,0.0,95.79,completed
705,19719,2024-11-02 02:26:03.100694,344.24,1,9.99,0.0,completed
706,19815,2024-11-02 12:32:49.594488,758.3,4,0.0,113.74,completed
707,13136,2024-11-03 04:06:46.469737,314.04,1,9.99,62.81,completed
708,19903,2024-11-03 06:30:35.793763,535.94,5,4.99,0.0,completed
709,10403,2024-11-03 18:44:30.018201,1002.41,5,0.0,0.0,shipped
710,21645,2024-11-04 03:48:11.257854,788.75,4,0.0,157.75,completed
711,4015,2024-11-04 17:04:23.341245,324.76,2,4.99,0.0,shipped
712,18194,2024-11-04 21:03:10.656780,422.34,4,9.99,63.35,cancelled
713,19815,2024-11-05 10:05:12.012855,71.79,1,9.99,14.36,completed
714,11325,2024-11-05 14:21:03.391044,937.35,5,4.99,187.47,completed
715,24163,2024-11-06 07:24:46.153623,296.96,1,4.99,29.7,shipped
716,8981,2024-11-06 20:00:24.060843,436.44,2,0.0,0.0,cancelled
717,14339,2024-11-07 00:00:10.766249,46.13,1,9.99,9.23,completed
718,23918,2024-11-07 04:12:19.524384,648.1,3,4.99,129.62,completed
719,7788,2024-11-07 08:16:59.745787,233.78,3,4.99,0.0,cancelled
720,23877,2024-11-07 17:59:42.823643,971.82,4,0.0,0.0,completed
721,18270,2024-11-07 21:12:56.065202,137.75,1,9.99,20.66,completed
722,20420,2024-11-07 22:12:43.783747,348.9,2,9.99,34.89,completed
723,10338,2024-11-07 22:24:17.504195,1019.76,5,4.99,0.0,completed
724,8040,2024-11-08 05:27:00.988523,197.4,1,0.0,39.48,shipped
725,14944,2024-11-08 06:41:29.134557,200.33,1,9.99,40.07,completed
726,18315,2024-11-08 09:22:42.065859,144.13,1,9.99,28.83,completed
727,7457,2024-11-08 12:45:08.743288,652.3,4,0.0,130.46,shipped
728,1815,2024-11-08 12:55:04.082598,772.55,5,9.99,0.0,completed
729,15011,2024-11-08 13:43:03.934596,816.22,4,0.0,0.0,cancelled
730,822,2024-11-08 13:46:24.288836,412.19,2,9.99,0.0,shipped
731,4482,2024-11-08 22:29:03.036232,159.67,2,4.99,0.0,completed
732,23361,2024-11-09 22:46:50.435402,856.09,5,9.99,128.41,completed
733,4599,2024-11-10 02:33:53.371086,518.26,5,9.99,0.0,completed
734,13859,2024-11-10 08:41:51.834545,368.3,2,9.99,36.83,completed
735,8122,2024-11-10 10:02:28.777599,446.21,2,0.0,89.24,cancelled
736,21890,2024-11-10 11:59:14.641780,917.55,4,4.99,183.51,completed
737,5371,2024-11-10 18:29:06.345801,1022.47,5,9.99,0.0,returned
738,5884,2024-11-11 07:46:18.422933,165.91,2,0.0,24.89,shipped
739,196,2024-11-11 08:23:08.776146,764.73,3,0.0,114.71,completed
740,23198,2024-11-11 11:54:37.455976,169.22,2,0.0,0.0,completed
741,25000,2024-11-11 17:20:30.971314,727.26,3,0.0,0.0,completed
742,5632,2024-11-12 05:42:55.519713,820.84,5,9.99,123.13,completed
743,1348,2024-11-13 03:05:18.004854,773.34,3,9.99,77.33,completed
744,22962,2024-11-13 06:37:19.925114,348.79,1,4.99,0.0,cancelled
745,14390,2024-11-14 00:37:20.381399,621.45,2,0.0,62.15,completed
746,4509,2024-11-14 23:34:09.481297,531.24,3,9.99,0.0,completed
747,24218,2024-11-15 00:09:33.773058,439.52,3,4.99,65.93,completed
748,24451,2024-11-15 03:29:20.048264,992.47,5,0.0,0.0,returned
749,9343,2024-11-15 21:18:05.834468,1104.15,5,9.99,220.83,completed
750,8750,2024-11-16 15:07:41.305213,528.28,2,4.99,0.0,cancelled
751,13250,2024-11-16 20:35:37.820435,1059.41,5,0.0,0.0,completed
752,20977,2024-11-17 00:54:00.470482,386.69,4,0.0,77.34,completed
753,6791,2024-11-17 01:30:36.545497,434.37,3,9.99,0.0,completed
754,780,2024-11-17 08:50:59.720809,358.27,2,4.99,71.65,completed
755,21978,2024-11-18 11:16:09.092428,534.52,3,4.99,0.0,completed
756,10076,2024-11-18 13:12:15.777184,186.31,2,0.0,0.0,completed
757,12233,2024-11-19 01:25:36.279396,917.32,4,0.0,0.0,completed
758,12439,2024-11-19 13:15:04.580794,1366.08,5,0.0,204.91,completed
759,23013,2024-11-20 01:33:05.074858,484.44,3,0.0,96.89,completed
760,10121,2024-11-20 04:20:16.193110,1136.85,5,9.99,0.0,completed
761,17378,2024-11-20 05:27:58.433982,513.65,5,4.99,51.37,completed
762,15805,2024-11-20 11:41:04.434901,721.78,4,0.0,108.27,completed
763,14273,2024-11-20 17:59:16.360023,684.43,3,9.99,136.89,shipped
764,21343,2024-11-21 02:12:00.138450,506.17,3,9.99,50.62,completed
765,12631,2024-11-21 12:14:51.866514,308.08,1,4.99,61.62,completed
766,21341,2024-11-21 23:24:19.386069,843.05,3,9.99,84.31,shipped
767,12733,2024-11-21 23:27:50.711118,91.68,2,0.0,0.0,shipped
768,20556,2024-11-22 00:32:00.335987,315.51,1,0.0,47.33,completed
769,1883,2024-11-22 04:40:29.843485,704.05,5,4.99,105.61,completed
770,6784,2024-11-22 06:36:18.865379,77.41,1,4.99,11.61,completed
771,18181,2024-11-22 08:57:59.746153,688.71,3,9.99,68.87,completed
772,22592,2024-11-22 12:02:15.338334,390.6,2,9.99,78.12,shipped
773,8243,2024-11-22 17:30:59.195008,812.76,4,4.99,0.0,completed
774,2026,2024-11-22 19:16:57.455968,584.29,4,0.0,87.64,completed
775,4068,2024-11-22 20:39:55.443890,242.98,1,9.99,0.0,completed
776,188,2024-11-23 01:18:54.332355,190.26,1,0.0,28.54,completed
777,11944,2024-11-23 10:23:11.220092,587.55,4,0.0,0.0,completed
778,21629,2024-11-23 17:59:39.462221,1005.37,4,9.99,150.81,completed
779,4649,2024-11-23 21:00:57.863735,949.89,5,4.99,0.0,completed
780,21678,2024-11-24 06:40:54.911436,117.29,1,4.99,23.46,completed
781,13127,2024-11-24 15:17:40.930840,233.31,1,9.99,0.0,completed
782,8322,2024-11-24 19:52:00.350174,336.7,3,4.99,50.5,completed
783,1873,2024-11-24 20:27:58.879847,171.46,1,9.99,34.29,completed
784,9605,2024-11-24 21:46:58.962662,1077.23,5,0.0,0.0,shipped
785,6556,2024-11-25 04:07:18.552760,1112.6,5,9.99,0.0,completed
786,15303,2024-11-25 06:10:45.331994,619.87,4,0.0,0.0,returned
787,12584,2024-11-25 08:28:53.913447,132.21,1,0.0,0.0,cancelled
788,14264,2024-11-25 12:03:02.799753,36.06,1,4.99,7.21,shipped
789,11322,2024-11-25 16:23:17.194330,267.73,1,9.99,0.0,cancelled
790,5602,2024-11-25 17:15:06.227166,892.17,4,9.99,133.83,completed
791,20960,2024-11-25 23:36:49.589957,567.63,5,9.99,0.0,completed
792,1312,2024-11-26 00:07:04.639314,538.64,2,0.0,53.86,completed
793,10449,2024-11-26 00:45:08.615304,704.01,5,9.99,0.0,cancelled
794,1207,2024-11-26 06:05:18.713712,1310.92,5,0.0,196.64,shipped
795,13591,2024-11-26 07:49:25.753211,430.08,4,0.0,0.0,shipped
796,13668,2024-11-26 18:54:07.413571,101.74,1,9.99,10.17,completed
797,22190,2024-11-27 06:57:35.710521,82.52,1,4.99,0.0,completed
798,13213,2024-11-27 08:12:08.735250,924.53,3,4.99,184.91,completed
799,4720,2024-11-27 17:07:21.364198,218.27,2,0.0,32.74,completed
800,5488,2024-11-27 19:14:53.082619,585.86,3,9.99,87.88,shipped
801,14470,2024-11-28 16:55:40.724407,986.07,5,0.0,0.0,completed
802,18391,2024-11-29 03:48:35.756501,188.65,1,4.99,28.3,cancelled
803,3544,2024-11-29 08:31:56.401639,515.23,3,4.99,51.52,completed
804,7924,2024-11-29 15:15:14.685072,101.36,1,0.0,20.27,shipped
805,1653,2024-11-30 11:56:47.252956,839.89,5,0.0,0.0,completed
806,19669,2024-11-30 14:53:10.908178,18.35,1,0.0,0.0,completed
807,12384,2024-11-30 15:40:27.678322,317.71,2,4.99,0.0,completed
808,22149,2024-11-30 21:35:09.582245,366.63,2,9.99,73.33,completed
809,4391,2024-12-01 06:50:54.882818,773.9,3,4.99,0.0,completed
810,7218,2024-12-01 20:52:05.117853,257.63,2,9.99,0.0,completed
811,7479,2024-12-01 21:09:42.511890,1235.92,5,4.99,0.0,completed
812,4807,2024-12-02 00:09:28.477925,965.48,5,4.99,96.55,completed
813,19517,2024-12-02 03:38:09.923670,847.31,5,0.0,127.1,completed
814,6323,2024-12-02 15:41:00.808241,216.47,1,4.99,0.0,completed
815,16297,2024-12-02 18:05:19.169332,285.95,2,4.99,57.19,completed
816,660,2024-12-02 20:06:29.283865,753.79,4,9.99,75.38,completed
817,19774,2024-12-03 00:50:50.206210,128.12,1,4.99,19.22,completed
818,5330,2024-12-03 06:43:29.900440,789.28,5,0.0,0.0,cancelled
819,24188,2024-12-03 08:35:31.763347,563.05,4,9.99,56.3,completed
820,11626,2024-12-03 10:01:01.116385,993.14,4,0.0,198.63,completed
821,19773,2024-12-03 11:49:26.788178,130.9,2,4.99,0.0,completed
822,21724,2024-12-03 17:46:55.316611,716.89,5,9.99,71.69,completed
823,12484,2024-12-03 22:38:12.887818,322.26,1,9.99,48.34,completed
824,1741,2024-12-04 00:02:11.205045,85.38,1,9.99,0.0,completed
825,17572,2024-12-04 07:56:22.382286,305.15,2,0.0,0.0,completed
826,19669,2024-12-04 19:02:13.625504,606.1,3,9.99,0.0,completed
827,18404,2024-12-05 01:42:23.993349,183.62,1,9.99,0.0,shipped
828,7684,2024-12-05 04:25:39.465352,739.86,5,0.0,0.0,completed
829,10162,2024-12-05 14:57:30.896878,316.38,3,4.99,31.64,completed
830,10104,2024-12-05 19:04:23.266819,589.22,3,4.99,88.38,completed
831,11138,2024-12-06 08:59:05.668896,403.89,3,4.99,0.0,completed
832,852,2024-12-06 11:39:32.460391,109.99,1,9.99,22.0,completed
833,2915,2024-12-06 21:36:03.316769,142.67,1,0.0,0.0,shipped
834,16193,2024-12-07 09:36:37.112116,754.83,3,9.99,113.22,shipped
835,3371,2024-12-07 19:34:24.193375,141.59,1,0.0,14.16,completed
836,22883,2024-12-07 20:02:57.153109,664.91,3,9.99,0.0,completed
837,1801,2024-12-07 21:21:32.321694,366.58,3,0.0,73.32,completed
838,1342,2024-12-08 15:26:51.088618,332.71,1,4.99,0.0,completed
839,23538,2024-12-08 15:51:08.666274,62.38,1,0.0,0.0,completed
840,9539,2024-12-08 21:26:28.520901,349.09,1,9.99,0.0,completed
841,2947,2024-12-09 07:43:28.264415,233.84,1,0.0,46.77,completed
842,15808,2024-12-09 08:34:12.489046,523.61,3,0.0,78.54,cancelled
843,14798,2024-12-09 19:14:47.936483,427.98,2,9.99,42.8,completed
844,7594,2024-12-09 19:39:12.629920,805.72,3,0.0,80.57,completed
845,22470,2024-12-10 00:39:09.546503,406.62,2,9.99,0.0,completed
846,15957,2024-12-10 05:14:31.118624,741.46,3,4.99,0.0,completed
847,7708,2024-12-10 22:37:27.371911,926.12,4,0.0,0.0,completed
848,14654,2024-12-11 03:00:08.487844,157.43,1,9.99,0.0,shipped
849,4494,2024-12-11 12:38:43.619544,736.52,5,0.0,110.48,completed
850,8847,2024-12-11 13:52:40.998954,890.07,4,4.99,0.0,completed
851,18240,2024-12-11 16:35:08.817348,469.91,3,0.0,70.49,shipped
852,9816,2024-12-12 04:14:27.592724,262.68,3,4.99,0.0,completed
853,11369,2024-12-12 07:39:13.449220,919.09,5,0.0,137.86,cancelled
854,17187,2024-12-12 08:43:59.587482,572.47,4,9.99,0.0,shipped
855,21109,2024-12-12 11:12:47.629808,1364.15,5,0.0,0.0,completed
856,14714,2024-12-12 14:41:21.350090,720.66,4,0.0,72.07,returned
857,2946,2024-12-12 20:28:49.464258,604.7,5,9.99,120.94,completed
858,15191,2024-12-13 05:31:55.534911,267.32,4,4.99,0.0,completed
859,21763,2024-12-14 11:29:41.053217,35.14,1,4.99,5.27,cancelled
860,6655,2024-12-14 15:57:13.734005,882.85,5,9.99,0.0,returned
861,8084,2024-12-14 16:41:32.467110,829.63,5,9.99,0.0,cancelled
862,4689,2024-12-15 03:03:53.537842,76.77,2,4.99,0.0,completed
863,12625,2024-12-15 09:01:12.920415,131.59,1,9.99,13.16,shipped
864,13224,2024-12-15 10:34:33.001848,705.76,3,4.99,0.0,completed
865,17954,2024-12-15 22:55:59.115451,173.06,1,4.99,0.0,completed
866,5028,2024-12-15 23:31:48.239301,941.9,4,4.99,0.0,completed
867,15910,2024-12-15 23:39:23.628341,531.48,5,4.99,106.3,cancelled
868,10045,2024-12-16 06:15:48.595292,22.82,1,4.99,3.42,completed
869,804,2024-12-16 13:56:06.341065,733.87,4,0.0,0.0,shipped
870,787,2024-12-16 21:22:28.267543,517.11,3,4.99,103.42,completed
871,9535,2024-12-16 22:18:26.242456,282.41,2,9.99,42.36,completed
872,4690,2024-12-16 23:18:23.770011,610.28,4,0.0,91.54,returned
873,7391,2024-12-17 09:14:09.744281,522.28,2,9.99,104.46,completed
874,18940,2024-12-17 11:18:01.089697,229.02,1,9.99,0.0,completed
875,9562,2024-12-17 12:38:52.985799,751.1,4,0.0,0.0,completed
876,15870,2024-12-17 17:41:50.268049,448.18,3,0.0,0.0,completed
877,2653,2024-12-17 18:49:07.391859,880.19,4,4.99,132.03,returned
878,4803,2024-12-18 01:42:05.846316,518.99,3,4.99,0.0,completed
879,23950,2024-12-18 10:00:13.600528,628.58,3,0.0,94.29,completed
880,15053,2024-12-18 19:10:06.450542,82.78,2,4.99,12.42,completed
881,15384,2024-12-18 19:36:30.386402,507.24,4,0.0,0.0,completed
882,11594,2024-12-18 19:39:07.120165,78.82,1,0.0,0.0,shipped
883,13164,2024-12-19 10:56:38.704100,847.77,5,0.0,0.0,shipped
884,23894,2024-12-19 12:05:11.934931,831.19,4,0.0,0.0,shipped
885,4663,2024-12-19 13:44:14.187011,242.95,2,9.99,24.3,completed
886,4263,2024-12-19 16:29:16.965529,732.23,5,0.0,73.22,completed
887,14509,2024-12-19 19:18:23.981438,371.04,3,0.0,74.21,completed
888,5724,2024-12-19 22:53:31.679121,562.49,3,9.99,56.25,completed
889,17371,2024-12-20 02:39:54.866612,481.03,2,0.0,0.0,shipped
890,19615,2024-12-20 04:36:46.412221,944.02,4,4.99,0.0,completed
891,22190,2024-12-20 06:27:57.900641,1033.62,4,4.99,103.36,completed
892,20407,2024-12-20 16:04:35.065576,976.73,4,4.99,0.0,completed
893,78,2024-12-20 17:37:09.071508,425.36,4,0.0,63.8,completed
894,983,2024-12-21 00:00:42.488250,635.73,5,4.99,0.0,completed
895,24968,2024-12-21 04:48:07.772760,219.14,1,9.99,0.0,shipped
896,470,2024-12-21 06:48:53.118919,553.51,4,9.99,0.0,completed
897,18248,2024-12-21 07:46:56.956754,437.32,2,4.99,87.46,completed
898,19934,2024-12-21 12:53:40.673178,439.21,2,0.0,0.0,completed
899,10631,2024-12-22 02:31:01.571386,345.81,2,0.0,0.0,shipped
900,12164,2024-12-22 11:32:45.818089,881.99,4,9.99,132.3,completed
901,16412,2024-12-22 15:52:21.608586,418.26,2,0.0,83.65,completed
902,16808,2024-12-22 19:50:40.866453,1163.66,5,4.99,116.37,completed
903,18527,2024-12-23 06:03:25.246302,616.46,5,4.99,0.0,completed
904,20263,2024-12-23 06:04:30.143836,1086.81,5,9.99,0.0,completed
905,6287,2024-12-23 07:42:35.766519,605.81,5,0.0,60.58,completed
906,10631,2024-12-23 16:27:18.883615,1126.62,5,9.99,168.99,returned
907,18057,2024-12-23 17:35:41.934402,908.13,5,4.99,0.0,cancelled
908,10911,2024-12-24 02:21:32.596824,940.38,5,0.0,94.04,shipped
909,23060,2024-12-24 02:42:17.548601,1000.71,4,0.0,150.11,completed
910,11305,2024-12-24 15:58:33.449241,333.36,2,0.0,0.0,completed
911,24095,2024-12-24 22:07:33.556593,508.19,3,9.99,0.0,shipped
912,3795,2024-12-25 06:50:23.427305,88.57,1,9.99,0.0,completed
913,21363,2024-12-25 08:12:46.823724,739.27,3,0.0,73.93,shipped
914,3825,2024-12-25 08:47:00.101343,80.35,1,9.99,0.0,shipped
915,8004,2024-12-25 18:12:06.786904,415.55,3,0.0,41.56,completed
916,15393,2024-12-26 00:21:42.417643,988.84,5,0.0,0.0,completed
917,19959,2024-12-26 01:27:44.834569,542.55,4,9.99,0.0,completed
918,6997,2024-12-26 04:25:07.579349,352.27,2,9.99,0.0,completed
919,4011,2024-12-26 11:21:07.792036,915.15,5,0.0,0.0,completed
920,17688,2024-12-26 14:01:43.624433,210.89,1,4.99,31.63,completed
921,12007,2024-12-26 20:44:36.351733,212.06,1,0.0,31.81,completed
922,7490,2024-12-26 20:50:13.782652,433.03,3,9.99,43.3,completed
923,19494,2024-12-27 10:36:17.347801,956.59,4,9.99,95.66,shipped
924,16146,2024-12-29 01:14:45.856414,919.57,5,9.99,137.94,completed
925,12538,2024-12-29 03:20:42.663424,259.76,1,0.0,0.0,completed
926,4431,2024-12-29 08:00:22.789942,316.41,1,0.0,47.46,cancelled
927,15358,2024-12-29 13:45:56.356335,566.11,2,9.99,84.92,shipped
928,20977,2024-12-29 14:59:57.515668,196.96,1,9.99,0.0,completed
929,6968,2024-12-29 16:05:23.420115,617.3,4,0.0,0.0,completed
930,21209,2024-12-30 04:48:16.584402,1089.3,5,9.99,163.39,completed
931,5410,2024-12-30 08:18:48.760566,374.33,2,4.99,0.0,returned
932,5986,2024-12-30 16:15:22.702875,156.82,1,4.99,23.52,completed
933,21289,2024-12-30 21:57:22.258312,1008.14,5,4.99,201.63,completed
934,6683,2024-12-30 23:55:17.996251,701.47,5,0.0,0.0,completed
935,3961,2024-12-31 11:09:32.604965,826.03,3,4.99,0.0,shipped
936,11000,2024-12-31 12:59:09.938890,597.8,2,9.99,0.0,completed
937,19297,2024-12-31 21:47:02.329507,402.13,2,0.0,80.43,completed
938,23895,2024-12-31 21:47:25.390430,727.81,4,4.99,0.0,completed
939,15101,2024-12-31 21:50:54.324332,63.69,2,4.99,0.0,completed
940,9051,2024-12-31 21:55:21.288735,913.87,5,9.99,137.08,shipped
941,14556,2024-12-31 23:23:24.065849,89.8,1,4.99,0.0,shipped
942,8166,2025-01-01 02:02:58.319970,216.66,1,0.0,43.33,completed
943,9197,2025-01-01 10:11:42.147862,208.41,2,0.0,20.84,completed
944,24087,2025-01-01 18:09:19.294375,335.8,1,4.99,67.16,completed
945,8785,2025-01-02 07:28:23.650536,235.41,1,9.99,35.31,shipped
946,18636,2025-01-02 11:52:41.456110,514.14,2,4.99,77.12,shipped
947,16146,2025-01-02 12:41:52.572326,689.06,3,0.0,103.36,completed
948,13075,2025-01-03 22:27:51.261791,1218.25,5,4.99,0.0,shipped
949,19637,2025-01-04 05:26:35.952605,89.02,2,9.99,17.8,cancelled
950,12615,2025-01-04 05:39:21.013761,580.82,3,4.99,0.0,shipped
951,19442,2025-01-04 08:22:05.343238,442.48,2,4.99,0.0,shipped
952,8034,2025-01-04 09:44:31.119337,315.26,1,4.99,0.0,completed
953,14169,2025-01-05 07:59:21.452493,311.3,2,0.0,0.0,shipped
954,15913,2025-01-05 12:55:55.555943,319.94,3,4.99,63.99,completed
955,7150,2025-01-05 14:27:34.589101,645.26,5,9.99,129.05,completed
956,16167,2025-01-05 19:07:20.114762,136.12,1,9.99,13.61,completed
957,9983,2025-01-06 01:52:31.731138,107.1,1,0.0,10.71,shipped
958,22470,2025-01-06 05:10:24.755267,755.34,3,4.99,0.0,cancelled
959,7215,2025-01-06 09:42:46.279306,1093.99,5,9.99,164.1,cancelled
960,4264,2025-01-06 12:36:05.396851,462.3,3,9.99,46.23,completed
961,10284,2025-01-06 19:52:47.504057,885.01,4,9.99,88.5,completed
962,3498,2025-01-07 02:38:23.355526,166.64,1,9.99,16.66,completed
963,23406,2025-01-07 04:24:56.060778,128.12,1,0.0,19.22,returned
964,10656,2025-01-07 12:42:32.798921,1103.18,5,0.0,0.0,completed
965,12974,2025-01-07 12:44:25.678693,299.93,2,9.99,0.0,completed
966,15957,2025-01-07 13:02:02.091256,161.69,2,9.99,32.34,completed
967,10548,2025-01-07 13:52:51.017441,516.36,3,4.99,0.0,completed
968,6877,2025-01-07 22:25:28.463773,919.17,4,4.99,0.0,cancelled
969,7775,2025-01-08 02:00:25.320881,183.3,3,4.99,36.66,completed
970,17688,2025-01-08 02:51:29.070537,306.82,3,9.99,0.0,shipped
971,12580,2025-01-08 03:10:27.898411,288.63,1,4.99,0.0,completed
972,348,2025-01-08 04:41:53.012069,914.58,3,9.99,0.0,completed
973,18407,2025-01-08 10:34:47.674184,573.69,2,4.99,57.37,cancelled
974,8892,2025-01-08 12:19:29.711953,660.55,4,9.99,0.0,completed
975,1385,2025-01-08 12:38:18.998471,769.83,4,4.99,0.0,completed
976,11679,2025-01-08 14:30:01.578634,245.02,3,4.99,24.5,completed
977,24725,2025-01-08 19:23:12.881284,839.38,4,9.99,125.91,completed
978,15861,2025-01-09 07:51:09.525115,1297.59,5,0.0,0.0,shipped
979,22806,2025-01-09 08:21:06.322037,184.35,2,4.99,0.0,completed
980,20460,2025-01-09 13:55:50.576645,125.74,1,4.99,0.0,shipped
981,5712,2025-01-09 13:58:00.549835,547.66,3,0.0,0.0,completed
982,13495,2025-01-09 23:56:46.403551,240.85,2,9.99,0.0,completed
983,4945,2025-01-10 00:47:42.083037,340.66,2,0.0,0.0,completed
984,10730,2025-01-10 10:55:50.024213,422.25,3,0.0,0.0,completed
985,17645,2025-01-10 14:48:17.821878,384.38,3,9.99,0.0,completed
986,16001,2025-01-11 01:58:06.135499,465.67,2,4.99,46.57,completed
987,456,2025-01-11 04:21:57.109709,1141.93,5,0.0,0.0,shipped
988,4720,2025-01-11 05:05:45.792480,640.41,3,0.0,64.04,completed
989,2624,2025-01-11 08:26:34.316380,788.5,4,4.99,0.0,completed
990,4263,2025-01-11 11:18:17.220206,1033.47,4,9.99,206.69,shipped
991,4117,2025-01-11 19:13:27.290943,809.72,3,9.99,0.0,completed
992,8847,2025-01-11 20:10:42.368175,760.98,3,0.0,0.0,completed
993,4599,2025-01-11 21:29:54.293144,603.52,3,4.99,90.53,completed
994,13799,2025-01-11 22:18:23.539880,240.83,2,9.99,48.17,returned
995,11901,2025-01-12 03:09:54.810519,153.25,1,9.99,30.65,completed
996,16990,2025-01-12 09:49:39.396031,268.29,1,9.99,0.0,completed
997,4270,2025-01-12 10:25:02.521657,637.78,5,9.99,0.0,completed
998,16374,2025-01-12 12:54:34.004660,955.35,5,0.0,191.07,completed
999,18789,2025-01-12 13:27:47.011391,176.0,3,4.99,0.0,completed
1000,4489,2025-01-12 15:48:23.647554,260.59,1,0.0,0.0,completed
1001,24422,2025-01-12 19:56:52.238248,442.49,2,0.0,88.5,returned
1002,7963,2025-01-13 00:59:41.706882,145.41,1,4.99,21.81,completed
1003,22681,2025-01-13 12:19:24.026985,322.87,3,9.99,32.29,cancelled
1004,13537,2025-01-13 17:57:40.275366,185.29,2,4.99,0.0,cancelled
1005,21815,2025-01-14 16:15:16.096856,762.58,5,4.99,0.0,cancelled
1006,8557,2025-01-14 17:20:47.952289,908.11,4,9.99,0.0,completed
1007,6546,2025-01-15 03:08:00.611490,836.74,5,4.99,0.0,completed
1008,12622,2025-01-15 04:08:59.888328,90.96,1,4.99,13.64,completed
1009,17972,2025-01-15 04:33:56.977533,739.87,5,4.99,0.0,completed
1010,1212,2025-01-15 04:57:07.487556,357.01,3,9.99,0.0,cancelled
1011,4494,2025-01-15 05:21:02.974517,149.56,1,0.0,29.91,completed
1012,17559,2025-01-15 15:33:22.612635,530.2,3,9.99,0.0,completed
1013,9735,2025-01-15 16:57:35.470236,604.73,2,0.0,90.71,completed
1014,3380,2025-01-15 18:18:22.948468,822.38,5,0.0,0.0,completed
1015,24571,2025-01-15 23:51:01.241857,211.33,1,4.99,42.27,completed
1016,2682,2025-01-16 02:51:20.716693,322.83,5,9.99,64.57,completed
1017,4542,2025-01-16 06:36:56.966634,236.89,2,9.99,0.0,completed
1018,23240,2025-01-16 20:20:40.546830,847.48,3,4.99,169.5,cancelled
1019,11097,2025-01-16 23:02:12.042246,132.3,2,0.0,13.23,completed
1020,4355,2025-01-16 23:10:20.366523,118.26,1,9.99,0.0,completed
1021,4038,2025-01-17 16:53:20.685291,357.38,4,4.99,0.0,completed
1022,12160,2025-01-17 17:20:05.039197,382.78,3,9.99,0.0,returned
1023,8929,2025-01-17 21:29:19.306905,1192.7,5,4.99,119.27,shipped
1024,4663,2025-01-18 03:10:23.242493,114.0,1,9.99,0.0,returned
1025,16599,2025-01-18 03:34:06.381838,364.97,4,4.99,36.5,cancelled
1026,12508,2025-01-18 13:41:45.420503,181.89,1,0.0,18.19,completed
1027,23446,2025-01-18 15:34:07.118520,293.91,1,0.0,0.0,completed
1028,14988,2025-01-18 21:18:43.566853,873.32,4,0.0,87.33,completed
1029,17095,2025-01-19 01:44:51.725627,569.15,5,9.99,0.0,completed
1030,8631,2025-01-19 04:21:05.284951,314.71,1,9.99,47.21,completed
1031,15082,2025-01-19 16:09:20.179073,1058.74,5,9.99,0.0,completed
1032,8169,2025-01-20 01:21:20.159972,793.72,4,9.99,158.74,completed
1033,2696,2025-01-20 09:00:10.477078,596.18,3,9.99,59.62,completed
1034,18334,2025-01-20 16:49:15.656629,576.86,3,9.99,57.69,completed
1035,15363,2025-01-21 16:25:45.508818,390.0,4,4.99,0.0,cancelled
1036,10963,2025-01-21 21:35:25.480029,511.64,5,0.0,0.0,completed
1037,1984,2025-01-22 03:22:52.447222,547.47,3,0.0,0.0,completed
1038,8554,2025-01-22 03:51:54.064260,632.92,3,4.99,0.0,shipped
1039,6804,2025-01-22 05:23:10.346884,1054.26,5,0.0,105.43,completed
1040,80,2025-01-22 09:12:57.798637,511.27,3,4.99,0.0,completed
1041,13837,2025-01-22 11:28:27.993417,944.29,5,9.99,0.0,completed
1042,15511,2025-01-22 18:07:26.262013,602.17,5,4.99,0.0,completed
1043,1212,2025-01-23 01:19:50.057969,501.33,3,0.0,100.27,completed
1044,15363,2025-01-23 03:46:53.480048,484.22,3,4.99,48.42,completed
1045,983,2025-01-24 02:18:23.284575,995.3,5,9.99,149.29,completed
1046,7878,2025-01-24 02:23:50.693017,645.32,3,0.0,96.8,shipped
1047,20383,2025-01-24 16:30:45.085363,236.22,1,0.0,35.43,completed
1048,24341,2025-01-24 18:08:03.008111,44.45,1,0.0,8.89,completed
1049,20632,2025-01-24 20:15:51.684556,614.01,5,9.99,92.1,completed
1050,10502,2025-01-25 05:02:42.023077,325.49,1,0.0,65.1,cancelled
1051,188,2025-01-25 09:31:43.995644,300.03,2,4.99,45.0,completed
1052,12186,2025-01-25 12:46:17.204488,749.68,5,9.99,0.0,completed
1053,13101,2025-01-25 17:08:45.704267,438.64,2,0.0,65.8,completed
1054,5887,2025-01-25 17:19:15.040813,772.94,3,4.99,77.29,cancelled
1055,17107,2025-01-25 22:18:51.581100,202.13,3,4.99,0.0,shipped
1056,24679,2025-01-26 02:25:41.759419,866.45,5,4.99,129.97,completed
1057,24362,2025-01-26 03:25:46.781404,511.54,3,9.99,102.31,completed
1058,20279,2025-01-26 04:32:30.518427,803.06,4,0.0,80.31,cancelled
1059,1263,2025-01-26 05:23:32.640147,629.73,4,4.99,94.46,completed
1060,13495,2025-01-26 08:32:12.302197,683.81,5,9.99,68.38,completed
1061,21521,2025-01-26 11:38:54.784099,250.02,3,4.99,0.0,completed
1062,482,2025-01-26 13:01:30.802991,455.96,3,0.0,0.0,completed
1063,23054,2025-01-26 21:47:33.682461,724.91,5,9.99,144.98,completed
1064,10690,2025-01-27 07:57:49.146229,1164.26,5,9.99,0.0,completed
1065,20180,2025-01-27 16:43:51.197776,1145.25,5,9.99,114.53,completed
1066,18781,2025-01-28 01:00:21.132833,304.95,3,4.99,30.5,completed
1067,18478,2025-01-28 02:40:02.832202,847.62,4,0.0,0.0,completed
1068,19658,2025-01-28 05:07:35.100909,723.83,5,0.0,0.0,completed
1069,13338,2025-01-28 08:49:55.717571,113.6,2,0.0,0.0,completed
1070,24890,2025-01-28 09:28:30.833251,543.88,3,9.99,54.39,completed
1071,21198,2025-01-28 13:09:14.982867,496.14,4,9.99,99.23,completed
1072,12286,2025-01-28 15:57:31.713076,170.99,1,4.99,25.65,completed
1073,21865,2025-01-28 17:38:08.910555,43.22,1,0.0,4.32,cancelled
1074,22684,2025-01-28 22:20:22.830854,301.62,1,0.0,0.0,completed
1075,20420,2025-01-28 23:25:07.590872,696.91,4,0.0,0.0,completed
1076,10370,2025-01-29 02:35:50.187878,760.15,5,0.0,76.02,completed
1077,4020,2025-01-29 10:37:06.283836,368.76,3,9.99,0.0,completed
1078,18708,2025-01-29 10:47:23.876191,443.0,2,0.0,0.0,completed
1079,5956,2025-01-29 12:43:32.461344,578.99,4,0.0,57.9,completed
1080,8726,2025-01-29 23:51:10.379877,303.8,1,0.0,0.0,shipped
1081,12899,2025-01-30 01:11:16.381956,319.84,2,0.0,31.98,completed
1082,5812,2025-01-30 05:05:48.777176,625.57,4,0.0,62.56,shipped
1083,17832,2025-01-30 20:22:23.030110,126.75,1,9.99,12.68,completed
1084,7457,2025-01-30 20:29:27.017008,1004.48,4,9.99,200.9,completed
1085,17007,2025-01-30 23:27:16.219372,615.08,5,4.99,123.02,completed
1086,15353,2025-01-31 00:19:43.734251,854.69,4,9.99,0.0,completed
1087,15487,2025-01-31 03:41:35.590418,790.86,5,0.0,158.17,completed
1088,20703,2025-01-31 04:34:50.900867,874.15,5,9.99,0.0,completed
1089,104,2025-01-31 07:29:20.851569,752.04,5,4.99,0.0,completed
1090,281,2025-01-31 08:16:14.102178,898.28,4,4.99,0.0,shipped
1091,14544,2025-01-31 09:13:32.464409,513.17,3,4.99,76.98,returned
1092,14154,2025-01-31 21:19:38.368681,559.13,3,4.99,0.0,completed
1093,6284,2025-02-01 02:10:14.918890,44.55,1,9.99,6.68,completed
1094,9037,2025-02-01 13:05:58.117450,881.45,3,4.99,0.0,completed
1095,14961,2025-02-01 22:23:42.416303,757.84,3,0.0,0.0,shipped
1096,4872,2025-02-02 01:02:05.592501,740.74,3,9.99,148.15,completed
1097,1404,2025-02-02 04:19:31.284482,730.11,4,9.99,109.52,completed
1098,1436,2025-02-02 08:30:02.234551,637.75,3,0.0,63.78,completed
1099,6829,2025-02-02 13:58:04.291228,928.39,5,9.99,0.0,completed
1100,11969,2025-02-02 18:02:55.923037,854.56,4,0.0,128.18,cancelled
1101,23237,2025-02-03 01:05:23.980783,188.82,1,4.99,37.76,completed
1102,20629,2025-02-03 03:15:28.036872,417.01,4,9.99,62.55,completed
1103,14809,2025-02-03 05:48:39.963163,590.61,3,9.99,0.0,completed
1104,5759,2025-02-03 12:49:43.060462,566.3,3,4.99,0.0,completed
1105,3872,2025-02-03 18:36:02.128979,162.16,2,4.99,16.22,cancelled
1106,8424,2025-02-04 01:58:48.159702,561.17,4,4.99,0.0,completed
1107,23399,2025-02-04 09:06:44.128404,229.47,2,0.0,45.89,completed
1108,1394,2025-02-04 19:41:11.450247,606.95,5,9.99,91.04,completed
1109,13375,2025-02-05 14:49:03.638026,614.24,3,9.99,92.14,completed
1110,21363,2025-02-05 15:49:14.844318,239.13,2,0.0,23.91,shipped
1111,2423,2025-02-05 23:44:08.900758,758.14,5,0.0,0.0,cancelled
1112,9751,2025-02-06 06:56:55.097116,611.55,5,4.99,91.73,cancelled
1113,19140,2025-02-06 13:18:24.306811,649.23,3,4.99,97.38,completed
1114,16926,2025-02-07 00:37:47.295679,383.78,3,0.0,76.76,cancelled
1115,17554,2025-02-07 09:08:20.068445,252.86,1,9.99,0.0,returned
1116,12577,2025-02-07 10:28:26.490497,252.24,3,9.99,0.0,completed
1117,11546,2025-02-07 15:41:01.158146,489.86,3,4.99,0.0,completed
1118,2516,2025-02-07 16:06:47.412522,510.6,4,4.99,0.0,shipped
1119,2030,2025-02-08 08:23:51.325892,419.45,3,9.99,0.0,cancelled
1120,20243,2025-02-08 19:25:01.613420,575.74,2,4.99,57.57,cancelled
1121,15415,2025-02-08 22:56:18.431184,609.65,2,0.0,0.0,completed
1122,4947,2025-02-08 23:33:23.483790,114.05,1,9.99,0.0,completed
1123,18463,2025-02-09 06:16:36.979667,237.47,1,0.0,0.0,completed
1124,8176,2025-02-09 06:36:31.799616,258.06,2,0.0,0.0,completed
1125,17202,2025-02-09 12:02:42.305286,297.24,3,9.99,0.0,completed
1126,3465,2025-02-09 15:46:45.124471,379.16,2,4.99,37.92,cancelled
1127,9149,2025-02-10 05:43:16.009918,819.31,3,9.99,0.0,cancelled
1128,12092,2025-02-10 05:46:04.524472,917.89,5,9.99,0.0,completed
1129,4817,2025-02-10 06:57:11.762596,729.66,3,0.0,145.93,shipped
1130,3833,2025-02-10 09:16:10.349500,1083.02,5,4.99,0.0,completed
1131,20885,2025-02-10 10:25:09.313379,694.56,3,9.99,0.0,completed
1132,19233,2025-02-10 11:12:19.027709,277.46,1,4.99,41.62,returned
1133,16,2025-02-10 13:01:17.208633,47.21,1,9.99,9.44,completed
1134,9972,2025-02-10 13:45:34.339592,1111.22,5,9.99,0.0,shipped
1135,8648,2025-02-10 23:53:05.215239,700.32,3,0.0,0.0,completed
1136,4491,2025-02-11 10:23:15.211093,162.29,1,4.99,16.23,shipped
1137,19330,2025-02-11 18:05:00.718613,1003.45,5,4.99,200.69,completed
1138,7523,2025-02-11 21:43:41.367303,270.72,3,4.99,27.07,completed
1139,20715,2025-02-11 23:06:58.071341,359.35,3,0.0,0.0,completed
1140,905,2025-02-12 03:12:16.026021,624.05,3,4.99,0.0,shipped
1141,5438,2025-02-12 03:39:55.402887,287.0,1,0.0,43.05,completed
1142,14492,2025-02-12 03:40:17.209440,659.9,3,0.0,0.0,shipped
1143,23543,2025-02-12 21:16:07.096120,577.23,3,0.0,57.72,completed
1144,8333,2025-02-12 21:18:09.791590,360.14,2,0.0,0.0,shipped
1145,4930,2025-02-13 04:22:59.835215,389.5,4,9.99,38.95,completed
1146,14401,2025-02-13 04:37:19.778154,897.48,5,4.99,134.62,completed
1147,7671,2025-02-13 11:34:36.279923,508.84,4,4.99,101.77,completed
1148,12615,2025-02-13 14:15:20.560249,231.07,2,4.99,0.0,shipped
1149,16610,2025-02-13 22:50:59.744886,615.59,3,9.99,123.12,completed
1150,22962,2025-02-14 10:25:43.903323,189.77,3,9.99,0.0,completed
1151,23360,2025-02-14 15:15:09.852973,725.97,4,4.99,108.9,completed
1152,14851,2025-02-14 18:14:17.239674,402.8,2,0.0,0.0,completed
1153,894,2025-02-14 22:01:01.297985,302.11,2,4.99,45.32,completed
1154,11165,2025-02-14 23:49:49.898997,342.13,2,0.0,0.0,completed
1155,12403,2025-02-15 02:54:31.312348,245.59,1,9.99,24.56,completed
1156,5147,2025-02-15 11:20:13.287555,220.07,1,4.99,0.0,completed
1157,19785,2025-02-15 18:06:35.147559,496.46,4,9.99,0.0,completed
1158,4020,2025-02-15 19:02:18.588946,783.13,3,0.0,117.47,completed
1159,9462,2025-02-15 19:34:20.589967,457.76,4,4.99,0.0,completed
1160,1124,2025-02-15 20:03:26.931234,544.52,3,0.0,54.45,shipped
1161,23287,2025-02-15 22:36:24.127462,918.09,5,9.99,137.71,completed
1162,4011,2025-02-16 02:03:48.047340,513.72,3,4.99,0.0,completed
1163,22661,2025-02-16 07:29:42.012913,121.97,1,9.99,12.2,completed
1164,17441,2025-02-16 10:35:53.377168,310.68,2,4.99,0.0,completed
1165,23277,2025-02-16 10:37:33.286273,530.18,4,4.99,53.02,completed
1166,11385,2025-02-16 17:10:52.701370,257.12,1,9.99,0.0,completed
1167,5144,2025-02-17 04:07:21.873281,444.02,4,9.99,66.6,completed
1168,23995,2025-02-17 11:54:07.756940,83.58,1,0.0,0.0,completed
1169,22414,2025-02-17 22:27:46.291964,374.22,3,0.0,74.84,completed
1170,12826,2025-02-18 01:40:48.354455,635.91,5,4.99,0.0,shipped
1171,23776,2025-02-18 07:44:35.882446,440.02,4,4.99,44.0,completed
1172,123,2025-02-18 10:01:59.399692,577.86,5,4.99,86.68,shipped
1173,17863,2025-02-18 20:32:11.481994,156.58,1,9.99,15.66,shipped
1174,14433,2025-02-18 21:32:27.038300,343.93,1,9.99,34.39,completed
1175,11679,2025-02-18 22:36:50.523026,591.29,3,0.0,0.0,completed
1176,19669,2025-02-18 23:12:56.106420,652.39,5,9.99,65.24,completed
1177,15774,2025-02-19 00:34:31.647756,270.56,1,9.99,27.06,completed
1178,1776,2025-02-19 06:58:57.736246,525.43,5,9.99,105.09,cancelled
1179,22077,2025-02-19 09:41:23.848536,1035.8,5,0.0,207.16,completed
1180,20508,2025-02-19 13:08:48.905180,465.98,3,0.0,69.9,shipped
1181,1799,2025-02-19 20:20:18.443076,559.86,3,9.99,0.0,completed
1182,8739,2025-02-19 21:49:08.948200,963.73,5,4.99,144.56,completed
1183,3182,2025-02-19 22:50:43.395882,410.27,4,9.99,0.0,completed
1184,15456,2025-02-20 04:19:45.923660,36.34,1,9.99,0.0,completed
1185,11339,2025-02-20 07:56:24.929814,853.65,4,4.99,0.0,returned
1186,115,2025-02-20 12:29:04.494568,681.73,4,4.99,136.35,completed
1187,148,2025-02-21 02:55:31.913761,58.8,1,0.0,0.0,completed
1188,7002,2025-02-21 03:01:05.866924,354.67,3,0.0,0.0,completed
1189,4599,2025-02-21 11:41:28.485670,241.67,2,0.0,0.0,completed
1190,8414,2025-02-21 11:49:03.860088,705.83,4,4.99,105.87,completed
1191,10347,2025-02-21 20:32:25.503134,88.99,2,4.99,13.35,completed
1192,14944,2025-02-21 21:52:05.705643,948.76,4,0.0,142.31,completed
1193,18713,2025-02-22 01:37:37.822560,40.24,1,0.0,0.0,completed
1194,7632,2025-02-22 13:25:52.418940,993.89,4,4.99,0.0,completed
1195,19731,2025-02-22 15:32:34.977741,806.1,3,9.99,0.0,completed
1196,10426,2025-02-22 18:16:47.378230,661.86,4,9.99,99.28,completed
1197,8117,2025-02-23 00:01:13.381977,240.45,2,9.99,36.07,completed
1198,13702,2025-02-23 01:19:38.809331,237.69,1,9.99,35.65,completed
1199,1582,2025-02-23 12:53:52.324729,345.74,2,9.99,0.0,completed
1200,14490,2025-02-23 13:22:04.563058,104.05,1,0.0,0.0,completed
1201,18452,2025-02-23 15:52:10.970549,499.22,2,4.99,0.0,completed
1202,23058,2025-02-23 18:37:35.191439,977.63,4,9.99,146.64,cancelled
1203,4151,2025-02-23 21:00:02.311345,49.46,1,9.99,7.42,completed
1204,13140,2025-02-23 22:57:32.721821,883.84,5,0.0,0.0,completed
1205,20862,2025-02-23 23:57:44.756704,535.95,4,0.0,0.0,completed
1206,13177,2025-02-24 01:33:50.398988,395.01,2,9.99,79.0,completed
1207,11180,2025-02-24 04:34:57.503687,462.77,3,4.99,46.28,completed
1208,7458,2025-02-24 09:22:23.272823,1068.54,4,0.0,0.0,completed
1209,24515,2025-02-24 17:41:46.422811,994.78,4,4.99,198.96,returned
1210,4227,2025-02-25 00:28:00.059747,940.94,4,4.99,0.0,completed
1211,12741,2025-02-25 09:49:06.984518,644.04,3,4.99,128.81,completed
1212,4800,2025-02-26 02:43:32.941444,483.97,2,4.99,72.6,completed
1213,16374,2025-02-26 09:41:11.553642,663.6,4,4.99,66.36,completed
1214,21724,2025-02-26 22:23:24.063506,558.37,3,4.99,55.84,cancelled
1215,17114,2025-02-26 23:12:16.345701,790.92,5,0.0,118.64,completed
1216,22429,2025-02-27 05:32:06.311999,962.62,5,4.99,0.0,shipped
1217,6711,2025-02-27 13:40:56.808087,557.47,3,9.99,0.0,completed
1218,503,2025-02-27 14:37:51.523855,303.56,1,9.99,30.36,completed
1219,18245,2025-02-27 18:11:27.133879,482.91,3,4.99,96.58,completed
1220,23751,2025-02-28 02:58:47.962641,568.85,3,9.99,0.0,completed
1221,1703,2025-02-28 07:48:09.401155,569.52,3,9.99,0.0,completed
1222,22084,2025-02-28 09:30:46.773749,220.14,4,4.99,0.0,completed
1223,4689,2025-02-28 09:52:21.261127,54.86,1,9.99,0.0,completed
1224,20850,2025-02-28 17:01:05.689733,705.25,4,9.99,70.53,cancelled
1225,17285,2025-02-28 18:43:11.848160,502.75,3,9.99,0.0,completed
1226,11268,2025-02-28 18:44:50.334759,16.63,1,9.99,1.66,completed
1227,16107,2025-02-28 20:59:01.028332,887.5,5,0.0,0.0,completed
1228,7454,2025-03-01 01:36:44.295105,496.38,2,0.0,49.64,completed
1229,11420,2025-03-01 04:31:38.010544,349.55,2,4.99,52.43,completed
1230,21563,2025-03-01 05:20:04.005849,120.29,1,4.99,24.06,completed
1231,13865,2025-03-01 12:14:02.656496,796.32,5,4.99,119.45,completed
1232,22217,2025-03-01 17:04:56.491415,338.75,2,0.0,67.75,completed
1233,12769,2025-03-01 20:44:35.833619,980.73,5,0.0,196.15,completed
1234,16375,2025-03-02 00:17:09.128976,293.15,1,4.99,43.97,completed
1235,18463,2025-03-02 08:44:23.553195,916.49,5,0.0,91.65,completed
1236,20907,2025-03-02 12:59:23.980530,493.81,3,4.99,0.0,cancelled
1237,10450,2025-03-02 13:05:46.617034,629.33,5,0.0,94.4,shipped
1238,2180,2025-03-02 14:23:03.463929,317.41,5,9.99,0.0,completed
1239,6472,2025-03-03 02:43:41.576296,626.13,4,0.0,93.92,completed
1240,17607,2025-03-03 04:46:31.132517,551.8,4,4.99,82.77,completed
1241,8199,2025-03-03 08:01:58.792191,370.31,2,4.99,0.0,completed
1242,3189,2025-03-03 08:55:32.162225,227.29,1,9.99,0.0,completed
1243,12663,2025-03-03 09:20:08.975260,933.12,5,9.99,186.62,cancelled
1244,14150,2025-03-03 13:24:15.905416,376.98,2,0.0,56.55,shipped
1245,7722,2025-03-03 17:13:29.178643,264.65,2,0.0,26.46,completed
1246,5487,2025-03-04 04:12:29.071974,841.67,4,4.99,0.0,shipped
1247,21724,2025-03-04 04:35:43.170292,265.7,2,9.99,0.0,cancelled
1248,15544,2025-03-04 04:52:19.155577,1111.8,5,0.0,222.36,completed
1249,813,2025-03-04 14:41:34.450615,1007.44,4,0.0,0.0,completed
1250,18338,2025-03-04 17:49:13.094298,123.64,2,9.99,18.55,completed
1251,4967,2025-03-04 19:28:01.606042,561.35,3,4.99,0.0,completed
1252,16184,2025-03-04 21:20:07.581434,488.11,3,4.99,97.62,completed
1253,9350,2025-03-05 01:29:25.579908,423.72,3,0.0,0.0,completed
1254,16772,2025-03-05 02:24:13.053357,421.33,2,4.99,84.27,returned
1255,6981,2025-03-05 11:17:07.058317,426.99,3,0.0,0.0,completed
1256,16027,2025-03-05 14:36:43.977730,250.22,1,0.0,0.0,completed
1257,14255,2025-03-05 14:45:52.964609,979.39,5,0.0,0.0,completed
1258,12859,2025-03-05 22:02:16.335561,826.27,5,9.99,123.94,completed
1259,7325,2025-03-06 03:20:52.282427,872.99,4,0.0,0.0,completed
1260,4902,2025-03-06 03:49:19.702953,189.67,1,0.0,0.0,completed
1261,3841,2025-03-06 20:42:20.933449,502.39,3,9.99,100.48,cancelled
1262,21887,2025-03-06 22:24:10.527674,622.49,4,9.99,0.0,completed
1263,4343,2025-03-07 10:42:26.023299,746.81,3,9.99,0.0,completed
1264,6015,2025-03-07 11:08:36.119750,19.41,1,0.0,2.91,completed
1265,16224,2025-03-07 13:32:35.576101,620.27,5,4.99,0.0,completed
1266,15293,2025-03-08 01:23:38.997324,705.79,5,9.99,70.58,shipped
1267,14023,2025-03-08 12:00:24.990718,349.17,3,9.99,69.83,shipped
1268,15300,2025-03-08 17:22:38.239016,925.47,5,9.99,92.55,completed
1269,10347,2025-03-09 05:25:31.826854,222.54,3,4.99,22.25,completed
1270,20862,2025-03-09 06:27:22.256485,643.42,4,9.99,128.68,completed
1271,21412,2025-03-09 11:59:22.401489,511.02,3,4.99,76.65,completed
1272,9289,2025-03-09 15:32:52.346115,480.78,3,0.0,72.12,completed
1273,17581,2025-03-09 17:06:40.359430,273.39,1,9.99,54.68,shipped
1274,20401,2025-03-09 19:04:37.381815,439.05,3,9.99,0.0,completed
1275,786,2025-03-09 20:01:40.205751,539.04,3,0.0,80.86,cancelled
1276,5046,2025-03-10 01:23:16.660077,522.16,3,4.99,0.0,completed
1277,24783,2025-03-10 08:26:28.808707,924.65,5,9.99,0.0,completed
1278,6997,2025-03-10 12:37:44.170913,360.62,2,9.99,54.09,completed
1279,12186,2025-03-10 13:55:31.469204,544.98,3,9.99,109.0,completed
1280,7662,2025-03-10 16:16:34.787124,364.08,3,0.0,72.82,completed
1281,18650,2025-03-10 18:18:20.454196,682.6,3,9.99,102.39,completed
1282,4599,2025-03-11 01:02:41.798178,560.21,3,4.99,56.02,completed
1283,1328,2025-03-11 10:05:11.454992,400.72,2,0.0,40.07,completed
1284,10480,2025-03-11 11:06:44.677404,705.43,4,9.99,105.81,cancelled
1285,9345,2025-03-11 12:47:51.878515,293.74,2,9.99,0.0,shipped
1286,21130,2025-03-11 14:07:05.768818,586.45,3,0.0,87.97,returned
1287,20443,2025-03-11 21:09:27.834205,337.74,1,0.0,67.55,completed
1288,24048,2025-03-11 23:51:38.444067,581.43,4,4.99,58.14,cancelled
1289,17845,2025-03-12 07:15:53.696932,682.25,5,9.99,0.0,cancelled
1290,21607,2025-03-12 08:47:35.040338,871.19,3,0.0,87.12,completed
1291,8469,2025-03-12 09:37:56.468299,711.78,4,4.99,0.0,completed
1292,20039,2025-03-12 10:48:49.551833,863.79,5,4.99,86.38,returned
1293,1742,2025-03-12 14:56:59.105203,677.77,2,9.99,0.0,shipped
1294,20420,2025-03-12 18:02:15.669197,849.81,5,9.99,84.98,completed
1295,2373,2025-03-12 21:43:32.168617,864.55,5,4.99,172.91,returned
1296,3235,2025-03-13 04:35:52.983317,483.5,4,4.99,72.52,completed
1297,18057,2025-03-13 13:15:42.012877,520.37,4,4.99,78.06,completed
1298,22781,2025-03-13 17:04:59.458983,289.63,2,4.99,57.93,completed
1299,4306,2025-03-13 18:28:38.323665,255.04,3,9.99,51.01,completed
1300,14641,2025-03-13 18:52:05.779806,453.23,4,9.99,0.0,returned
1301,21861,2025-03-13 23:34:40.939649,238.43,2,4.99,0.0,completed
1302,12897,2025-03-14 00:13:04.322291,301.22,3,0.0,30.12,cancelled
1303,16830,2025-03-14 02:21:19.731185,509.64,2,9.99,50.96,cancelled
1304,3601,2025-03-14 04:31:01.942422,866.57,4,0.0,173.31,completed
1305,5521,2025-03-14 14:43:23.794796,754.99,4,4.99,151.0,completed
1306,3440,2025-03-14 16:50:04.101390,139.16,2,0.0,0.0,returned
1307,11780,2025-03-14 17:25:41.404788,249.35,1,4.99,0.0,completed
1308,13482,2025-03-15 18:36:06.826133,1122.6,5,4.99,112.26,completed
1309,15411,2025-03-15 20:07:37.938078,437.44,2,4.99,0.0,completed
1310,24786,2025-03-15 22:54:59.324886,124.35,1,0.0,0.0,completed
1311,7536,2025-03-16 05:30:27.462824,675.28,4,9.99,135.06,returned
1312,9239,2025-03-16 12:55:24.179049,681.67,3,0.0,0.0,completed
1313,437,2025-03-16 15:10:32.593145,316.84,3,0.0,0.0,completed
1314,21262,2025-03-16 16:00:36.002955,291.1,1,4.99,29.11,cancelled
1315,7079,2025-03-17 06:50:35.933560,257.8,2,0.0,25.78,cancelled
1316,24154,2025-03-18 05:32:39.958283,828.41,5,9.99,0.0,shipped
1317,6932,2025-03-18 13:10:35.226595,90.88,2,4.99,13.63,completed
1318,18682,2025-03-19 09:37:03.362700,615.9,4,0.0,0.0,completed
1319,16937,2025-03-19 14:53:40.234807,745.2,5,4.99,111.78,completed
1320,23938,2025-03-19 16:55:17.370522,66.97,1,9.99,10.05,shipped
1321,3301,2025-03-20 03:06:56.498529,595.94,3,9.99,0.0,cancelled
1322,24738,2025-03-20 06:17:37.674045,600.35,4,0.0,60.04,shipped
1323,20085,2025-03-20 15:17:15.652746,646.32,3,9.99,64.63,completed
1324,22143,2025-03-20 23:27:01.904818,595.9,2,4.99,59.59,completed
1325,6997,2025-03-21 03:26:43.566487,312.07,1,4.99,62.41,completed
1326,15487,2025-03-21 04:35:47.155426,183.92,1,4.99,0.0,completed
1327,12944,2025-03-21 08:08:36.574424,219.26,1,0.0,0.0,shipped
1328,21649,2025-03-21 15:59:44.308120,821.13,4,4.99,123.17,completed
1329,16640,2025-03-21 19:55:56.447361,742.16,5,0.0,148.43,completed
1330,17251,2025-03-21 20:57:46.887839,320.08,2,9.99,48.01,shipped
1331,5107,2025-03-21 22:15:37.717901,518.08,4,9.99,77.71,completed
1332,24845,2025-03-22 10:45:46.261565,1106.12,4,4.99,110.61,completed
1333,16823,2025-03-22 21:59:58.961878,365.35,2,9.99,0.0,shipped
1334,9983,2025-03-23 01:35:43.060093,659.44,4,9.99,0.0,completed
1335,11110,2025-03-23 15:54:45.933867,833.32,4,9.99,166.66,completed
1336,10595,2025-03-23 18:52:46.563642,968.17,5,0.0,0.0,completed
1337,22748,2025-03-24 01:29:00.285610,727.0,4,0.0,0.0,cancelled
1338,10567,2025-03-24 11:29:00.029983,1042.0,5,4.99,104.2,completed
1339,7454,2025-03-24 13:20:41.807646,525.17,2,4.99,78.78,completed
1340,22102,2025-03-24 16:22:31.487497,901.28,5,4.99,0.0,completed
1341,149,2025-03-24 21:36:02.090209,664.48,4,9.99,99.67,shipped
1342,11070,2025-03-25 04:11:30.499272,299.06,1,9.99,0.0,completed
1343,22279,2025-03-25 08:56:26.343851,385.33,4,0.0,0.0,completed
1344,13262,2025-03-25 15:41:49.418671,366.04,3,4.99,0.0,completed
1345,14597,2025-03-26 06:24:08.816835,544.65,3,4.99,0.0,completed
1346,17982,2025-03-26 06:57:03.996933,247.9,1,0.0,0.0,shipped
1347,5798,2025-03-26 23:22:27.668396,914.58,5,0.0,182.92,shipped
1348,13967,2025-03-27 02:22:57.049378,562.08,3,4.99,112.42,completed
1349,21326,2025-03-27 09:16:47.401868,507.85,2,4.99,76.18,completed
1350,18390,2025-03-27 10:52:30.606093,656.11,3,9.99,0.0,completed
1351,21966,2025-03-27 12:04:57.114537,775.75,5,4.99,116.36,completed
1352,10444,2025-03-28 02:08:20.603823,850.76,4,0.0,0.0,completed
1353,1783,2025-03-28 10:28:29.459610,1164.47,4,4.99,0.0,completed
1354,15777,2025-03-28 11:20:27.676744,959.68,5,0.0,143.95,cancelled
1355,13584,2025-03-28 13:33:08.425153,362.95,3,9.99,0.0,completed
1356,14151,2025-03-29 00:41:58.681487,582.09,4,0.0,87.31,completed
1357,13068,2025-03-29 05:41:52.485566,227.3,2,4.99,22.73,completed
1358,15323,2025-03-29 06:47:37.784118,144.07,2,0.0,28.81,completed
1359,3756,2025-03-29 11:11:13.320389,590.28,4,9.99,118.06,completed
1360,6517,2025-03-29 13:19:05.948973,159.0,1,4.99,0.0,completed
1361,19611,2025-03-29 17:29:08.010997,41.73,1,9.99,8.35,completed
1362,6794,2025-03-29 22:44:04.255622,516.58,2,4.99,0.0,completed
1363,21155,2025-03-29 23:04:01.450449,115.26,1,4.99,0.0,completed
1364,7594,2025-03-30 06:06:09.763064,463.92,4,4.99,46.39,completed
1365,2529,2025-03-30 07:31:38.307935,371.7,2,4.99,0.0,completed
1366,6499,2025-03-30 19:27:03.667619,202.17,1,9.99,30.33,completed
1367,19344,2025-03-30 23:13:37.321814,230.67,1,9.99,23.07,shipped
1368,17458,2025-03-31 00:25:48.696225,747.24,5,4.99,0.0,completed
1369,5189,2025-03-31 02:01:31.391511,462.58,2,4.99,69.39,completed
1370,20040,2025-03-31 11:17:12.999619,453.01,2,9.99,0.0,shipped
1371,8088,2025-03-31 15:17:27.516283,678.6,5,0.0,135.72,completed
1372,19325,2025-03-31 15:45:19.458949,614.23,3,0.0,0.0,cancelled
1373,7052,2025-03-31 16:01:57.337927,1143.38,5,9.99,0.0,completed
1374,4995,2025-03-31 19:11:36.203780,145.48,1,0.0,29.1,shipped
1375,2746,2025-03-31 19:41:10.784131,542.85,2,4.99,0.0,completed
1376,15517,2025-04-01 01:11:01.896505,893.19,4,0.0,89.32,completed
1377,1671,2025-04-01 02:23:45.868447,1003.16,4,0.0,0.0,cancelled
1378,14101,2025-04-01 02:37:42.223571,208.11,1,9.99,31.22,completed
1379,18819,2025-04-01 18:29:34.423577,192.37,1,0.0,38.47,shipped
1380,22430,2025-04-01 20:15:02.885363,538.39,4,0.0,80.76,completed
1381,18356,2025-04-02 06:09:02.065036,593.38,3,4.99,0.0,completed
1382,24351,2025-04-02 12:50:26.744508,450.96,3,0.0,90.19,cancelled
1383,10793,2025-04-02 14:13:50.756121,317.62,1,9.99,31.76,shipped
1384,17053,2025-04-02 17:07:26.579764,436.57,3,9.99,0.0,cancelled
1385,11700,2025-04-02 21:34:52.250889,286.67,2,0.0,0.0,completed
1386,3035,2025-04-03 05:20:43.552744,637.93,3,0.0,127.59,cancelled
1387,23292,2025-04-03 12:01:59.906742,281.55,2,0.0,56.31,completed
1388,22334,2025-04-03 15:39:27.670537,490.69,4,9.99,0.0,completed
1389,19140,2025-04-03 16:36:45.065049,17.03,1,9.99,3.41,completed
1390,11844,2025-04-03 21:04:37.516471,421.64,2,4.99,63.25,completed
1391,741,2025-04-03 22:22:47.885197,291.82,2,0.0,0.0,completed
1392,22204,2025-04-04 00:38:56.655493,640.69,4,0.0,96.1,cancelled
1393,14190,2025-04-04 03:54:45.301065,235.48,1,9.99,47.1,completed
1394,3317,2025-04-04 05:30:53.787334,351.75,2,9.99,52.76,shipped
1395,10418,2025-04-04 05:40:42.255762,123.53,2,4.99,0.0,completed
1396,19051,2025-04-04 19:57:34.649736,479.9,3,0.0,0.0,completed
1397,19999,2025-04-04 21:04:53.915359,151.76,1,9.99,30.35,completed
1398,22470,2025-04-04 23:30:11.208317,1102.51,4,0.0,0.0,completed
1399,3812,2025-04-05 01:34:37.313206,407.33,2,9.99,0.0,completed
1400,7511,2025-04-05 02:46:03.570520,193.31,2,4.99,0.0,shipped
1401,17243,2025-04-05 09:50:50.204276,181.77,2,9.99,0.0,completed
1402,4464,2025-04-05 13:34:02.369345,71.16,1,9.99,0.0,completed
1403,13595,2025-04-06 11:20:36.440878,660.71,4,4.99,0.0,completed
1404,20060,2025-04-06 14:07:46.662319,208.32,1,9.99,0.0,completed
1405,23287,2025-04-06 14:12:22.626988,400.32,2,0.0,0.0,completed
1406,2746,2025-04-06 16:26:36.623820,813.14,4,4.99,0.0,completed
1407,13758,2025-04-06 18:44:49.323990,958.69,5,0.0,0.0,shipped
1408,4029,2025-04-06 19:44:55.749197,116.65,2,0.0,17.5,completed
1409,17065,2025-04-06 20:16:48.099863,580.7,5,4.99,0.0,completed
1410,5107,2025-04-06 20:35:58.625247,1141.75,5,9.99,171.26,completed
1411,20984,2025-04-06 20:50:57.453820,288.06,1,4.99,0.0,completed
1412,11153,2025-04-06 21:56:17.476447,1148.21,5,0.0,114.82,completed
1413,4597,2025-04-07 07:41:11.292223,698.33,3,4.99,139.67,completed
1414,1160,2025-04-07 08:01:58.356377,326.3,1,9.99,0.0,completed
1415,6592,2025-04-07 15:06:40.592514,888.82,4,4.99,88.88,completed
1416,23844,2025-04-07 17:09:46.599538,651.88,4,0.0,130.38,completed
1417,1861,2025-04-07 20:51:26.724708,643.89,3,9.99,128.78,completed
1418,23430,2025-04-08 00:12:26.692904,296.95,1,4.99,0.0,cancelled
1419,7888,2025-04-08 03:29:28.937403,794.4,3,0.0,0.0,completed
1420,14530,2025-04-08 04:24:20.547268,795.01,3,4.99,0.0,completed
1421,3815,2025-04-08 20:18:21.302639,305.13,1,9.99,45.77,completed
1422,9289,2025-04-08 21:54:28.288057,122.88,2,4.99,18.43,completed
1423,7511,2025-04-09 12:06:32.264692,866.34,5,0.0,0.0,completed
1424,11925,2025-04-09 14:22:10.656253,549.29,4,4.99,82.39,completed
1425,18093,2025-04-09 16:37:53.823303,795.5,4,4.99,79.55,completed
1426,20725,2025-04-09 16:39:58.119183,153.34,2,9.99,0.0,completed
1427,22567,2025-04-10 00:16:28.610178,160.04,1,0.0,0.0,completed
1428,19142,2025-04-10 09:55:15.460079,757.4,5,9.99,75.74,completed
1429,6683,2025-04-10 11:26:17.280225,17.62,1,4.99,2.64,completed
1430,20969,2025-04-10 22:06:23.248219,835.74,4,0.0,0.0,cancelled
1431,18729,2025-04-10 23:10:03.582362,1045.08,5,0.0,0.0,completed
1432,7662,2025-04-11 00:00:59.468497,679.57,4,9.99,135.91,completed
1433,15006,2025-04-11 01:36:59.752776,306.79,1,4.99,0.0,completed
1434,12884,2025-04-11 05:31:51.742433,1010.06,5,9.99,0.0,completed
1435,12992,2025-04-11 08:17:29.828646,1155.57,5,0.0,231.11,completed
1436,7870,2025-04-11 10:08:42.522176,640.12,4,4.99,0.0,completed
1437,20094,2025-04-11 10:39:15.070229,567.65,2,9.99,0.0,completed
1438,10220,2025-04-11 13:42:06.590823,778.63,3,9.99,116.79,shipped
1439,22873,2025-04-11 18:58:36.386652,526.33,3,0.0,0.0,completed
1440,24217,2025-04-11 19:42:24.510053,373.06,3,9.99,74.61,completed
1441,6556,2025-04-11 20:18:09.206882,295.37,2,0.0,29.54,completed
1442,814,2025-04-11 21:13:29.220194,324.92,1,9.99,0.0,completed
1443,396,2025-04-12 02:20:56.563363,139.56,1,9.99,0.0,completed
1444,7144,2025-04-12 07:57:21.830282,56.46,1,0.0,11.29,completed
1445,5334,2025-04-12 11:38:31.325383,198.87,1,9.99,0.0,completed
1446,13495,2025-04-12 15:48:39.369412,824.79,4,0.0,0.0,completed
1447,1611,2025-04-12 23:56:49.441047,699.48,4,0.0,139.9,completed
1448,4489,2025-04-13 06:05:45.796387,41.17,1,4.99,0.0,shipped
1449,20939,2025-04-13 07:50:56.016309,772.38,3,0.0,0.0,shipped
1450,12916,2025-04-13 08:13:58.531013,50.18,2,4.99,0.0,completed
1451,5256,2025-04-13 10:20:58.007140,323.35,2,4.99,0.0,cancelled
1452,20906,2025-04-13 11:01:43.642624,263.07,1,9.99,26.31,completed
1453,10731,2025-04-13 11:16:12.376124,903.34,5,0.0,180.67,completed
1454,11503,2025-04-13 11:50:07.774107,504.83,3,9.99,100.97,completed
1455,16753,2025-04-13 13:22:02.336728,102.42,1,0.0,0.0,shipped
1456,22441,2025-04-13 17:03:12.416785,709.29,4,4.99,70.93,shipped
1457,19054,2025-04-13 17:29:13.824670,311.12,2,9.99,31.11,cancelled
1458,23515,2025-04-14 05:18:44.677520,566.51,4,4.99,56.65,completed
1459,19394,2025-04-14 09:06:05.140425,59.38,1,9.99,5.94,shipped
1460,18006,2025-04-14 09:42:35.140542,23.66,1,4.99,4.73,completed
1461,21035,2025-04-14 15:55:37.627462,250.09,2,4.99,0.0,completed
1462,8381,2025-04-14 17:13:03.844705,692.23,3,9.99,0.0,cancelled
1463,22635,2025-04-14 19:26:27.746242,541.89,4,4.99,81.28,completed
1464,5298,2025-04-15 02:23:47.259469,908.13,5,9.99,90.81,completed
1465,470,2025-04-15 03:06:24.303660,189.17,1,9.99,0.0,completed
1466,14777,2025-04-15 11:08:58.134500,245.65,1,4.99,0.0,completed
1467,11260,2025-04-15 11:47:05.763802,810.42,3,0.0,0.0,shipped
1468,5406,2025-04-15 17:07:17.463102,372.35,2,0.0,74.47,completed
1469,20658,2025-04-15 17:34:17.960963,103.18,1,9.99,10.32,completed
1470,10082,2025-04-16 07:15:05.696078,518.83,5,0.0,0.0,cancelled
1471,18672,2025-04-16 08:25:15.719097,603.9,3,4.99,0.0,completed
1472,24845,2025-04-16 13:51:57.064403,646.94,4,4.99,97.04,completed
1473,23673,2025-04-16 16:29:43.954974,59.77,1,9.99,0.0,cancelled
1474,7006,2025-04-16 17:54:00.513404,624.1,3,0.0,124.82,completed
1475,8293,2025-04-16 19:30:31.698550,1126.06,5,0.0,0.0,shipped
1476,22591,2025-04-16 22:49:37.902327,128.23,2,0.0,12.82,cancelled
1477,12076,2025-04-16 23:33:58.335984,587.97,2,9.99,0.0,completed
1478,2363,2025-04-17 08:18:35.958255,697.68,4,4.99,0.0,completed
1479,1517,2025-04-17 09:35:11.675089,202.52,1,0.0,40.5,completed
1480,4492,2025-04-17 11:48:38.564193,588.23,3,4.99,0.0,cancelled
1481,9155,2025-04-17 16:24:34.967628,772.09,3,4.99,0.0,completed
1482,16175,2025-04-17 16:57:57.411570,482.45,3,0.0,96.49,completed
1483,23216,2025-04-18 04:41:21.233307,749.24,4,0.0,149.85,shipped
1484,16014,2025-04-18 15:33:46.775727,506.12,4,9.99,0.0,shipped
1485,24340,2025-04-18 18:17:24.460964,460.69,2,0.0,92.14,completed
1486,20977,2025-04-19 02:21:35.761829,919.4,4,9.99,137.91,completed
1487,1761,2025-04-19 04:42:39.359795,540.73,4,4.99,108.15,completed
1488,4038,2025-04-19 04:48:06.543624,336.7,2,9.99,0.0,completed
1489,8627,2025-04-19 07:25:03.570087,369.94,3,9.99,0.0,completed
1490,2427,2025-04-19 10:54:40.538974,555.03,4,9.99,83.25,cancelled
1491,22204,2025-04-19 17:05:19.976067,229.12,3,9.99,22.91,completed
1492,16787,2025-04-19 17:35:24.438870,334.74,1,4.99,0.0,shipped
1493,17944,2025-04-19 19:10:20.394911,812.4,4,0.0,0.0,cancelled
1494,20508,2025-04-19 19:16:07.346294,745.26,4,4.99,0.0,completed
1495,23488,2025-04-20 06:40:15.163348,425.23,2,4.99,0.0,cancelled
1496,24451,2025-04-20 07:53:39.481370,311.68,1,4.99,62.34,completed
1497,4043,2025-04-20 10:02:35.656793,879.28,3,4.99,0.0,shipped
1498,7878,2025-04-20 12:32:54.242325,564.44,3,9.99,56.44,completed
1499,12315,2025-04-20 17:35:10.910821,504.54,5,9.99,50.45,completed
1500,19216,2025-04-20 17:39:02.387177,755.92,3,4.99,0.0,completed
1501,4552,2025-04-20 21:27:48.777195,30.35,1,4.99,4.55,cancelled
1502,2768,2025-04-20 23:00:30.558669,606.66,4,0.0,0.0,completed
1503,5476,2025-04-21 05:57:20.846781,243.44,2,4.99,0.0,completed
1504,10625,2025-04-21 10:19:45.608154,181.89,1,4.99,36.38,completed
1505,18784,2025-04-21 21:01:21.063115,752.9,5,4.99,150.58,completed
1506,16326,2025-04-22 11:01:59.734443,713.3,4,4.99,0.0,completed
1507,9328,2025-04-22 14:04:08.461205,631.49,4,4.99,0.0,shipped
1508,21003,2025-04-22 14:09:10.315544,1246.16,5,0.0,124.62,shipped
1509,17203,2025-04-22 18:37:56.933853,299.94,1,4.99,59.99,shipped
1510,8274,2025-04-22 23:01:40.978045,68.78,1,0.0,0.0,completed
1511,410,2025-04-22 23:16:46.375972,413.59,2,9.99,62.04,completed
1512,8199,2025-04-23 08:56:15.762788,46.95,1,9.99,0.0,completed
1513,14944,2025-04-23 16:51:37.450571,1074.92,4,0.0,161.24,completed
1514,12968,2025-04-23 23:51:27.230511,493.25,2,4.99,98.65,completed
1515,14359,2025-04-23 23:59:27.844470,511.64,3,4.99,76.75,returned
1516,18483,2025-04-24 14:10:43.273216,449.67,2,9.99,44.97,completed
1517,3987,2025-04-24 14:10:44.890199,609.29,4,4.99,121.86,completed
1518,20526,2025-04-24 16:34:55.026187,715.19,5,9.99,0.0,completed
1519,11253,2025-04-25 09:06:46.762568,949.65,5,4.99,94.97,shipped
1520,22470,2025-04-25 11:12:17.926604,889.35,4,9.99,88.94,completed
1521,5731,2025-04-25 16:22:54.634336,324.67,2,9.99,0.0,cancelled
1522,24759,2025-04-26 08:38:44.945101,1127.28,5,0.0,169.09,completed
1523,4410,2025-04-26 13:00:38.552992,526.86,5,0.0,0.0,completed
1524,10076,2025-04-26 14:21:15.364989,1237.59,5,0.0,123.76,cancelled
1525,8399,2025-04-26 17:19:17.551901,346.91,1,4.99,34.69,completed
1526,21566,2025-04-27 09:43:11.146006,802.82,4,9.99,160.56,completed
1527,2849,2025-04-27 17:51:11.119519,521.49,4,4.99,0.0,completed
1528,21220,2025-04-28 00:23:08.071309,345.95,2,4.99,0.0,shipped
1529,17844,2025-04-28 00:52:05.135693,975.91,5,0.0,146.39,shipped
1530,14363,2025-04-28 01:43:42.999378,626.5,3,0.0,125.3,completed
1531,8060,2025-04-28 01:46:02.041089,758.15,5,4.99,75.81,returned
1532,9626,2025-04-28 05:11:32.074476,132.65,1,0.0,13.27,completed
1533,18950,2025-04-28 07:16:51.004183,355.51,2,9.99,71.1,completed
1534,24259,2025-04-28 21:38:51.820199,263.61,2,9.99,52.72,completed
1535,18001,2025-04-29 00:36:15.564746,203.68,1,4.99,0.0,completed
1536,18483,2025-04-29 05:32:31.540320,1005.7,5,0.0,150.85,completed
1537,20139,2025-04-29 07:01:24.075747,490.67,2,4.99,73.6,completed
1538,20279,2025-04-29 08:46:18.693472,742.72,4,4.99,148.54,shipped
1539,8010,2025-04-29 09:45:14.515363,522.6,3,0.0,0.0,completed
1540,16659,2025-04-29 10:34:09.471826,240.11,4,4.99,24.01,returned
1541,5328,2025-04-29 10:41:40.569641,767.02,4,0.0,153.4,completed
1542,1512,2025-04-29 13:33:51.807314,826.1,5,9.99,0.0,completed
1543,17801,2025-04-29 13:53:17.670822,103.38,1,0.0,15.51,completed
1544,24656,2025-04-29 21:00:31.476509,859.31,5,4.99,0.0,returned
1545,19157,2025-04-30 01:37:53.300228,411.59,2,9.99,0.0,completed
1546,21940,2025-04-30 01:49:08.689408,137.27,1,9.99,0.0,completed
1547,14809,2025-04-30 14:17:21.079540,518.68,3,4.99,51.87,completed
1548,14150,2025-05-01 18:55:36.705696,402.2,2,4.99,40.22,completed
1549,456,2025-05-02 02:58:17.494629,30.64,1,4.99,0.0,completed
1550,20131,2025-05-02 04:29:53.512738,128.52,2,0.0,19.28,completed
1551,23609,2025-05-02 06:05:22.994006,329.71,1,0.0,0.0,completed
1552,24808,2025-05-02 07:24:48.077718,315.68,1,0.0,47.35,completed
1553,2634,2025-05-02 08:23:12.378275,1172.64,5,9.99,175.9,completed
1554,7560,2025-05-02 12:19:03.040122,955.1,5,9.99,0.0,cancelled
1555,3272,2025-05-02 14:22:35.531419,906.36,4,4.99,0.0,completed
1556,19046,2025-05-02 14:30:31.705190,418.32,3,4.99,0.0,completed
1557,1827,2025-05-02 14:41:22.969275,733.68,3,4.99,110.05,completed
1558,11233,2025-05-03 00:34:15.729334,169.68,1,4.99,0.0,completed
1559,20131,2025-05-03 02:10:30.737652,677.24,5,9.99,0.0,completed
1560,23862,2025-05-03 05:45:36.769361,217.78,1,0.0,21.78,completed
1561,21645,2025-05-03 09:47:25.885639,518.19,2,9.99,77.73,completed
1562,2243,2025-05-03 15:17:35.541374,580.36,3,9.99,0.0,completed
1563,804,2025-05-03 18:10:27.122410,708.59,4,9.99,106.29,completed
1564,4160,2025-05-03 18:39:47.815469,579.07,3,0.0,57.91,completed
1565,10811,2025-05-03 18:39:59.576611,657.03,2,0.0,0.0,shipped
1566,17104,2025-05-03 20:48:55.172866,363.13,2,4.99,72.63,shipped
1567,2922,2025-05-04 00:31:04.194525,296.75,1,4.99,0.0,returned
1568,3626,2025-05-04 01:27:22.964200,453.68,2,0.0,0.0,completed
1569,24340,2025-05-04 02:44:25.554596,882.45,3,4.99,88.25,shipped
1570,16847,2025-05-04 07:44:16.907910,771.43,3,4.99,77.14,cancelled
1571,7767,2025-05-04 12:08:56.321849,861.31,5,9.99,129.2,completed
1572,23858,2025-05-04 22:56:55.521711,838.95,4,9.99,83.9,completed
1573,12713,2025-05-05 01:32:48.927837,342.04,2,4.99,51.31,completed
1574,15553,2025-05-05 03:40:54.107362,876.19,5,9.99,0.0,completed
1575,457,2025-05-05 04:56:32.867694,504.33,2,9.99,75.65,completed
1576,3190,2025-05-05 05:11:02.966297,479.31,4,0.0,47.93,completed
1577,17780,2025-05-05 05:18:38.205741,701.09,3,0.0,0.0,completed
1578,3090,2025-05-05 10:03:11.312444,418.08,2,9.99,0.0,completed
1579,23155,2025-05-05 13:27:16.432361,575.36,5,0.0,86.3,completed
1580,18261,2025-05-05 14:29:13.910523,935.19,5,9.99,93.52,completed
1581,9606,2025-05-05 20:23:05.637178,1430.8,5,4.99,214.62,completed
1582,5330,2025-05-06 00:25:07.058578,556.69,4,9.99,0.0,cancelled
1583,15359,2025-05-06 12:18:37.572162,1063.56,5,4.99,159.53,completed
1584,3429,2025-05-06 14:31:42.798374,702.83,4,4.99,0.0,completed
1585,7848,2025-05-06 18:26:58.494402,376.64,2,0.0,37.66,completed
1586,14339,2025-05-07 02:28:31.990838,513.23,3,4.99,0.0,completed
1587,24882,2025-05-07 07:48:48.129708,578.5,3,9.99,57.85,completed
1588,8151,2025-05-07 11:54:06.229143,342.09,1,9.99,51.31,completed
1589,24239,2025-05-07 23:49:14.648570,132.81,1,9.99,13.28,completed
1590,22470,2025-05-08 00:57:50.452992,407.12,3,4.99,0.0,completed
1591,14603,2025-05-08 03:02:26.234726,580.34,3,0.0,0.0,completed
1592,20267,2025-05-08 07:13:04.202321,497.03,2,0.0,74.55,completed
1593,19223,2025-05-08 15:15:40.935711,771.12,5,9.99,154.22,completed
1594,1995,2025-05-08 17:32:45.978468,686.78,3,0.0,0.0,completed
1595,7024,2025-05-08 18:17:57.638813,445.38,5,4.99,0.0,shipped
1596,14892,2025-05-08 20:43:18.870632,343.61,1,9.99,51.54,completed
1597,12060,2025-05-09 02:09:58.366334,909.27,4,4.99,90.93,completed
1598,2829,2025-05-09 02:24:17.357566,618.63,4,0.0,92.79,returned
1599,9791,2025-05-09 08:16:09.927409,841.49,5,4.99,126.22,completed
1600,4803,2025-05-09 09:29:11.894583,490.94,3,4.99,98.19,completed
1601,8307,2025-05-09 11:41:42.151148,633.64,4,4.99,126.73,completed
1602,13924,2025-05-09 13:04:06.097860,682.25,5,0.0,102.34,shipped
1603,4916,2025-05-09 20:45:28.731531,929.35,5,9.99,0.0,completed
1604,16476,2025-05-09 21:38:39.344651,669.23,3,0.0,133.85,returned
1605,9132,2025-05-10 00:45:25.997846,340.86,1,0.0,0.0,completed
1606,19578,2025-05-10 01:21:21.178661,899.46,4,9.99,0.0,completed
1607,13079,2025-05-10 02:01:56.677029,445.09,3,9.99,66.76,completed
1608,6482,2025-05-10 02:48:19.037769,104.63,1,0.0,0.0,completed
1609,20108,2025-05-10 04:19:06.593272,719.67,4,4.99,0.0,cancelled
1610,8980,2025-05-10 18:27:26.776949,621.06,4,0.0,0.0,cancelled
1611,13169,2025-05-10 19:57:00.775377,403.46,3,0.0,0.0,shipped
1612,20296,2025-05-10 23:12:47.792351,254.47,1,4.99,25.45,completed
1613,13766,2025-05-11 02:58:33.761432,651.11,4,0.0,97.67,shipped
1614,18408,2025-05-11 04:07:30.757881,663.34,4,4.99,0.0,completed
1615,10951,2025-05-11 13:08:53.766770,549.5,5,4.99,0.0,completed
1616,16707,2025-05-12 00:28:06.453372,635.09,4,0.0,127.02,completed
1617,9538,2025-05-12 01:35:48.670741,882.65,5,4.99,132.4,completed
1618,8453,2025-05-12 03:53:17.764967,146.82,2,0.0,29.36,completed
1619,10521,2025-05-12 05:23:26.845239,962.91,4,4.99,192.58,completed
1620,10680,2025-05-12 07:40:33.417334,207.82,1,4.99,0.0,completed
1621,16311,2025-05-12 08:06:06.032061,1112.93,5,4.99,0.0,completed
1622,6986,2025-05-12 08:53:11.771168,610.08,4,4.99,61.01,shipped
1623,9838,2025-05-12 12:56:05.560398,265.82,2,4.99,0.0,shipped
1624,11163,2025-05-12 15:15:02.161586,746.55,3,4.99,0.0,completed
1625,21670,2025-05-12 16:37:52.073448,838.39,3,9.99,83.84,completed
1626,14071,2025-05-13 03:41:53.595545,1084.4,5,0.0,162.66,shipped
1627,10516,2025-05-13 04:00:40.895760,458.18,2,9.99,45.82,cancelled
1628,23060,2025-05-13 06:57:13.394307,263.05,2,9.99,26.31,shipped
1629,13872,2025-05-13 08:33:43.932341,174.25,1,0.0,0.0,shipped
1630,1855,2025-05-13 08:37:16.344171,516.64,3,4.99,0.0,cancelled
1631,22414,2025-05-13 09:40:27.271046,906.33,4,4.99,181.27,completed
1632,15465,2025-05-13 09:54:06.965766,523.46,3,0.0,0.0,completed
1633,13755,2025-05-13 15:37:21.886776,62.68,1,4.99,0.0,completed
1634,10683,2025-05-13 18:11:24.323634,121.41,2,4.99,24.28,completed
1635,1998,2025-05-13 20:45:41.588686,1245.04,5,4.99,249.01,completed
1636,11665,2025-05-13 21:08:30.065096,110.88,1,0.0,0.0,completed
1637,14698,2025-05-13 23:51:04.249201,620.05,3,4.99,0.0,shipped
1638,11901,2025-05-14 06:59:52.722539,442.56,3,0.0,0.0,shipped
1639,9149,2025-05-14 22:03:19.411777,124.33,2,9.99,12.43,completed
1640,16025,2025-05-15 02:54:19.439233,268.38,1,9.99,53.68,completed
1641,741,2025-05-15 08:15:55.045911,1317.0,5,4.99,0.0,completed
1642,12978,2025-05-15 10:35:25.510725,426.89,2,4.99,64.03,returned
1643,4547,2025-05-15 10:37:17.104980,608.05,4,9.99,91.21,completed
1644,15011,2025-05-15 14:25:13.396301,415.09,2,9.99,0.0,shipped
1645,14397,2025-05-15 19:04:08.103130,80.51,1,4.99,0.0,cancelled
1646,10265,2025-05-15 19:25:20.028494,737.37,4,0.0,147.47,completed
1647,20199,2025-05-15 20:47:40.370815,244.59,2,9.99,48.92,returned
1648,16690,2025-05-15 21:17:11.459406,783.91,3,0.0,156.78,completed
1649,24566,2025-05-15 22:26:18.141846,251.58,1,0.0,37.74,shipped
1650,12022,2025-05-16 00:45:44.268793,486.92,2,4.99,0.0,completed
1651,23345,2025-05-16 02:22:55.498571,687.46,3,0.0,0.0,completed
1652,24156,2025-05-16 10:48:48.043548,785.1,3,4.99,0.0,completed
1653,15688,2025-05-16 12:03:00.519013,575.32,3,9.99,86.3,cancelled
1654,1058,2025-05-16 15:12:03.863193,212.19,1,4.99,31.83,completed
1655,4559,2025-05-16 15:25:06.510659,550.15,3,4.99,82.52,completed
1656,16760,2025-05-16 22:23:38.483840,424.57,2,9.99,84.91,completed
1657,11936,2025-05-17 01:02:28.814431,211.11,2,9.99,31.67,completed
1658,10076,2025-05-17 02:42:42.959998,43.89,1,0.0,0.0,shipped
1659,3795,2025-05-17 17:19:11.924841,480.04,2,0.0,0.0,completed
1660,3009,2025-05-17 21:48:15.400155,1027.32,5,0.0,102.73,completed
1661,2835,2025-05-18 08:39:44.258442,435.3,2,0.0,65.3,cancelled
1662,1855,2025-05-18 10:21:16.797780,322.75,2,4.99,0.0,completed
1663,1560,2025-05-18 12:57:52.476809,578.57,4,0.0,0.0,shipped
1664,22944,2025-05-18 16:54:26.501557,432.46,2,4.99,64.87,shipped
1665,799,2025-05-19 02:32:13.121106,1090.89,5,4.99,0.0,completed
1666,17801,2025-05-19 05:46:09.695649,239.96,2,4.99,24.0,completed
1667,16750,2025-05-19 20:49:13.730018,386.88,3,9.99,0.0,shipped
1668,19662,2025-05-19 23:24:44.215168,1163.51,5,9.99,232.7,completed
1669,19194,2025-05-20 10:13:44.264619,726.1,3,0.0,0.0,completed
1670,16120,2025-05-21 00:56:41.222599,779.36,5,9.99,116.9,completed
1671,16167,2025-05-21 04:06:10.976579,716.83,4,4.99,0.0,completed
1672,21136,2025-05-21 09:04:39.977529,993.6,5,4.99,0.0,completed
1673,8989,2025-05-21 15:08:11.783102,641.18,4,0.0,0.0,shipped
1674,4957,2025-05-21 17:35:30.659407,892.86,5,4.99,0.0,completed
1675,3574,2025-05-21 19:25:56.851827,92.24,1,4.99,13.84,completed
1676,24313,2025-05-21 20:14:50.653742,554.21,3,9.99,83.13,returned
1677,3741,2025-05-21 20:51:14.091801,130.81,1,0.0,26.16,completed
1678,7482,2025-05-21 22:09:20.054189,316.68,1,4.99,0.0,shipped
1679,17183,2025-05-22 01:20:12.610443,968.53,5,9.99,145.28,completed
1680,21333,2025-05-22 01:43:12.924609,925.66,3,4.99,0.0,completed
1681,9626,2025-05-22 03:26:18.487250,1097.66,4,0.0,0.0,completed
1682,19665,2025-05-22 05:06:36.010818,894.82,5,0.0,178.96,completed
1683,16901,2025-05-22 09:26:22.766758,539.41,4,4.99,0.0,cancelled
1684,9202,2025-05-22 10:17:29.647064,1218.36,5,0.0,243.67,shipped
1685,5140,2025-05-22 17:56:09.532331,951.57,5,0.0,0.0,completed
1686,20556,2025-05-22 20:16:40.643430,871.36,5,9.99,174.27,completed
1687,14714,2025-05-22 21:47:02.197523,65.07,1,4.99,0.0,completed
1688,4020,2025-05-22 22:17:27.230418,486.47,3,0.0,48.65,completed
1689,6811,2025-05-22 23:28:44.210733,289.76,1,4.99,0.0,completed
1690,22072,2025-05-23 00:52:39.102771,826.82,3,9.99,0.0,completed
1691,5154,2025-05-23 01:13:25.507148,933.41,5,0.0,140.01,shipped
1692,19959,2025-05-23 08:00:21.352343,327.37,2,4.99,0.0,completed
1693,12713,2025-05-23 15:32:12.602343,635.63,3,4.99,95.34,completed
1694,18390,2025-05-23 22:29:05.535086,110.99,1,9.99,16.65,completed
1695,21293,2025-05-23 23:08:15.718339,1379.19,5,4.99,0.0,completed
1696,21271,2025-05-24 01:54:31.508977,1050.39,5,4.99,157.56,completed
1697,17706,2025-05-24 02:04:06.660167,283.95,2,9.99,56.79,completed
1698,20085,2025-05-24 09:00:26.650198,487.04,2,0.0,73.06,returned
1699,14376,2025-05-24 17:01:50.176325,374.94,3,4.99,0.0,completed
1700,1342,2025-05-24 20:56:56.082083,794.77,5,0.0,0.0,cancelled
1701,3263,2025-05-24 22:51:17.540263,571.32,2,9.99,114.26,shipped
1702,17478,2025-05-24 23:27:48.119752,863.21,5,9.99,0.0,completed
1703,19185,2025-05-24 23:58:34.768314,777.74,3,4.99,77.77,completed
1704,22147,2025-05-25 03:08:49.678817,365.26,2,4.99,0.0,completed
1705,20325,2025-05-25 03:11:48.560596,427.94,3,0.0,85.59,completed
1706,9300,2025-05-25 04:24:06.012877,1005.11,5,9.99,201.02,cancelled
1707,20383,2025-05-25 04:26:20.654737,270.44,2,9.99,27.04,shipped
1708,19674,2025-05-25 07:38:21.849592,730.31,5,9.99,0.0,cancelled
1709,8293,2025-05-25 09:52:48.786486,373.77,2,9.99,74.75,completed
1710,5756,2025-05-25 16:39:48.907642,53.42,1,9.99,0.0,returned
1711,16350,2025-05-25 17:29:41.381852,515.42,2,4.99,0.0,shipped
1712,7366,2025-05-25 20:33:22.575470,686.76,4,9.99,0.0,cancelled
1713,13699,2025-05-25 21:42:26.214402,1034.22,5,0.0,0.0,completed
1714,12644,2025-05-25 22:48:17.566466,550.73,2,9.99,0.0,completed
1715,20165,2025-05-26 04:17:17.554625,540.43,3,0.0,81.06,completed
1716,19695,2025-05-26 05:19:52.114681,367.0,2,0.0,0.0,completed
1717,6307,2025-05-26 13:59:14.204680,1091.76,5,4.99,163.76,completed
1718,1364,2025-05-27 02:11:39.206967,975.0,5,9.99,97.5,completed
1719,4469,2025-05-27 16:26:05.477166,269.8,1,0.0,0.0,completed
1720,9526,2025-05-27 20:35:32.075926,812.89,3,9.99,0.0,completed
1721,18483,2025-05-27 22:46:01.277445,1062.1,5,4.99,0.0,completed
1722,9325,2025-05-28 04:43:34.966179,868.35,4,9.99,130.25,cancelled
1723,1200,2025-05-28 05:40:42.766227,147.4,1,9.99,22.11,shipped
1724,10162,2025-05-28 05:43:39.378086,689.51,4,0.0,68.95,completed
1725,13648,2025-05-28 10:41:37.194859,604.61,4,9.99,0.0,completed
1726,16120,2025-05-28 11:43:15.016010,438.45,2,0.0,87.69,completed
1727,14522,2025-05-28 12:54:31.990222,100.21,1,4.99,10.02,completed
1728,8632,2025-05-28 13:39:37.734802,1007.2,4,4.99,0.0,returned
1729,24613,2025-05-28 19:52:41.317319,235.7,3,9.99,35.35,completed
1730,606,2025-05-28 20:21:40.800369,266.39,2,9.99,53.28,shipped
1731,17202,2025-05-28 23:47:14.904069,493.64,3,4.99,0.0,completed
1732,13124,2025-05-29 05:23:18.792611,488.6,2,0.0,73.29,cancelled
1733,3802,2025-05-29 05:26:49.961531,1050.56,5,0.0,105.06,cancelled
1734,10443,2025-05-29 08:36:27.404470,646.89,3,4.99,0.0,cancelled
1735,15313,2025-05-29 17:43:02.855847,687.42,5,0.0,103.11,shipped
1736,18729,2025-05-30 09:47:23.823383,603.37,4,0.0,0.0,completed
1737,22337,2025-05-30 14:41:21.526253,634.05,5,9.99,0.0,completed
1738,2995,2025-05-30 14:57:04.522169,799.01,3,9.99,0.0,completed
1739,18680,2025-05-30 15:45:40.244724,496.84,4,4.99,74.53,returned
1740,2844,2025-05-30 20:02:54.926742,604.57,4,4.99,0.0,shipped
1741,7768,2025-05-31 01:50:14.336776,228.31,1,0.0,45.66,completed
1742,15881,2025-05-31 06:20:17.691092,135.93,2,9.99,20.39,completed
1743,2427,2025-05-31 14:06:37.451044,435.26,4,9.99,65.29,completed
1744,3458,2025-05-31 20:09:12.545081,801.26,5,0.0,0.0,completed
1745,15507,2025-06-01 08:04:33.161587,474.42,5,9.99,47.44,completed
1746,24639,2025-06-01 09:54:26.951166,71.99,1,4.99,0.0,completed
1747,2674,2025-06-01 10:25:52.534115,379.92,3,9.99,0.0,shipped
1748,7877,2025-06-01 10:44:48.542797,1038.62,5,9.99,207.72,completed
1749,13001,2025-06-01 11:11:34.452367,314.53,3,4.99,0.0,cancelled
1750,19439,2025-06-01 13:20:07.610510,360.6,2,9.99,0.0,completed
1751,2420,2025-06-01 17:49:23.727709,1131.1,5,9.99,113.11,shipped
1752,2863,2025-06-01 20:00:39.058956,316.88,1,0.0,0.0,completed
1753,6102,2025-06-02 01:45:46.691441,947.65,4,0.0,142.15,completed
1754,21931,2025-06-02 15:06:53.908695,993.63,4,9.99,0.0,completed
1755,22694,2025-06-02 18:20:34.882927,1024.1,5,9.99,153.61,completed
1756,12811,2025-06-02 21:57:35.679657,494.65,3,0.0,0.0,completed
1757,11755,2025-06-03 02:27:16.204892,893.75,5,9.99,178.75,completed
1758,3048,2025-06-03 03:39:14.337798,434.05,3,0.0,65.11,completed
1759,11207,2025-06-03 16:18:29.445703,39.81,1,9.99,5.97,completed
1760,15282,2025-06-03 19:47:32.979656,454.14,2,4.99,0.0,completed
1761,8369,2025-06-03 21:19:14.303845,573.47,5,9.99,57.35,shipped
1762,15122,2025-06-04 00:55:47.613179,448.88,2,9.99,0.0,completed
1763,3862,2025-06-04 05:05:37.298998,86.52,2,4.99,17.3,completed
1764,20760,2025-06-04 05:23:41.313327,512.89,2,4.99,0.0,completed
1765,10202,2025-06-04 07:12:58.690085,611.93,4,0.0,0.0,completed
1766,19695,2025-06-04 10:50:13.985095,821.14,5,9.99,123.17,cancelled
1767,6746,2025-06-04 11:14:21.943813,1046.2,5,9.99,0.0,completed
1768,21897,2025-06-05 00:34:28.196775,1044.92,5,0.0,0.0,completed
1769,1212,2025-06-05 00:37:14.333146,576.71,3,0.0,0.0,cancelled
1770,12228,2025-06-05 03:22:59.994399,23.52,1,4.99,3.53,completed
1771,7180,2025-06-05 07:56:25.028561,834.51,5,9.99,83.45,shipped
1772,8750,2025-06-05 09:36:21.977595,586.96,3,0.0,0.0,shipped
1773,3197,2025-06-05 13:53:04.207547,357.96,2,4.99,0.0,completed
1774,19959,2025-06-05 22:59:40.524062,615.93,4,4.99,92.39,completed
1775,20454,2025-06-06 00:53:35.042364,1005.34,5,9.99,150.8,returned
1776,8163,2025-06-06 01:24:07.331278,675.14,5,0.0,135.03,completed
1777,23540,2025-06-06 08:47:37.706712,240.61,1,0.0,24.06,completed
1778,17700,2025-06-06 10:35:28.484075,819.4,5,4.99,163.88,completed
1779,8402,2025-06-06 15:47:33.032832,639.64,2,9.99,95.95,completed
1780,7987,2025-06-06 17:04:02.883693,256.8,1,0.0,0.0,completed
1781,19694,2025-06-06 20:15:56.933373,1336.15,5,4.99,200.42,completed
1782,13200,2025-06-07 00:47:24.036187,107.42,1,9.99,10.74,completed
1783,13665,2025-06-07 08:17:48.635746,661.8,5,4.99,0.0,shipped
1784,2446,2025-06-07 10:02:46.747644,160.88,1,9.99,32.18,completed
1785,9856,2025-06-07 12:58:21.202209,256.44,2,0.0,51.29,completed
1786,7482,2025-06-07 13:12:44.025557,50.15,1,4.99,7.52,completed
1787,11113,2025-06-07 19:27:43.604205,830.74,5,4.99,83.07,cancelled
1788,17609,2025-06-07 19:46:53.050341,882.05,4,4.99,0.0,returned
1789,20800,2025-06-08 12:05:08.851312,517.24,3,9.99,77.59,completed
1790,12021,2025-06-08 15:10:31.932358,105.08,1,0.0,0.0,completed
1791,13297,2025-06-08 21:28:04.851764,1179.66,5,0.0,235.93,shipped
1792,18483,2025-06-08 22:03:38.200300,831.26,5,0.0,124.69,completed
1793,443,2025-06-09 03:34:55.928968,437.87,3,9.99,87.57,shipped
1794,16613,2025-06-09 09:31:26.340957,549.81,2,0.0,82.47,completed
1795,10861,2025-06-09 10:10:35.051208,441.22,2,4.99,0.0,completed
1796,6088,2025-06-09 10:29:38.561750,584.53,3,9.99,116.91,completed
1797,19768,2025-06-09 17:13:32.782799,447.85,2,0.0,44.79,completed
1798,1987,2025-06-09 17:21:57.263704,824.35,4,9.99,164.87,completed
1799,23784,2025-06-09 18:05:36.832993,758.93,5,4.99,113.84,shipped
1800,9155,2025-06-09 19:37:17.040103,367.28,4,4.99,0.0,shipped
1801,6434,2025-06-09 20:30:16.047041,217.99,1,9.99,0.0,completed
1802,5906,2025-06-09 21:19:04.505480,1276.92,5,0.0,255.38,shipped
1803,4446,2025-06-10 13:21:54.904765,279.79,2,4.99,0.0,returned
1804,1573,2025-06-10 13:52:48.006218,328.09,1,0.0,32.81,completed
1805,7691,2025-06-10 17:19:59.755280,622.29,4,4.99,0.0,completed
1806,19734,2025-06-10 23:11:57.141310,448.16,2,0.0,89.63,completed
1807,11533,2025-06-11 00:11:03.189948,253.87,1,0.0,0.0,completed
1808,21381,2025-06-11 00:42:25.581431,412.06,3,4.99,82.41,completed
1809,14325,2025-06-11 03:10:47.869451,799.34,4,4.99,119.9,completed
1810,1917,2025-06-11 05:33:40.178772,379.25,2,0.0,0.0,completed
1811,6172,2025-06-11 07:33:28.411710,59.14,1,4.99,0.0,completed
1812,18097,2025-06-11 12:53:40.911096,712.42,4,9.99,142.48,completed
1813,14717,2025-06-11 16:05:00.877073,935.76,5,9.99,0.0,completed
1814,9634,2025-06-11 16:30:46.963153,612.01,3,9.99,61.2,completed
1815,23360,2025-06-11 16:37:54.708541,276.99,1,0.0,41.55,completed
1816,21563,2025-06-12 10:28:45.669585,754.93,4,0.0,0.0,completed
1817,7144,2025-06-12 15:00:20.266590,589.32,3,0.0,0.0,completed
1818,3175,2025-06-12 20:44:30.940595,346.92,1,9.99,0.0,completed
1819,10347,2025-06-12 21:15:00.466464,426.33,3,4.99,85.27,completed
1820,13143,2025-06-13 04:43:44.655548,1088.87,4,4.99,0.0,cancelled
1821,1699,2025-06-13 06:52:06.317318,306.44,1,9.99,0.0,shipped
1822,17788,2025-06-13 20:21:49.168525,293.92,1,4.99,29.39,cancelled
1823,13629,2025-06-13 21:12:20.198045,1238.82,5,0.0,123.88,completed
1824,8261,2025-06-14 00:08:50.166686,686.84,5,4.99,68.68,cancelled
1825,20984,2025-06-14 05:30:03.080108,524.42,2,4.99,0.0,shipped
1826,22932,2025-06-14 06:50:43.422643,284.58,2,9.99,42.69,shipped
1827,24240,2025-06-14 07:32:23.550526,891.39,5,4.99,178.28,returned
1828,20984,2025-06-14 09:49:40.897986,737.45,3,4.99,0.0,completed
1829,7340,2025-06-14 12:41:24.890503,282.8,3,9.99,42.42,completed
1830,17938,2025-06-14 15:50:43.083023,311.03,2,9.99,0.0,completed
1831,14372,2025-06-14 21:07:34.261659,1169.68,5,0.0,0.0,completed
1832,1645,2025-06-14 23:27:01.636745,108.29,1,9.99,0.0,completed
1833,15976,2025-06-15 02:42:29.359619,826.16,5,9.99,82.62,completed
1834,14366,2025-06-15 05:25:21.133119,895.08,3,4.99,0.0,completed
1835,7878,2025-06-15 11:40:04.688372,804.95,3,4.99,0.0,completed
1836,18854,2025-06-15 21:59:17.653082,342.73,3,0.0,0.0,completed
1837,17478,2025-06-15 21:59:55.877213,324.87,1,4.99,0.0,completed
1838,13698,2025-06-16 09:58:38.912255,677.88,4,0.0,101.68,shipped
1839,19559,2025-06-16 13:59:56.646834,420.83,3,9.99,0.0,completed
1840,8783,2025-06-16 16:01:04.531518,317.2,2,4.99,0.0,completed
1841,1588,2025-06-17 09:04:31.725688,556.09,3,0.0,111.22,completed
1842,9158,2025-06-17 10:21:28.195350,1315.05,5,0.0,263.01,cancelled
1843,6931,2025-06-17 13:33:08.068016,869.95,5,9.99,173.99,completed
1844,1626,2025-06-17 18:26:37.198360,41.05,1,0.0,0.0,completed
1845,18756,2025-06-17 19:03:15.701458,122.54,1,9.99,18.38,completed
1846,20173,2025-06-18 00:21:31.057824,68.46,1,4.99,6.85,completed
1847,3985,2025-06-18 02:41:01.083091,297.77,2,9.99,44.67,completed
1848,10206,2025-06-18 03:26:12.444426,956.17,5,0.0,0.0,completed
1849,9788,2025-06-18 08:32:50.290668,422.59,3,0.0,42.26,completed
1850,16639,2025-06-18 09:55:04.028053,1178.16,5,4.99,117.82,cancelled
1851,4875,2025-06-18 10:42:37.980267,599.47,2,9.99,0.0,completed
1852,4264,2025-06-18 16:50:42.264415,1259.18,5,0.0,0.0,completed
1853,13872,2025-06-19 13:59:29.849363,64.09,1,4.99,0.0,completed
1854,13024,2025-06-19 18:50:19.207461,778.19,3,4.99,0.0,completed
1855,7239,2025-06-19 23:27:29.692015,443.18,2,9.99,0.0,completed
1856,14169,2025-06-19 23:48:51.366844,908.61,5,9.99,181.72,cancelled
1857,23751,2025-06-20 06:25:51.810003,983.35,5,4.99,0.0,completed
1858,4015,2025-06-20 08:05:49.370087,940.54,5,0.0,141.08,completed
1859,21673,2025-06-20 10:16:50.154652,664.67,4,9.99,0.0,completed
1860,4844,2025-06-20 16:42:52.257819,1228.84,5,4.99,245.77,shipped
1861,174,2025-06-20 21:39:19.021698,642.38,3,0.0,128.48,completed
1862,811,2025-06-21 03:40:55.207536,1284.1,5,9.99,256.82,returned
1863,17660,2025-06-21 17:53:19.844423,225.66,2,9.99,0.0,shipped
1864,5847,2025-06-21 17:58:52.791040,649.34,4,0.0,97.4,completed
1865,24536,2025-06-21 17:59:34.523921,433.1,3,4.99,0.0,completed
1866,18380,2025-06-21 18:28:37.385324,353.78,2,4.99,35.38,completed
1867,375,2025-06-21 19:12:53.164266,98.48,1,4.99,0.0,completed
1868,10578,2025-06-21 20:45:35.131324,121.68,1,4.99,12.17,completed
1869,17711,2025-06-21 23:41:20.943092,459.48,3,4.99,0.0,completed
1870,24693,2025-06-21 23:51:54.401697,872.71,5,9.99,87.27,shipped
1871,5324,2025-06-22 06:36:19.894255,858.92,3,9.99,128.84,completed
1872,15939,2025-06-22 09:22:26.948108,297.33,1,9.99,0.0,completed
1873,4268,2025-06-22 22:16:14.145019,125.03,1,0.0,25.01,completed
1874,20070,2025-06-23 03:49:27.646076,537.3,3,9.99,0.0,completed
1875,11780,2025-06-23 05:31:07.760757,791.5,3,9.99,0.0,shipped
1876,18482,2025-06-23 09:31:01.586197,512.49,2,0.0,0.0,completed
1877,9098,2025-06-23 12:00:14.598943,325.32,3,4.99,65.06,shipped
1878,18391,2025-06-23 12:46:28.969919,471.58,2,0.0,0.0,completed
1879,12859,2025-06-23 17:41:11.205071,428.09,4,4.99,64.21,completed
1880,15415,2025-06-23 19:38:56.482212,996.62,5,9.99,149.49,shipped
1881,10219,2025-06-23 21:10:57.897565,171.85,1,0.0,0.0,cancelled
1882,16898,2025-06-23 21:28:08.983365,920.24,5,0.0,0.0,shipped
1883,6592,2025-06-23 21:47:56.218438,307.7,2,4.99,0.0,completed
1884,20389,2025-06-24 01:26:46.338606,542.44,5,9.99,0.0,completed
1885,9201,2025-06-24 09:44:58.812327,976.98,4,4.99,97.7,completed
1886,17523,2025-06-24 11:40:03.435874,314.1,1,4.99,0.0,completed
1887,10970,2025-06-24 12:38:28.395855,826.41,5,4.99,82.64,completed
1888,3346,2025-06-24 15:16:10.641581,524.67,4,9.99,52.47,completed
1889,21731,2025-06-25 01:09:08.219071,734.82,5,0.0,110.22,returned
1890,19057,2025-06-25 01:38:01.579922,575.82,2,4.99,0.0,completed
1891,13623,2025-06-25 07:59:10.601602,239.65,1,9.99,0.0,completed
1892,20625,2025-06-25 11:20:29.579003,318.95,3,0.0,0.0,completed
1893,13139,2025-06-25 12:49:29.317837,384.35,2,4.99,0.0,completed
1894,24679,2025-06-25 13:10:56.676027,532.37,3,4.99,0.0,shipped
1895,4302,2025-06-25 16:05:32.674242,752.2,5,0.0,0.0,completed
1896,21617,2025-06-25 20:29:44.062173,370.7,3,9.99,37.07,returned
1897,3760,2025-06-25 20:59:49.770127,710.56,3,4.99,0.0,completed
1898,22492,2025-06-25 23:28:50.809153,756.56,4,4.99,75.66,completed
1899,18744,2025-06-26 03:04:07.086324,200.44,1,0.0,0.0,completed
1900,10275,2025-06-26 03:12:24.692849,296.87,2,4.99,0.0,completed
1901,1942,2025-06-26 05:59:21.393818,993.57,5,9.99,99.36,completed
1902,23543,2025-06-26 08:15:17.850052,610.62,4,0.0,91.59,completed
1903,19474,2025-06-26 14:24:24.520761,327.3,2,0.0,0.0,completed
1904,22592,2025-06-26 18:12:41.387246,64.45,1,9.99,9.67,returned
1905,12503,2025-06-27 00:42:39.600606,169.65,2,0.0,0.0,cancelled
1906,17415,2025-06-27 06:12:15.568778,690.38,5,0.0,0.0,completed
1907,5031,2025-06-27 06:12:18.138791,614.22,5,0.0,0.0,completed
1908,19223,2025-06-27 09:22:02.996027,134.56,1,9.99,26.91,cancelled
1909,24100,2025-06-27 15:47:36.875225,299.13,3,4.99,0.0,completed
1910,22524,2025-06-28 00:44:25.035604,446.31,2,4.99,0.0,completed
1911,3915,2025-06-28 01:25:21.274063,715.35,3,4.99,107.3,completed
1912,6802,2025-06-28 03:47:34.499416,889.38,4,4.99,177.88,shipped
1913,22429,2025-06-28 03:48:36.738307,780.03,3,0.0,0.0,completed
1914,12850,2025-06-28 04:30:47.329290,602.89,2,4.99,120.58,shipped
1915,1076,2025-06-28 09:21:10.243282,885.01,5,4.99,0.0,cancelled
1916,14710,2025-06-28 10:30:41.859151,140.29,1,0.0,0.0,completed
1917,6211,2025-06-28 12:11:32.630421,27.2,1,4.99,0.0,completed
1918,2411,2025-06-28 13:56:59.717879,451.6,2,0.0,45.16,shipped
1919,19136,2025-06-28 19:02:11.447001,303.94,1,9.99,45.59,shipped
1920,20814,2025-06-28 21:54:07.661707,598.89,4,9.99,119.78,completed
1921,10686,2025-06-29 02:22:05.033574,495.67,3,4.99,49.57,completed
1922,6327,2025-06-29 02:28:10.822962,1024.09,5,0.0,153.61,completed
1923,4999,2025-06-29 11:56:28.085451,866.75,4,4.99,0.0,shipped
1924,20863,2025-06-29 22:32:50.679228,233.3,1,9.99,34.99,shipped
1925,10623,2025-06-30 00:01:54.798120,592.37,3,9.99,0.0,completed
1926,388,2025-06-30 04:48:21.394116,1231.81,5,9.99,0.0,completed
1927,17817,2025-06-30 05:42:30.550393,654.57,4,4.99,0.0,cancelled
1928,11799,2025-06-30 06:15:39.032784,38.44,1,9.99,3.84,completed
1929,15983,2025-06-30 10:49:14.072640,976.57,5,0.0,0.0,completed
1930,21861,2025-06-30 11:32:13.127837,427.96,2,0.0,0.0,cancelled
1931,14662,2025-06-30 12:28:15.839481,93.62,1,4.99,18.72,completed
1932,20544,2025-06-30 12:29:10.809171,31.88,1,9.99,3.19,completed
1933,20977,2025-06-30 20:33:22.001929,875.61,4,4.99,0.0,completed
1934,776,2025-07-01 01:34:20.794191,261.88,3,9.99,52.38,completed
1935,201,2025-07-01 03:06:12.671580,615.59,3,0.0,92.34,completed
1936,8399,2025-07-01 04:45:20.709764,1183.1,5,4.99,177.46,completed
1937,23776,2025-07-01 10:17:39.585844,487.11,4,4.99,97.42,returned
1938,23632,2025-07-01 14:08:08.672158,342.19,1,0.0,0.0,cancelled
1939,3424,2025-07-01 18:37:15.337615,462.55,2,0.0,46.26,completed
1940,5022,2025-07-01 19:55:19.004500,783.64,5,9.99,78.36,completed
1941,18064,2025-07-01 21:07:24.745594,855.98,4,4.99,171.2,completed
1942,3424,2025-07-02 00:14:23.855151,207.5,3,9.99,0.0,completed
1943,21597,2025-07-02 00:18:12.433334,295.77,2,4.99,0.0,completed
1944,968,2025-07-02 03:20:11.287409,843.34,5,9.99,168.67,completed
1945,23627,2025-07-02 06:21:34.508611,608.89,3,9.99,0.0,shipped
1946,10152,2025-07-02 07:01:50.102514,256.16,1,9.99,0.0,completed
1947,2207,2025-07-02 08:27:55.872407,341.95,2,0.0,34.2,completed
1948,18680,2025-07-02 09:11:13.066007,19.21,1,9.99,0.0,cancelled
1949,19135,2025-07-02 09:34:07.221979,195.68,1,9.99,0.0,completed
1950,19342,2025-07-02 15:21:56.716948,15.74,1,4.99,0.0,completed
1951,18159,2025-07-02 20:22:52.821439,602.86,3,9.99,0.0,completed
1952,23722,2025-07-02 21:30:31.482387,655.83,4,0.0,0.0,completed
1953,4412,2025-07-03 00:20:23.183058,388.68,2,9.99,58.3,completed
1954,15735,2025-07-03 00:38:21.743670,433.33,3,0.0,43.33,shipped
1955,16326,2025-07-03 01:40:43.319830,676.51,4,9.99,0.0,returned
1956,8713,2025-07-03 05:41:54.117332,266.28,2,4.99,26.63,completed
1957,2743,2025-07-03 09:25:39.268164,205.65,1,4.99,30.85,returned
1958,7358,2025-07-03 09:35:33.255373,135.47,1,0.0,0.0,completed
1959,24394,2025-07-03 12:09:06.876485,1000.62,5,0.0,200.12,completed
1960,23396,2025-07-03 14:43:47.821110,1030.15,5,4.99,206.03,completed
1961,15282,2025-07-03 15:58:52.732544,329.67,2,9.99,0.0,completed
1962,16073,2025-07-03 18:27:17.800703,328.7,1,0.0,32.87,completed
1963,12140,2025-07-03 22:07:09.067262,256.19,1,0.0,0.0,completed
1964,3961,2025-07-03 22:25:12.477955,859.38,4,4.99,171.88,completed
1965,5650,2025-07-04 14:36:51.838943,571.81,4,9.99,85.77,completed
1966,1564,2025-07-04 16:31:17.501588,275.94,1,9.99,0.0,completed
1967,1714,2025-07-04 18:40:20.040503,892.14,5,0.0,0.0,completed
1968,23540,2025-07-04 20:30:26.962349,851.73,5,0.0,170.35,shipped
1969,21618,2025-07-05 03:22:27.861472,803.34,5,0.0,120.5,completed
1970,18404,2025-07-05 03:58:00.927637,963.68,4,9.99,96.37,shipped
1971,16713,2025-07-05 16:13:23.516061,294.11,1,9.99,0.0,completed
1972,14556,2025-07-05 17:56:44.349003,952.45,5,9.99,142.87,completed
1973,19125,2025-07-05 19:04:33.754155,364.43,2,9.99,36.44,completed
1974,670,2025-07-06 01:52:08.336201,301.93,3,4.99,60.39,completed
1975,12997,2025-07-06 03:00:38.327228,481.11,4,0.0,96.22,completed
1976,23390,2025-07-06 03:50:44.573754,707.63,5,4.99,106.14,completed
1977,23075,2025-07-06 06:44:41.954185,1042.43,5,0.0,0.0,completed
1978,1436,2025-07-06 12:38:39.747621,55.13,1,0.0,0.0,completed
1979,8739,2025-07-06 21:11:48.626477,365.2,2,4.99,0.0,shipped
1980,240,2025-07-06 22:11:51.352859,676.16,3,4.99,0.0,completed
1981,12090,2025-07-07 05:48:48.215728,438.37,3,0.0,65.76,completed
1982,5107,2025-07-07 06:47:02.401376,160.73,2,9.99,0.0,completed
1983,24643,2025-07-07 07:18:54.707220,927.62,5,4.99,0.0,completed
1984,19339,2025-07-07 07:20:35.436621,253.04,1,9.99,0.0,completed
1985,24993,2025-07-07 14:37:06.428881,302.36,1,0.0,0.0,completed
1986,13618,2025-07-07 20:57:49.840827,258.88,1,4.99,0.0,completed
1987,12633,2025-07-07 21:09:00.795764,300.07,1,4.99,60.01,completed
1988,20965,2025-07-07 23:16:50.546288,163.68,1,0.0,32.74,completed
1989,599,2025-07-08 00:48:55.379865,651.85,3,9.99,0.0,completed
1990,24580,2025-07-08 02:06:16.749483,971.33,5,0.0,0.0,completed
1991,934,2025-07-08 06:31:35.592539,161.75,1,9.99,16.18,returned
1992,6626,2025-07-08 07:25:26.031361,21.98,1,9.99,0.0,completed
1993,15364,2025-07-08 08:01:36.534703,1284.97,5,9.99,0.0,completed
1994,14897,2025-07-08 08:32:30.055298,943.59,4,9.99,141.54,shipped
1995,16224,2025-07-08 13:05:52.995323,1083.42,5,4.99,108.34,completed
1996,18374,2025-07-08 21:07:50.071403,706.46,3,4.99,141.29,completed
1997,7627,2025-07-08 22:54:41.128443,718.45,5,4.99,0.0,cancelled
1998,18675,2025-07-09 00:23:26.612320,221.96,2,9.99,44.39,completed
1999,13668,2025-07-09 02:04:31.515044,15.69,1,0.0,0.0,shipped
2000,22414,2025-07-09 07:22:25.145252,400.1,3,0.0,0.0,completed
2001,22566,2025-07-09 10:16:10.920558,275.1,3,9.99,27.51,completed
2002,20923,2025-07-09 11:40:11.120997,352.19,2,9.99,70.44,completed
2003,17843,2025-07-09 22:08:20.619673,802.87,5,4.99,160.57,completed
2004,14641,2025-07-10 02:14:59.907627,972.6,5,4.99,0.0,completed
2005,8313,2025-07-10 03:03:57.349301,298.23,1,9.99,59.65,completed
2006,3255,2025-07-10 04:27:02.655452,785.86,5,4.99,0.0,completed
2007,11727,2025-07-10 06:16:23.857157,520.18,3,4.99,78.03,completed
2008,21034,2025-07-10 13:03:09.700180,297.73,1,4.99,44.66,completed
2009,2006,2025-07-10 16:31:27.764446,480.1,3,4.99,96.02,completed
2010,16624,2025-07-10 16:48:41.127023,455.99,2,9.99,0.0,completed
2011,2066,2025-07-10 20:49:01.264239,488.59,3,4.99,48.86,completed
2012,24569,2025-07-10 21:53:49.715887,305.87,1,4.99,45.88,completed
2013,22522,2025-07-10 23:34:33.473075,268.33,2,9.99,0.0,shipped
2014,312,2025-07-11 02:29:45.274915,301.79,1,4.99,0.0,completed
2015,7729,2025-07-11 18:08:19.704204,750.01,4,9.99,150.0,completed
2016,575,2025-07-11 21:30:17.549486,794.97,4,4.99,0.0,completed
2017,17128,2025-07-12 00:38:59.780600,602.46,5,9.99,90.37,completed
2018,16,2025-07-12 04:59:49.487240,1025.25,5,0.0,0.0,completed
2019,21800,2025-07-12 11:42:13.715815,252.32,2,4.99,50.46,cancelled
2020,16876,2025-07-12 15:12:28.132764,561.04,4,0.0,0.0,completed
2021,6234,2025-07-12 18:40:20.618561,479.79,4,0.0,47.98,completed
2022,21032,2025-07-12 21:21:39.121226,480.16,3,0.0,48.02,completed
2023,14735,2025-07-13 03:12:27.804670,530.25,3,9.99,106.05,shipped
2024,14710,2025-07-13 03:37:38.669820,693.97,3,0.0,0.0,completed
2025,20658,2025-07-13 06:48:00.259063,178.77,1,4.99,17.88,completed
2026,18240,2025-07-13 07:45:39.554147,119.41,1,9.99,11.94,shipped
2027,8407,2025-07-13 14:11:23.227317,194.83,1,9.99,0.0,shipped
2028,20107,2025-07-13 18:04:30.567253,261.39,2,9.99,0.0,completed
2029,4745,2025-07-13 21:37:50.513800,188.15,1,4.99,28.22,completed
2030,20796,2025-07-13 22:41:17.421605,900.28,4,0.0,90.03,completed
2031,15662,2025-07-14 13:33:04.254904,616.09,2,4.99,61.61,completed
2032,4259,2025-07-14 13:41:07.086726,845.46,4,4.99,0.0,completed
2033,16466,2025-07-14 16:58:44.360179,311.82,2,0.0,0.0,returned
2034,13798,2025-07-14 17:44:50.447373,478.4,3,4.99,47.84,completed
2035,22062,2025-07-14 18:40:58.671607,474.02,2,9.99,47.4,completed
2036,7854,2025-07-14 19:01:09.830043,266.26,1,4.99,39.94,cancelled
2037,18887,2025-07-15 01:41:25.795337,838.96,5,4.99,0.0,completed
2038,4105,2025-07-15 04:51:17.812742,386.61,3,0.0,0.0,completed
2039,1978,2025-07-15 10:14:00.190260,115.13,1,0.0,23.03,cancelled
2040,9753,2025-07-15 16:50:14.797617,1074.21,5,9.99,214.84,completed
2041,19589,2025-07-15 19:49:05.210546,177.87,2,4.99,35.57,completed
2042,18356,2025-07-15 21:53:43.443437,502.64,3,9.99,0.0,completed
2043,4877,2025-07-16 03:01:18.225796,511.38,3,0.0,0.0,completed
2044,13453,2025-07-16 05:09:00.807008,812.59,4,0.0,81.26,shipped
2045,14425,2025-07-16 05:42:12.748298,72.75,1,0.0,14.55,completed
2046,13189,2025-07-16 07:21:04.629941,534.63,2,0.0,0.0,completed
2047,1391,2025-07-16 09:48:56.839187,1012.41,5,9.99,0.0,completed
2048,14154,2025-07-16 13:36:52.950969,1090.83,5,4.99,218.17,completed
2049,10942,2025-07-16 16:16:03.567683,644.05,3,9.99,0.0,completed
2050,10496,2025-07-16 17:10:21.567246,1082.71,4,0.0,162.41,cancelled
2051,4552,2025-07-16 19:51:01.244230,447.28,5,0.0,67.09,completed
2052,11046,2025-07-16 21:51:41.062066,19.49,1,4.99,2.92,completed
2053,12312,2025-07-17 04:10:19.566070,1159.69,5,9.99,0.0,cancelled
2054,2855,2025-07-17 04:19:31.260261,30.81,1,9.99,3.08,completed
2055,468,2025-07-17 05:39:09.959439,664.52,4,4.99,132.9,completed
2056,24724,2025-07-17 06:13:44.038694,646.77,4,9.99,0.0,shipped
2057,3579,2025-07-17 07:55:39.565869,1014.63,5,0.0,152.19,completed
2058,12631,2025-07-17 09:51:35.178757,772.23,4,0.0,154.45,completed
2059,20678,2025-07-17 10:00:29.642550,611.32,4,4.99,122.26,completed
2060,4164,2025-07-17 12:56:05.077905,1025.0,4,0.0,102.5,completed
2061,3100,2025-07-17 14:29:57.913800,311.75,1,9.99,0.0,completed
2062,7377,2025-07-17 20:23:20.690935,947.01,5,9.99,0.0,shipped
2063,9108,2025-07-18 03:16:18.473251,189.14,1,0.0,0.0,completed
2064,17850,2025-07-18 08:57:16.260398,280.23,1,4.99,0.0,cancelled
2065,11309,2025-07-18 09:26:39.176948,242.25,1,0.0,0.0,completed
2066,18424,2025-07-18 18:23:58.772643,749.97,4,9.99,75.0,completed
2067,2212,2025-07-18 18:41:17.090338,201.3,1,4.99,0.0,cancelled
2068,19223,2025-07-18 19:50:09.232670,205.63,2,9.99,41.13,completed
2069,13262,2025-07-19 00:28:33.967225,754.29,4,9.99,0.0,shipped
2070,11946,2025-07-19 03:28:16.443242,518.29,3,9.99,0.0,completed
2071,11069,2025-07-19 06:53:43.598801,677.72,3,9.99,0.0,completed
2072,11089,2025-07-19 07:42:27.797750,378.62,2,9.99,75.72,completed
2073,13434,2025-07-19 10:06:20.766718,215.37,1,4.99,21.54,returned
2074,16279,2025-07-19 11:18:33.460635,381.55,2,9.99,0.0,completed
2075,6469,2025-07-19 15:44:26.705952,436.21,2,4.99,0.0,completed
2076,18915,2025-07-19 17:31:33.797656,738.78,4,0.0,73.88,cancelled
2077,1409,2025-07-19 22:09:33.194237,369.44,3,0.0,0.0,completed
2078,22300,2025-07-19 22:18:19.874473,95.19,1,9.99,9.52,completed
2079,17927,2025-07-19 23:24:05.733872,717.57,4,4.99,0.0,completed
2080,10835,2025-07-20 00:55:40.101809,1190.41,5,4.99,119.04,cancelled
2081,24077,2025-07-20 01:48:38.501017,179.66,1,9.99,0.0,returned
2082,13604,2025-07-20 02:23:37.991224,492.23,2,0.0,98.45,completed
2083,21451,2025-07-20 06:10:15.041243,452.64,2,9.99,90.53,completed
2084,21566,2025-07-20 08:17:59.576130,121.42,1,4.99,0.0,completed
2085,8215,2025-07-20 09:01:23.613987,685.88,4,9.99,102.88,shipped
2086,16808,2025-07-20 10:15:31.097856,956.17,4,4.99,0.0,completed
2087,18641,2025-07-20 12:32:59.554401,756.96,4,9.99,113.54,completed
2088,11267,2025-07-20 14:24:34.085442,912.79,5,9.99,136.92,completed
2089,22400,2025-07-20 15:37:53.661771,523.06,2,9.99,0.0,completed
2090,18708,2025-07-20 17:19:08.180082,196.64,1,0.0,39.33,shipped
2091,11221,2025-07-20 17:49:49.935571,678.3,4,0.0,101.74,completed
2092,12003,2025-07-21 05:54:14.616514,602.11,4,4.99,0.0,completed
2093,13868,2025-07-21 11:25:05.367079,177.58,1,0.0,17.76,completed
2094,7770,2025-07-21 11:52:42.515361,936.32,4,9.99,0.0,completed
2095,3334,2025-07-21 13:33:00.746469,651.17,5,0.0,0.0,completed
2096,24645,2025-07-21 23:59:35.598056,112.83,1,0.0,16.92,cancelled
2097,12276,2025-07-22 02:00:43.499629,558.73,2,4.99,55.87,completed
2098,13954,2025-07-22 03:04:13.146141,543.64,3,0.0,108.73,cancelled
2099,20473,2025-07-22 03:39:09.165460,924.57,4,9.99,184.91,completed
2100,23488,2025-07-22 03:40:07.992578,642.55,3,0.0,0.0,returned
2101,9928,2025-07-22 07:43:05.271849,773.83,3,4.99,0.0,completed
2102,1108,2025-07-22 10:09:35.922231,427.88,4,4.99,0.0,completed
2103,17077,2025-07-22 11:35:44.989444,440.59,3,0.0,0.0,completed
2104,13435,2025-07-22 15:24:21.530960,458.29,5,4.99,0.0,completed
2105,6280,2025-07-22 19:28:58.502511,297.88,1,9.99,29.79,completed
2106,13423,2025-07-22 22:29:42.718783,462.92,4,0.0,69.44,completed
2107,2617,2025-07-22 22:30:12.118367,111.33,1,0.0,0.0,cancelled
2108,2946,2025-07-23 01:23:26.078700,63.54,1,0.0,0.0,shipped
2109,251,2025-07-23 04:04:37.193245,235.27,1,4.99,0.0,returned
2110,24057,2025-07-23 05:46:55.284011,143.27,2,4.99,21.49,completed
2111,21413,2025-07-23 10:20:36.281705,294.13,3,0.0,29.41,completed
2112,4186,2025-07-23 11:34:47.864095,140.02,2,0.0,0.0,shipped
2113,2478,2025-07-23 14:45:53.425669,946.95,4,0.0,94.7,completed
2114,9083,2025-07-23 19:53:27.644536,93.13,1,9.99,0.0,completed
2115,10739,2025-07-24 04:08:44.858112,357.05,2,9.99,35.71,completed
2116,5122,2025-07-24 11:55:06.069998,693.51,4,9.99,69.35,returned
2117,12176,2025-07-24 13:32:08.973971,868.79,5,9.99,0.0,completed
2118,19792,2025-07-24 21:18:22.680176,125.15,1,4.99,18.77,completed
2119,18390,2025-07-24 22:15:04.611930,597.67,3,9.99,119.53,completed
2120,11461,2025-07-25 00:41:12.246177,764.92,3,9.99,76.49,cancelled
2121,8128,2025-07-25 02:41:44.082551,557.35,4,4.99,55.74,completed
2122,19494,2025-07-25 05:55:03.140177,483.13,3,4.99,48.31,completed
2123,12307,2025-07-25 06:35:02.734437,101.73,1,4.99,0.0,completed
2124,20068,2025-07-25 09:26:30.754332,594.61,5,4.99,0.0,completed
2125,24687,2025-07-25 16:36:53.433592,527.24,2,9.99,105.45,completed
2126,20033,2025-07-25 16:42:26.968333,975.59,5,9.99,97.56,shipped
2127,16599,2025-07-26 01:58:06.017232,439.39,3,9.99,87.88,completed
2128,16337,2025-07-26 04:41:36.794985,163.08,2,9.99,32.62,completed
2129,15606,2025-07-26 07:32:56.136487,361.64,5,9.99,36.16,completed
2130,23233,2025-07-26 11:18:25.049154,1130.23,5,4.99,169.53,completed
2131,12173,2025-07-26 11:41:42.354060,851.87,3,0.0,85.19,completed
2132,10165,2025-07-26 19:18:40.725773,297.51,1,0.0,29.75,completed
2133,2944,2025-07-26 21:21:38.417659,779.69,4,9.99,0.0,completed
2134,2182,2025-07-27 01:15:04.692194,1193.58,5,9.99,179.04,completed
2135,10579,2025-07-27 03:58:04.972248,138.31,1,0.0,0.0,completed
2136,9901,2025-07-27 04:32:22.344798,710.02,3,0.0,0.0,completed
2137,12811,2025-07-27 05:20:47.232462,295.24,1,0.0,59.05,completed
2138,17581,2025-07-27 08:13:02.799498,139.51,1,0.0,27.9,shipped
2139,11411,2025-07-27 12:12:03.733360,839.46,4,0.0,0.0,completed
2140,19383,2025-07-27 20:37:50.053313,1181.7,5,9.99,118.17,completed
2141,24693,2025-07-27 22:50:57.059395,1108.36,5,9.99,221.67,completed
2142,20174,2025-07-28 12:43:38.113651,382.92,2,4.99,38.29,completed
2143,1978,2025-07-28 14:52:06.179181,652.99,4,0.0,65.3,completed
2144,15678,2025-07-28 18:58:05.216425,297.88,1,4.99,0.0,completed
2145,24572,2025-07-28 22:42:59.566690,962.9,5,9.99,0.0,shipped
2146,23024,2025-07-29 01:51:55.155987,947.08,5,9.99,0.0,completed
2147,6472,2025-07-29 02:40:30.896763,635.99,3,4.99,95.4,completed
2148,24240,2025-07-29 06:39:56.100217,433.34,2,9.99,0.0,shipped
2149,11098,2025-07-29 12:03:14.335935,136.65,1,9.99,0.0,cancelled
2150,23084,2025-07-29 13:17:50.931576,658.29,5,9.99,0.0,completed
2151,2446,2025-07-29 14:08:19.030680,960.63,5,0.0,0.0,completed
2152,22216,2025-07-29 19:18:33.191439,493.44,3,4.99,98.69,completed
2153,15286,2025-07-29 19:36:51.448691,775.87,3,0.0,0.0,completed
2154,22607,2025-07-29 20:30:48.583852,561.22,3,0.0,56.12,cancelled
2155,165,2025-07-30 00:35:46.693121,119.45,1,0.0,17.92,completed
2156,17572,2025-07-30 01:08:11.301894,755.54,3,4.99,0.0,cancelled
2157,11662,2025-07-30 07:44:32.609458,668.99,3,9.99,100.35,completed
2158,12892,2025-07-30 09:15:53.775197,308.95,1,4.99,0.0,cancelled
2159,23252,2025-07-30 12:06:16.781738,794.45,5,9.99,119.17,completed
2160,17557,2025-07-30 18:50:47.134157,560.78,3,0.0,0.0,completed
2161,22923,2025-07-31 05:06:12.001849,941.83,5,4.99,141.27,completed
2162,3696,2025-07-31 06:10:57.131095,746.03,4,9.99,149.21,completed
2163,16737,2025-07-31 08:05:37.113687,323.57,2,4.99,64.71,completed
2164,1980,2025-07-31 09:23:58.641131,843.37,5,4.99,0.0,completed
2165,16850,2025-07-31 09:31:15.625457,347.99,1,4.99,0.0,completed
2166,1980,2025-07-31 10:02:40.159987,860.16,4,9.99,0.0,completed
2167,13941,2025-07-31 13:19:45.521001,830.51,5,0.0,166.1,returned
2168,22355,2025-07-31 14:39:08.587198,177.28,1,0.0,0.0,shipped
2169,19988,2025-07-31 15:53:16.829983,612.5,3,4.99,122.5,cancelled
2170,8713,2025-07-31 15:57:57.821632,150.64,1,9.99,30.13,completed
2171,15932,2025-07-31 18:13:12.803974,83.26,1,0.0,0.0,cancelled
2172,5371,2025-08-01 03:16:12.860816,518.64,2,4.99,103.73,completed
2173,21800,2025-08-01 03:41:34.030481,645.29,4,4.99,0.0,completed
2174,8049,2025-08-01 05:25:22.018789,684.08,4,9.99,0.0,completed
2175,21884,2025-08-01 06:29:09.360104,610.41,3,9.99,61.04,completed
2176,6407,2025-08-01 11:06:20.660626,540.83,3,9.99,0.0,completed
2177,13169,2025-08-01 11:27:56.813308,450.65,3,0.0,67.6,completed
2178,220,2025-08-01 13:30:41.758455,921.8,5,9.99,92.18,shipped
2179,15556,2025-08-01 15:41:24.903159,1059.2,5,9.99,0.0,cancelled
2180,6225,2025-08-01 19:51:21.444449,32.36,1,9.99,6.47,completed
2181,17730,2025-08-02 01:09:38.903572,332.84,2,0.0,0.0,completed
2182,9658,2025-08-02 03:07:36.830969,343.33,1,0.0,0.0,completed
2183,2763,2025-08-02 04:11:53.440449,440.72,2,0.0,0.0,returned
2184,13365,2025-08-02 17:32:51.876258,307.3,4,9.99,61.46,completed
2185,19625,2025-08-02 17:50:51.725909,145.66,2,4.99,21.85,completed
2186,14892,2025-08-02 18:18:41.676981,1009.02,4,4.99,0.0,completed
2187,16415,2025-08-02 18:29:57.952149,566.13,3,0.0,56.61,shipped
2188,18146,2025-08-02 21:41:03.790227,845.56,5,4.99,0.0,completed
2189,8988,2025-08-02 23:09:14.041053,94.74,2,4.99,14.21,completed
2190,11228,2025-08-02 23:52:09.154491,260.89,2,0.0,0.0,completed
2191,8148,2025-08-03 08:43:05.110169,530.84,3,0.0,0.0,completed
2192,12745,2025-08-03 10:15:17.661146,1010.78,5,9.99,101.08,returned
2193,12859,2025-08-03 15:52:57.656164,327.92,3,9.99,0.0,shipped
2194,9112,2025-08-03 18:23:57.149604,478.45,2,9.99,71.77,cancelled
2195,1290,2025-08-03 23:12:29.119320,755.2,4,4.99,75.52,completed
2196,7627,2025-08-04 01:37:31.210559,887.55,4,4.99,0.0,completed
2197,72,2025-08-04 04:29:34.790385,801.76,5,0.0,0.0,cancelled
2198,15790,2025-08-04 10:00:47.350206,586.54,4,9.99,117.31,cancelled
2199,9608,2025-08-04 10:56:04.384571,742.62,4,4.99,111.39,completed
2200,4039,2025-08-04 14:06:06.241258,419.71,2,9.99,41.97,completed
2201,17761,2025-08-04 15:30:40.292948,89.66,1,4.99,0.0,completed
2202,11669,2025-08-05 00:33:18.054725,147.43,1,0.0,14.74,completed
2203,1077,2025-08-05 03:33:27.442332,290.17,1,4.99,0.0,completed
2204,17519,2025-08-05 11:27:47.276232,107.12,1,9.99,10.71,completed
2205,11703,2025-08-05 15:38:06.894110,294.63,2,4.99,0.0,completed
2206,2366,2025-08-05 16:31:46.664531,939.41,5,4.99,140.91,completed
2207,19778,2025-08-05 17:45:51.658400,68.61,1,4.99,0.0,completed
2208,11254,2025-08-05 18:56:18.382046,772.98,5,0.0,115.95,completed
2209,11590,2025-08-05 22:02:17.084020,626.5,3,0.0,0.0,completed
2210,22966,2025-08-05 22:48:07.122884,95.28,1,0.0,0.0,cancelled
2211,13402,2025-08-06 01:18:36.559604,288.71,1,0.0,43.31,shipped
2212,24538,2025-08-06 02:31:18.035772,262.06,1,9.99,0.0,cancelled
2213,14337,2025-08-06 02:42:58.689330,703.9,4,9.99,140.78,completed
2214,6869,2025-08-06 02:45:36.797820,548.28,5,9.99,109.66,completed
2215,14816,2025-08-06 05:31:58.480247,234.87,3,0.0,23.49,completed
2216,7853,2025-08-06 09:04:55.994193,588.24,3,9.99,0.0,completed
2217,16760,2025-08-06 11:44:39.576568,369.53,3,0.0,36.95,completed
2218,8,2025-08-06 14:32:39.308674,581.64,3,4.99,0.0,completed
2219,18542,2025-08-06 20:06:37.499989,748.27,3,0.0,149.65,completed
2220,9259,2025-08-06 20:56:47.063143,74.36,1,4.99,14.87,completed
2221,7435,2025-08-06 23:35:55.189458,641.21,3,0.0,64.12,completed
2222,18757,2025-08-07 01:31:03.611291,283.16,1,4.99,56.63,shipped
2223,13124,2025-08-07 14:46:04.726761,144.73,1,4.99,0.0,completed
2224,9412,2025-08-07 18:02:09.221101,949.77,5,0.0,0.0,completed
2225,18735,2025-08-08 12:25:57.962234,689.34,5,0.0,0.0,completed
2226,18164,2025-08-08 13:13:34.508173,303.13,1,4.99,45.47,returned
2227,17263,2025-08-08 16:10:11.870029,332.31,2,4.99,33.23,completed
2228,17986,2025-08-08 16:27:41.994682,790.76,5,0.0,158.15,completed
2229,1212,2025-08-08 17:50:01.009768,526.98,3,4.99,79.05,completed
2230,20652,2025-08-08 18:53:20.788983,209.8,1,4.99,0.0,completed
2231,20056,2025-08-08 19:45:11.401665,1120.63,4,0.0,168.09,completed
2232,13048,2025-08-08 21:08:51.699887,286.07,2,9.99,0.0,cancelled
2233,18326,2025-08-08 22:38:09.522343,487.69,5,4.99,48.77,completed
2234,17535,2025-08-09 02:07:44.262958,608.41,3,4.99,121.68,completed
2235,19349,2025-08-09 08:42:32.801955,731.98,4,0.0,0.0,cancelled
2236,24574,2025-08-09 14:31:42.182308,515.34,2,9.99,77.3,completed
2237,8406,2025-08-09 18:02:46.953657,182.79,2,0.0,27.42,completed
2238,19348,2025-08-09 19:42:15.395402,338.03,2,0.0,0.0,completed
2239,3458,2025-08-09 20:55:54.676043,641.04,3,9.99,96.16,returned
2240,9422,2025-08-09 23:27:44.945263,826.85,4,0.0,0.0,completed
2241,2007,2025-08-10 02:16:16.831697,464.39,4,0.0,69.66,completed
2242,11649,2025-08-10 03:46:41.329227,586.17,3,4.99,0.0,cancelled
2243,10498,2025-08-10 06:08:17.155497,605.49,5,9.99,90.82,completed
2244,9659,2025-08-10 09:57:52.987731,133.76,1,4.99,0.0,completed
2245,9954,2025-08-10 16:19:43.440381,732.48,4,0.0,146.5,completed
2246,1921,2025-08-10 18:59:39.179910,84.6,2,4.99,12.69,completed
2247,14710,2025-08-11 00:28:12.549696,173.85,2,4.99,34.77,shipped
2248,21391,2025-08-11 08:49:14.382884,1224.28,5,4.99,244.86,completed
2249,23457,2025-08-11 09:57:22.227687,229.2,1,4.99,34.38,completed
2250,13910,2025-08-11 12:20:16.907401,748.49,4,9.99,149.7,completed
2251,2662,2025-08-11 12:23:08.506802,1313.77,5,4.99,262.75,shipped
2252,11464,2025-08-11 12:32:51.294572,1175.63,5,9.99,176.34,completed
2253,2995,2025-08-11 13:05:37.209496,612.51,4,9.99,91.88,completed
2254,19074,2025-08-11 16:13:21.605445,635.18,4,4.99,0.0,completed
2255,24919,2025-08-11 22:44:11.587668,711.32,4,9.99,106.7,cancelled
2256,4664,2025-08-12 00:23:10.277794,689.23,5,4.99,103.38,completed
2257,12090,2025-08-12 06:06:33.615914,717.76,3,4.99,71.78,cancelled
2258,14166,2025-08-12 13:15:50.256185,450.17,3,4.99,45.02,completed
2259,23390,2025-08-12 20:39:22.478575,176.85,1,9.99,35.37,completed
2260,8846,2025-08-13 01:57:03.548211,621.46,3,4.99,0.0,completed
2261,17516,2025-08-13 04:54:42.863042,667.83,5,0.0,66.78,completed
2262,19614,2025-08-13 07:42:09.669804,527.0,2,0.0,52.7,completed
2263,8783,2025-08-13 13:09:24.809917,324.55,3,0.0,0.0,completed
2264,8839,2025-08-13 14:35:29.367102,656.65,3,9.99,0.0,completed
2265,11145,2025-08-13 22:14:54.700462,46.25,1,0.0,0.0,completed
2266,4342,2025-08-14 01:04:54.927715,98.07,1,9.99,0.0,completed
2267,15568,2025-08-14 02:12:26.158974,601.47,2,0.0,0.0,cancelled
2268,18886,2025-08-14 06:38:54.629480,299.99,2,0.0,0.0,completed
2269,22102,2025-08-14 10:19:34.456954,506.5,4,4.99,75.97,shipped
2270,2529,2025-08-14 17:18:25.357696,104.66,1,0.0,0.0,returned
2271,13632,2025-08-14 19:31:21.084522,621.59,3,9.99,0.0,completed
2272,23899,2025-08-15 00:01:39.191232,512.76,3,9.99,51.28,completed
2273,11317,2025-08-15 02:31:00.593857,939.04,4,9.99,0.0,completed
2274,11964,2025-08-15 03:51:48.434943,316.99,1,9.99,0.0,completed
2275,6689,2025-08-15 03:59:17.328295,950.72,5,4.99,95.07,completed
2276,10766,2025-08-15 10:59:56.521333,100.14,1,9.99,0.0,completed
2277,24293,2025-08-15 20:32:16.703230,60.49,1,0.0,0.0,cancelled
2278,17019,2025-08-15 23:06:16.308733,759.31,4,9.99,0.0,completed
2279,14441,2025-08-16 02:21:13.095634,921.27,5,4.99,184.25,completed
2280,22034,2025-08-16 05:32:10.342688,388.67,4,0.0,0.0,completed
2281,4746,2025-08-16 06:16:18.920472,287.65,2,9.99,43.15,completed
2282,1216,2025-08-16 11:16:55.944927,215.06,1,9.99,0.0,completed
2283,21641,2025-08-16 14:11:22.415959,225.13,2,9.99,0.0,completed
2284,6941,2025-08-16 14:58:15.285806,242.47,2,4.99,0.0,completed
2285,22337,2025-08-16 19:54:34.825142,554.17,5,0.0,0.0,completed
2286,1778,2025-08-17 05:19:02.604975,845.19,4,4.99,84.52,completed
2287,13045,2025-08-17 05:25:47.380153,117.22,1,9.99,17.58,completed
2288,16322,2025-08-17 16:25:42.186451,83.2,1,0.0,12.48,completed
2289,14746,2025-08-17 16:47:13.087125,973.96,5,9.99,0.0,completed
2290,2943,2025-08-17 19:33:18.993006,441.33,5,9.99,0.0,cancelled
2291,15244,2025-08-17 19:59:36.707931,268.29,1,0.0,0.0,completed
2292,18147,2025-08-17 22:51:12.730589,485.51,2,4.99,97.1,cancelled
2293,24229,2025-08-18 03:18:15.312416,367.06,3,0.0,55.06,completed
2294,10579,2025-08-18 05:55:32.708220,238.76,1,9.99,0.0,shipped
2295,21990,2025-08-18 08:31:43.999355,692.37,4,4.99,138.47,completed
2296,20889,2025-08-18 13:10:17.894221,460.3,2,4.99,69.05,completed
2297,19054,2025-08-18 15:36:23.553701,628.55,3,9.99,125.71,returned
2298,6950,2025-08-18 19:05:42.193270,679.69,3,4.99,67.97,completed
2299,4723,2025-08-18 20:30:07.329483,298.98,1,0.0,59.8,completed
2300,2763,2025-08-18 20:40:13.712654,604.32,4,0.0,0.0,completed
2301,24380,2025-08-19 06:06:24.496262,453.01,2,9.99,90.6,completed
2302,4007,2025-08-19 15:17:12.442559,673.13,2,9.99,0.0,completed
2303,15816,2025-08-20 01:34:21.104151,876.4,4,0.0,0.0,completed
2304,8836,2025-08-20 02:04:52.887406,579.06,2,4.99,0.0,completed
2305,8489,2025-08-20 07:19:30.804463,347.07,1,4.99,34.71,shipped
2306,16506,2025-08-20 07:55:05.418261,782.09,3,4.99,0.0,completed
2307,21221,2025-08-20 07:59:02.514618,869.2,5,4.99,130.38,completed
2308,13380,2025-08-20 13:10:15.179114,452.27,3,0.0,0.0,cancelled
2309,11925,2025-08-20 13:54:54.957383,557.13,4,0.0,83.57,completed
2310,2252,2025-08-20 17:21:54.051918,41.19,1,9.99,6.18,completed
2311,21865,2025-08-20 19:55:49.942985,263.3,2,0.0,0.0,completed
2312,16554,2025-08-20 20:41:45.458747,441.48,2,0.0,88.3,completed
2313,23757,2025-08-20 22:21:24.003645,271.47,1,4.99,0.0,completed
2314,14936,2025-08-21 02:22:58.016318,537.89,2,9.99,107.58,cancelled
2315,9083,2025-08-21 05:52:23.869005,490.57,3,9.99,0.0,shipped
2316,8296,2025-08-21 12:36:37.215065,167.81,1,0.0,0.0,completed
2317,12034,2025-08-21 13:40:34.319511,576.44,2,0.0,86.47,shipped
2318,14791,2025-08-21 15:44:47.112087,49.13,1,0.0,0.0,completed
2319,3066,2025-08-21 17:28:57.837203,433.91,3,9.99,43.39,completed
2320,13396,2025-08-21 21:08:44.495188,482.69,3,4.99,0.0,completed
2321,24259,2025-08-21 21:21:26.147867,1180.63,5,9.99,236.13,shipped
2322,16237,2025-08-21 23:35:42.318746,1020.85,4,9.99,204.17,completed
2323,18500,2025-08-22 03:36:42.585052,221.51,2,0.0,0.0,returned
2324,23390,2025-08-22 03:56:45.162605,1178.83,4,0.0,0.0,completed
2325,9132,2025-08-22 06:44:37.752655,325.47,2,0.0,0.0,completed
2326,14196,2025-08-22 09:02:29.595986,363.85,3,9.99,36.39,completed
2327,23107,2025-08-22 11:28:37.890608,888.95,4,9.99,0.0,completed
2328,22121,2025-08-22 12:22:32.574884,628.48,3,4.99,0.0,completed
2329,6157,2025-08-22 14:17:39.063575,501.88,2,4.99,0.0,completed
2330,18156,2025-08-23 01:44:33.888237,826.42,4,9.99,165.28,completed
2331,19034,2025-08-23 05:52:29.563086,522.85,2,9.99,104.57,completed
2332,20998,2025-08-23 10:48:48.953499,344.7,3,4.99,0.0,shipped
2333,6522,2025-08-23 11:33:17.299998,1196.08,5,0.0,239.22,completed
2334,8194,2025-08-23 15:37:48.578380,1270.3,5,9.99,127.03,completed
2335,2285,2025-08-23 17:43:11.188037,1162.1,5,4.99,174.31,completed
2336,13524,2025-08-23 19:56:04.462112,156.69,1,9.99,0.0,completed
2337,8115,2025-08-24 00:51:27.779355,1215.65,4,4.99,0.0,cancelled
2338,24268,2025-08-24 01:46:50.235948,302.73,3,0.0,0.0,completed
2339,1914,2025-08-24 03:48:32.651876,926.23,4,9.99,0.0,completed
2340,282,2025-08-24 08:38:04.633229,225.32,1,0.0,0.0,completed
2341,18380,2025-08-24 10:47:04.136862,461.01,3,4.99,0.0,returned
2342,19403,2025-08-24 13:54:38.722530,794.05,5,4.99,158.81,shipped
2343,12343,2025-08-24 14:50:43.811703,736.89,3,9.99,0.0,completed
2344,16320,2025-08-24 22:30:07.769432,384.25,3,4.99,0.0,shipped
2345,396,2025-08-25 01:42:09.539068,93.47,3,9.99,18.69,completed
2346,1610,2025-08-25 15:52:03.992799,1028.77,5,4.99,0.0,completed
2347,19496,2025-08-25 19:48:12.371285,567.51,3,4.99,113.5,completed
2348,22779,2025-08-25 20:02:42.701287,524.3,4,4.99,104.86,completed
2349,17851,2025-08-26 09:42:12.153309,122.26,1,0.0,24.45,completed
2350,21720,2025-08-26 19:58:46.450411,513.32,3,0.0,0.0,completed
2351,7750,2025-08-27 02:54:23.427933,586.59,3,9.99,0.0,completed
2352,24745,2025-08-27 11:44:53.351630,1282.15,5,9.99,0.0,completed
2353,18704,2025-08-27 12:04:59.850347,524.24,2,4.99,0.0,completed
2354,6968,2025-08-27 16:38:36.127836,761.1,3,4.99,0.0,completed
2355,21067,2025-08-27 20:52:54.663268,1305.76,5,4.99,130.58,completed
2356,22801,2025-08-27 20:57:45.584238,589.41,2,9.99,58.94,cancelled
2357,1054,2025-08-28 01:22:04.326047,210.61,1,9.99,0.0,returned
2358,1557,2025-08-28 06:13:29.126774,363.88,2,0.0,0.0,completed
2359,15872,2025-08-28 06:56:28.319078,860.27,5,4.99,86.03,completed
2360,1021,2025-08-28 09:28:03.796332,684.74,5,9.99,0.0,cancelled
2361,12313,2025-08-28 09:34:38.042593,370.99,3,4.99,0.0,completed
2362,20625,2025-08-28 10:09:04.299096,980.82,5,0.0,147.12,completed
2363,11844,2025-08-28 16:11:52.908691,351.16,2,0.0,70.23,completed
2364,4068,2025-08-28 16:28:05.403663,58.55,1,0.0,0.0,completed
2365,1124,2025-08-29 01:18:03.773847,169.99,1,0.0,0.0,returned
2366,635,2025-08-29 05:29:19.309762,279.14,2,9.99,27.91,completed
2367,23326,2025-08-29 10:35:03.755741,503.89,3,4.99,0.0,completed
2368,5656,2025-08-29 11:53:05.015610,618.92,3,4.99,61.89,shipped
2369,17095,2025-08-29 14:07:35.451101,577.17,5,9.99,57.72,completed
2370,4405,2025-08-29 16:33:45.587619,530.46,3,4.99,0.0,completed
2371,17794,2025-08-29 22:47:29.200585,37.3,1,0.0,3.73,shipped
2372,21905,2025-08-30 07:33:31.619643,173.41,2,0.0,0.0,cancelled
2373,7570,2025-08-30 09:09:28.889301,447.07,2,4.99,67.06,shipped
2374,9345,2025-08-30 14:44:23.680663,190.48,1,4.99,38.1,completed
2375,11879,2025-08-31 00:22:09.267725,933.67,5,4.99,93.37,completed
2376,10603,2025-08-31 03:33:12.986060,132.37,2,4.99,13.24,completed
2377,16025,2025-08-31 03:57:40.666093,412.16,3,9.99,61.82,completed
2378,2799,2025-08-31 12:45:20.296400,520.05,3,4.99,52.0,cancelled
2379,22635,2025-08-31 13:26:47.010906,845.86,3,4.99,169.17,shipped
2380,3458,2025-08-31 15:55:21.757216,700.83,5,9.99,0.0,completed
2381,13837,2025-08-31 23:31:28.591075,459.27,2,9.99,0.0,shipped
2382,2076,2025-09-01 00:18:34.797592,388.99,2,9.99,0.0,completed
2383,11306,2025-09-01 01:19:05.444517,480.38,2,9.99,72.06,completed
2384,23707,2025-09-01 02:31:53.158016,699.31,5,9.99,0.0,completed
2385,7350,2025-09-01 03:14:39.066526,77.06,1,0.0,0.0,cancelled
2386,1004,2025-09-01 04:35:28.163619,320.27,3,0.0,32.03,completed
2387,6383,2025-09-01 04:39:07.665313,972.89,5,4.99,97.29,completed
2388,8088,2025-09-01 17:23:51.762472,59.81,1,0.0,11.96,returned
2389,17546,2025-09-01 18:06:16.941370,321.87,2,9.99,0.0,cancelled
2390,14086,2025-09-01 19:34:27.078861,764.2,3,0.0,76.42,shipped
2391,1715,2025-09-02 02:35:16.039675,507.68,3,4.99,0.0,completed
2392,23008,2025-09-02 05:26:18.733171,342.2,2,0.0,51.33,completed
2393,17951,2025-09-02 06:15:05.492077,904.4,5,0.0,90.44,shipped
2394,20902,2025-09-02 06:46:24.901819,878.44,5,9.99,131.77,completed
2395,23693,2025-09-02 09:44:51.148476,152.99,2,4.99,0.0,completed
2396,6722,2025-09-02 11:23:54.492096,461.37,4,4.99,0.0,completed
2397,9077,2025-09-02 11:46:41.453145,407.93,3,0.0,0.0,completed
2398,18228,2025-09-02 11:54:34.561076,26.74,1,0.0,4.01,completed
2399,11237,2025-09-02 12:01:16.870816,1074.47,5,9.99,214.89,completed
2400,12859,2025-09-02 12:11:16.440362,413.83,4,0.0,41.38,cancelled
2401,21563,2025-09-02 18:07:16.786290,619.67,3,9.99,123.93,completed
2402,19571,2025-09-02 18:09:27.624244,727.57,4,0.0,109.14,shipped
2403,12850,2025-09-03 01:20:47.116275,529.38,3,9.99,79.41,completed
2404,5774,2025-09-03 11:11:44.127743,520.99,3,0.0,0.0,cancelled
2405,8543,2025-09-03 13:02:11.248477,977.4,4,0.0,0.0,completed
2406,16279,2025-09-03 16:43:41.370667,631.84,5,9.99,0.0,cancelled
2407,13851,2025-09-03 23:33:18.415851,1085.16,5,9.99,162.77,shipped
2408,24184,2025-09-04 00:22:09.345536,121.36,2,0.0,18.2,completed
2409,21605,2025-09-04 01:13:51.671608,30.48,1,0.0,0.0,completed
2410,11725,2025-09-04 01:55:05.667372,1039.91,4,9.99,207.98,shipped
2411,16025,2025-09-04 04:51:53.650501,215.72,1,4.99,21.57,shipped
2412,9770,2025-09-04 09:24:54.188992,170.5,1,9.99,17.05,completed
2413,13030,2025-09-04 14:30:49.052570,504.48,2,0.0,0.0,completed
2414,17962,2025-09-04 15:04:58.066019,89.93,2,4.99,0.0,returned
2415,6198,2025-09-04 15:11:42.330876,460.58,4,0.0,69.09,completed
2416,9879,2025-09-04 22:33:32.649760,164.05,2,9.99,0.0,completed
2417,8646,2025-09-05 07:21:54.553296,675.6,5,9.99,0.0,shipped
2418,18655,2025-09-05 09:37:55.565468,470.05,2,9.99,0.0,completed
2419,3574,2025-09-05 11:02:15.143738,958.92,4,4.99,0.0,shipped
2420,7511,2025-09-05 12:41:29.911579,159.66,2,0.0,31.93,completed
2421,8267,2025-09-05 15:15:29.650952,895.6,3,4.99,89.56,completed
2422,4460,2025-09-05 17:02:00.859140,294.67,2,9.99,0.0,completed
2423,2503,2025-09-05 21:44:29.119999,1022.65,5,9.99,0.0,completed
2424,22984,2025-09-06 05:13:10.102074,606.7,3,9.99,91.01,shipped
2425,13282,2025-09-06 16:33:33.727524,756.16,5,9.99,0.0,completed
2426,24993,2025-09-06 16:55:23.145769,241.98,1,9.99,0.0,completed
2427,4098,2025-09-06 17:48:47.584979,929.94,5,9.99,0.0,completed
2428,14062,2025-09-06 23:55:15.876455,1084.94,4,4.99,0.0,completed
2429,939,2025-09-07 03:41:43.413028,548.26,4,0.0,0.0,completed
2430,16881,2025-09-07 04:39:15.006109,724.72,3,9.99,0.0,completed
2431,6997,2025-09-07 04:56:45.489538,617.94,3,0.0,0.0,completed
2432,2259,2025-09-07 09:24:41.606197,1024.27,4,0.0,0.0,completed
2433,14223,2025-09-07 09:57:00.581703,685.01,4,0.0,0.0,completed
2434,16379,2025-09-07 10:27:33.174929,525.47,3,4.99,0.0,completed
2435,9348,2025-09-07 11:55:36.880045,486.12,4,0.0,0.0,completed
2436,19518,2025-09-07 12:37:44.405595,331.39,1,4.99,66.28,completed
2437,24197,2025-09-07 14:55:25.647008,522.94,2,4.99,104.59,completed
2438,22220,2025-09-07 17:54:15.587861,398.68,2,0.0,39.87,completed
2439,10494,2025-09-07 18:14:13.984574,708.59,5,0.0,0.0,shipped
2440,7725,2025-09-07 18:19:33.193932,828.82,5,9.99,165.76,completed
2441,9217,2025-09-07 21:54:22.540352,799.0,5,0.0,0.0,completed
2442,3408,2025-09-07 22:03:47.060697,804.12,4,9.99,120.62,completed
2443,18446,2025-09-07 22:24:08.792352,324.5,1,0.0,0.0,completed
2444,10523,2025-09-07 22:36:37.442736,301.43,1,0.0,45.21,cancelled
2445,15363,2025-09-07 22:48:23.884449,808.09,5,0.0,0.0,cancelled
2446,13501,2025-09-08 09:59:16.236603,254.65,2,4.99,50.93,shipped
2447,23666,2025-09-08 10:11:36.265768,846.57,5,4.99,0.0,completed
2448,15552,2025-09-08 12:59:23.040324,485.43,3,4.99,0.0,completed
2449,7217,2025-09-08 13:33:04.649346,193.58,2,9.99,29.04,returned
2450,4421,2025-09-08 17:17:02.140181,248.53,2,0.0,0.0,completed
2451,2269,2025-09-08 20:32:08.458618,581.47,2,0.0,0.0,completed
2452,7806,2025-09-08 21:26:15.201953,880.68,5,4.99,0.0,shipped
2453,22414,2025-09-08 23:20:52.486248,793.39,3,4.99,119.01,completed
2454,18366,2025-09-09 05:12:07.988470,818.19,5,9.99,0.0,completed
2455,9689,2025-09-09 08:36:07.782173,896.98,4,4.99,0.0,shipped
2456,3185,2025-09-09 10:53:56.429963,480.41,3,0.0,48.04,completed
2457,3403,2025-09-09 13:55:00.915609,379.4,2,9.99,0.0,completed
2458,15411,2025-09-09 16:35:44.180544,398.03,2,0.0,0.0,completed
2459,12826,2025-09-09 18:18:48.252437,980.58,5,4.99,98.06,completed
2460,21990,2025-09-09 21:05:42.614141,29.98,1,0.0,0.0,completed
2461,5331,2025-09-10 00:11:11.311801,262.22,1,4.99,39.33,completed
2462,9112,2025-09-10 01:41:39.770540,196.6,2,4.99,0.0,completed
2463,22460,2025-09-10 03:41:17.782886,533.54,3,4.99,0.0,shipped
2464,11879,2025-09-10 07:23:56.194015,105.4,1,4.99,0.0,shipped
2465,23838,2025-09-10 10:01:03.961463,504.05,3,0.0,0.0,completed
2466,20625,2025-09-10 10:47:45.343182,514.1,2,0.0,0.0,completed
2467,21735,2025-09-11 00:03:01.646433,86.2,1,4.99,0.0,completed
2468,12631,2025-09-11 02:28:25.737545,751.46,3,0.0,150.29,completed
2469,20225,2025-09-11 03:47:05.402733,169.78,2,9.99,0.0,returned
2470,11131,2025-09-11 05:28:28.026496,175.96,1,4.99,0.0,completed
2471,5906,2025-09-11 07:58:37.366969,419.55,2,4.99,83.91,completed
2472,17554,2025-09-11 09:49:56.144499,294.22,2,4.99,0.0,completed
2473,21919,2025-09-11 11:47:08.382496,717.27,5,4.99,0.0,shipped
2474,1408,2025-09-11 15:02:47.313364,750.66,5,9.99,112.6,shipped
2475,1830,2025-09-11 15:21:09.887865,712.38,4,9.99,0.0,completed
2476,2998,2025-09-11 19:13:56.025716,679.97,4,0.0,0.0,shipped
2477,5602,2025-09-12 00:05:16.372013,958.25,5,9.99,0.0,completed
2478,11305,2025-09-12 00:40:46.038763,103.85,2,0.0,15.58,completed
2479,9389,2025-09-12 01:50:46.637127,613.06,5,0.0,0.0,completed
2480,12794,2025-09-12 05:45:53.963926,898.74,5,4.99,0.0,completed
2481,10904,2025-09-12 05:55:47.369790,151.76,1,0.0,0.0,completed
2482,16284,2025-09-12 07:40:10.066410,260.39,2,9.99,0.0,shipped
2483,21695,2025-09-12 07:55:43.456574,348.22,2,4.99,34.82,completed
2484,21490,2025-09-12 17:01:24.581844,975.2,5,0.0,97.52,completed
2485,6519,2025-09-12 18:31:49.633893,468.15,2,9.99,0.0,completed
2486,8517,2025-09-12 19:33:07.824278,356.01,2,0.0,0.0,cancelled
2487,7420,2025-09-13 02:09:37.128853,493.67,5,9.99,49.37,returned
2488,4595,2025-09-13 03:45:29.013461,358.73,2,9.99,53.81,completed
2489,17296,2025-09-13 05:21:57.746719,404.4,4,9.99,40.44,cancelled
2490,16251,2025-09-13 05:35:28.739094,815.93,5,9.99,122.39,completed
2491,22014,2025-09-13 10:54:43.397546,187.66,1,9.99,37.53,completed
2492,4208,2025-09-13 11:19:03.332055,376.14,3,4.99,37.61,cancelled
2493,8271,2025-09-13 14:49:48.667398,420.82,2,9.99,0.0,completed
2494,12663,2025-09-13 17:27:20.728259,200.45,1,4.99,20.05,shipped
2495,19731,2025-09-13 17:54:39.558148,497.62,2,9.99,74.64,completed
2496,22601,2025-09-14 00:02:50.956518,527.83,2,4.99,105.57,completed
2497,15353,2025-09-14 00:51:17.666971,101.0,1,9.99,0.0,shipped
2498,14330,2025-09-14 00:58:06.046030,1035.97,5,0.0,155.4,completed
2499,10136,2025-09-14 02:51:15.925517,594.81,5,9.99,89.22,shipped
2500,12848,2025-09-14 04:18:50.994782,576.83,3,0.0,115.37,shipped
2501,4609,2025-09-14 09:33:06.646313,543.22,2,0.0,81.48,completed
2502,13143,2025-09-14 11:46:48.481202,363.1,2,9.99,0.0,completed
2503,15310,2025-09-14 13:53:48.928216,868.54,4,9.99,0.0,completed
2504,20904,2025-09-14 19:57:16.800789,490.18,3,0.0,98.04,completed
2505,24017,2025-09-14 19:57:56.373491,239.18,1,9.99,23.92,completed
2506,23186,2025-09-14 21:27:03.057053,220.79,2,9.99,33.12,completed
2507,24720,2025-09-14 22:42:31.181941,1048.73,5,9.99,0.0,completed
2508,23441,2025-09-15 00:30:36.780043,588.63,4,9.99,0.0,completed
2509,13965,2025-09-15 00:37:22.736172,400.26,2,9.99,0.0,completed
2510,1128,2025-09-15 03:12:26.815288,727.47,4,9.99,145.49,completed
2511,21670,2025-09-15 03:26:02.428082,989.19,5,0.0,148.38,cancelled
2512,11636,2025-09-15 03:56:29.108135,490.79,3,0.0,73.62,completed
2513,10778,2025-09-15 07:44:00.089828,254.4,2,4.99,25.44,returned
2514,20646,2025-09-15 15:30:03.454313,187.23,2,9.99,0.0,completed
2515,20341,2025-09-15 16:18:49.461106,297.71,2,4.99,0.0,completed
2516,19297,2025-09-15 20:31:52.947306,742.37,4,4.99,111.36,completed
2517,13617,2025-09-15 22:09:20.180728,833.77,3,0.0,0.0,completed
2518,9132,2025-09-16 01:32:37.817400,1151.91,5,4.99,0.0,completed
2519,18219,2025-09-16 03:58:23.544384,65.34,1,4.99,0.0,returned
2520,24133,2025-09-16 06:01:06.389365,218.31,1,9.99,43.66,completed
2521,23977,2025-09-16 23:20:09.876877,551.56,3,0.0,82.73,returned
2522,17645,2025-09-17 02:02:51.029414,850.94,5,9.99,85.09,completed
2523,5602,2025-09-17 02:52:20.769633,781.0,5,9.99,0.0,shipped
2524,4236,2025-09-17 06:35:52.222398,702.44,3,4.99,0.0,completed
2525,20341,2025-09-17 07:00:31.847701,480.84,2,0.0,0.0,completed
2526,14174,2025-09-17 07:08:06.340229,546.2,3,9.99,0.0,completed
2527,15574,2025-09-17 07:12:17.231158,969.72,5,0.0,0.0,completed
2528,23632,2025-09-17 10:52:35.909666,530.87,3,0.0,79.63,completed
2529,12279,2025-09-17 17:22:49.206414,203.23,1,4.99,30.48,shipped
2530,13896,2025-09-17 17:24:09.604394,875.85,4,4.99,175.17,completed
2531,12733,2025-09-17 17:27:44.469362,551.25,3,0.0,110.25,returned
2532,15719,2025-09-17 18:24:12.420669,320.58,3,4.99,0.0,cancelled
2533,4043,2025-09-17 20:01:17.704959,790.93,4,0.0,0.0,completed
2534,20022,2025-09-17 23:36:55.455727,999.55,5,4.99,99.95,completed
2535,4877,2025-09-18 05:36:35.331672,683.49,3,0.0,68.35,completed
2536,10579,2025-09-18 08:05:03.642408,396.77,4,9.99,0.0,shipped
2537,23792,2025-09-18 16:18:46.197513,603.28,4,4.99,0.0,completed
2538,13647,2025-09-18 19:25:41.050211,617.83,3,9.99,123.57,completed
2539,8047,2025-09-18 22:19:23.260092,1126.53,5,0.0,168.98,shipped
2540,23154,2025-09-19 00:42:00.967940,1123.12,4,9.99,168.47,completed
2541,1977,2025-09-19 03:33:25.162031,861.56,4,0.0,0.0,completed
2542,19000,2025-09-19 05:34:29.449669,524.25,3,4.99,52.43,returned
2543,3270,2025-09-19 16:37:45.678276,682.46,3,0.0,0.0,completed
2544,15460,2025-09-19 18:34:01.134001,771.31,3,0.0,0.0,shipped
2545,8157,2025-09-19 21:33:51.748732,329.53,1,9.99,0.0,completed
2546,19121,2025-09-20 01:18:14.259689,22.24,1,4.99,0.0,completed
2547,2232,2025-09-20 05:29:20.996385,708.23,3,9.99,0.0,completed
2548,24406,2025-09-20 06:02:02.783796,848.16,5,9.99,0.0,cancelled
2549,12771,2025-09-20 11:23:25.414013,234.57,2,4.99,46.91,cancelled
2550,16538,2025-09-20 20:29:01.736599,655.42,3,9.99,131.08,shipped
2551,11789,2025-09-20 21:07:53.092018,825.01,4,4.99,123.75,shipped
2552,24236,2025-09-21 06:56:53.771019,694.87,4,0.0,69.49,completed
2553,14245,2025-09-21 12:06:33.146391,862.57,4,9.99,0.0,completed
2554,3506,2025-09-21 14:35:38.050782,613.03,3,4.99,61.3,shipped
2555,24320,2025-09-21 14:45:35.164245,506.6,3,0.0,50.66,shipped
2556,15508,2025-09-21 18:12:01.238755,334.65,1,0.0,0.0,shipped
2557,3207,2025-09-21 19:33:05.801915,88.69,1,0.0,0.0,completed
2558,8088,2025-09-21 20:36:41.776415,616.46,4,0.0,61.65,completed
2559,3272,2025-09-21 21:50:14.551792,513.3,2,4.99,51.33,shipped
2560,17346,2025-09-21 21:56:19.263996,46.38,1,4.99,9.28,completed
2561,17572,2025-09-22 03:38:03.693118,539.88,2,4.99,107.98,shipped
2562,19513,2025-09-22 11:41:58.415374,324.83,3,9.99,0.0,shipped
2563,8399,2025-09-22 12:38:59.244870,449.77,5,0.0,0.0,completed
2564,22836,2025-09-22 15:20:35.065328,202.82,2,9.99,30.42,completed
2565,20571,2025-09-22 23:15:55.788706,747.77,4,0.0,0.0,shipped
2566,17534,2025-09-22 23:17:01.966219,442.82,2,9.99,66.42,completed
2567,24108,2025-09-23 02:50:34.475466,286.37,1,4.99,57.27,cancelled
2568,22656,2025-09-23 03:10:12.457868,1101.27,4,0.0,220.25,completed
2569,2045,2025-09-23 09:10:48.964174,589.22,3,4.99,0.0,shipped
2570,19138,2025-09-23 09:20:39.600225,657.23,5,9.99,98.58,cancelled
2571,20527,2025-09-23 12:46:18.840586,631.91,4,9.99,63.19,cancelled
2572,22875,2025-09-23 13:30:53.034965,430.58,3,9.99,0.0,completed
2573,15608,2025-09-23 15:42:16.533614,499.48,3,0.0,49.95,cancelled
2574,3015,2025-09-23 17:47:57.641695,1206.09,5,9.99,120.61,completed
2575,9527,2025-09-23 23:46:07.448976,948.32,5,0.0,0.0,completed
2576,19086,2025-09-24 04:01:55.015904,807.55,3,4.99,0.0,completed
2577,3065,2025-09-24 04:44:46.339165,81.1,1,9.99,16.22,completed
2578,11049,2025-09-24 04:52:17.777229,56.3,1,4.99,0.0,completed
2579,24475,2025-09-24 07:04:56.633221,653.61,4,9.99,0.0,completed
2580,10548,2025-09-24 13:29:31.807768,780.45,4,0.0,156.09,shipped
2581,6958,2025-09-24 19:40:00.164275,883.33,4,0.0,0.0,completed
2582,17968,2025-09-24 21:12:52.743373,498.99,3,9.99,99.8,completed
2583,18261,2025-09-24 22:43:11.540451,629.91,4,9.99,125.98,completed
2584,11136,2025-09-25 00:44:12.073793,285.79,1,0.0,0.0,completed
2585,17450,2025-09-25 02:18:39.400771,676.49,5,0.0,101.47,completed
2586,1071,2025-09-25 05:49:49.585055,1087.18,4,0.0,0.0,completed
2587,2185,2025-09-25 14:43:54.780245,289.86,2,4.99,0.0,completed
2588,14747,2025-09-25 16:55:02.998815,204.51,1,9.99,30.68,cancelled
2589,14430,2025-09-25 18:59:03.127663,678.37,3,4.99,0.0,completed
2590,18736,2025-09-25 19:32:49.718042,143.2,1,4.99,14.32,completed
2591,14931,2025-09-25 23:20:42.230351,788.92,4,4.99,118.34,completed
2592,6695,2025-09-26 00:09:09.322962,698.93,3,0.0,69.89,completed
2593,18511,2025-09-26 02:13:51.736802,754.9,5,9.99,113.23,cancelled
2594,11807,2025-09-26 04:52:27.411343,674.07,3,0.0,0.0,cancelled
2595,3456,2025-09-26 07:26:11.402681,244.02,3,9.99,0.0,completed
2596,23559,2025-09-26 08:07:51.486022,1031.11,5,4.99,0.0,cancelled
2597,19203,2025-09-26 09:28:46.908207,375.91,2,0.0,37.59,completed
2598,12961,2025-09-26 15:10:50.331179,690.94,5,9.99,0.0,completed
2599,5708,2025-09-26 17:15:14.684672,711.0,3,9.99,0.0,completed
2600,6821,2025-09-26 22:59:12.729633,320.17,3,9.99,48.03,completed
2601,22228,2025-09-27 00:47:15.785515,561.02,5,4.99,0.0,shipped
2602,18415,2025-09-27 07:24:17.331976,743.6,4,0.0,0.0,shipped
2603,5740,2025-09-27 07:37:11.816510,910.3,4,4.99,0.0,returned
2604,11303,2025-09-27 08:27:29.182942,619.66,2,9.99,0.0,shipped
2605,24269,2025-09-27 09:59:09.060839,1242.27,5,4.99,124.23,shipped
2606,14556,2025-09-27 11:05:45.801664,247.48,1,4.99,49.5,completed
2607,15473,2025-09-27 11:22:49.597286,921.31,4,0.0,184.26,completed
2608,2844,2025-09-27 12:19:26.148722,338.46,3,4.99,0.0,completed
2609,159,2025-09-27 13:27:55.460028,90.31,1,9.99,9.03,completed
2610,17448,2025-09-27 13:55:38.075019,526.29,3,0.0,78.94,shipped
2611,8293,2025-09-27 14:07:21.301419,1040.9,5,0.0,0.0,completed
2612,20557,2025-09-27 20:59:56.743457,191.4,2,4.99,0.0,completed
2613,18077,2025-09-27 21:43:14.218501,710.65,4,9.99,0.0,completed
2614,5314,2025-09-28 13:09:44.384415,251.7,3,4.99,0.0,shipped
2615,16224,2025-09-28 14:33:37.539483,485.36,2,0.0,0.0,shipped
2616,19517,2025-09-28 16:05:50.222344,54.13,1,4.99,0.0,completed
2617,18404,2025-09-28 20:51:38.695107,463.91,2,0.0,0.0,completed
2618,3985,2025-09-28 21:26:01.671416,144.44,1,4.99,14.44,completed
2619,13091,2025-09-29 00:56:10.574824,319.64,1,9.99,63.93,completed
2620,1557,2025-09-29 02:16:13.460910,555.3,3,9.99,55.53,completed
2621,2066,2025-09-29 02:37:06.965370,447.08,4,0.0,89.42,completed
2622,365,2025-09-29 04:50:32.436556,386.75,2,9.99,0.0,cancelled
2623,7320,2025-09-29 05:46:22.122887,241.95,1,9.99,0.0,completed
2624,17590,2025-09-29 12:30:13.853676,695.6,3,0.0,0.0,shipped
2625,7427,2025-09-29 13:03:39.594899,684.96,4,4.99,0.0,completed
2626,10134,2025-09-29 17:17:24.254537,570.96,3,4.99,0.0,shipped
2627,14087,2025-09-29 22:09:30.656289,610.71,3,0.0,91.61,shipped
2628,11567,2025-09-29 23:08:03.654098,562.78,3,0.0,0.0,returned
2629,19811,2025-09-30 00:31:21.931916,341.95,1,4.99,68.39,completed
2630,20932,2025-09-30 02:26:03.650518,741.71,3,9.99,0.0,completed
2631,22106,2025-09-30 03:08:36.558658,843.39,5,0.0,126.51,shipped
2632,15244,2025-09-30 04:12:25.668770,1078.89,5,9.99,161.83,shipped
2633,8677,2025-09-30 04:22:39.576675,556.44,5,4.99,0.0,shipped
2634,8088,2025-09-30 06:00:10.997903,716.8,4,4.99,71.68,returned
2635,17576,2025-09-30 06:49:08.177181,347.36,1,4.99,52.1,completed
2636,12347,2025-09-30 08:29:26.779915,270.04,4,0.0,0.0,completed
2637,11757,2025-09-30 08:48:59.643088,627.39,3,4.99,0.0,shipped
2638,15832,2025-09-30 11:00:42.579234,278.01,2,4.99,0.0,completed
2639,23020,2025-09-30 13:01:08.409884,1046.01,5,0.0,209.2,cancelled
2640,22859,2025-09-30 15:07:22.357028,1576.24,5,0.0,0.0,completed
2641,24155,2025-09-30 17:03:58.776649,742.2,3,0.0,0.0,completed
2642,24526,2025-09-30 17:19:52.595587,530.24,2,4.99,79.54,shipped
2643,16333,2025-09-30 18:22:54.978958,591.37,4,9.99,88.71,completed
2644,11007,2025-09-30 20:01:42.604800,172.22,1,4.99,17.22,completed
2645,13771,2025-09-30 21:38:27.464909,555.58,3,9.99,0.0,shipped
2646,17112,2025-09-30 22:42:54.502287,1121.17,5,9.99,224.23,completed
2647,16208,2025-10-01 01:35:07.651818,367.03,2,9.99,73.41,shipped
2648,8915,2025-10-01 07:10:20.626018,637.59,3,0.0,63.76,completed
2649,5380,2025-10-01 09:26:58.905352,819.83,5,0.0,0.0,completed
2650,12673,2025-10-01 09:47:38.708748,1066.54,4,0.0,0.0,completed
2651,4007,2025-10-01 10:37:49.870689,498.62,3,0.0,0.0,shipped
2652,14625,2025-10-01 12:10:40.496121,704.75,3,4.99,105.71,completed
2653,12807,2025-10-01 13:50:33.080514,77.96,1,4.99,0.0,completed
2654,16881,2025-10-01 14:39:50.268286,66.72,1,4.99,10.01,cancelled
2655,15267,2025-10-01 14:50:43.441663,64.22,1,4.99,6.42,completed
2656,16891,2025-10-01 15:06:52.073426,265.93,3,9.99,39.89,completed
2657,24892,2025-10-01 15:19:44.467141,787.1,5,9.99,118.06,completed
2658,1977,2025-10-01 16:29:49.493228,794.97,5,0.0,0.0,completed
2659,15881,2025-10-01 16:47:50.431956,700.88,3,9.99,0.0,completed
2660,15381,2025-10-01 17:53:25.067095,92.19,1,0.0,0.0,shipped
2661,17780,2025-10-01 18:30:14.140808,315.1,1,9.99,31.51,completed
2662,23738,2025-10-02 00:28:15.021593,70.26,1,0.0,0.0,completed
2663,21594,2025-10-02 00:44:27.456127,573.69,2,0.0,0.0,completed
2664,24515,2025-10-02 02:34:59.186488,1238.3,4,4.99,185.74,completed
2665,11847,2025-10-02 04:12:11.435724,683.46,5,0.0,68.35,completed
2666,23283,2025-10-02 06:12:51.491499,283.1,2,0.0,56.62,completed
2667,5700,2025-10-02 06:31:19.293127,270.22,1,4.99,0.0,completed
2668,3707,2025-10-02 09:52:08.379750,734.82,4,9.99,73.48,cancelled
2669,2348,2025-10-02 09:52:51.299981,283.71,2,0.0,0.0,completed
2670,23060,2025-10-02 10:15:29.702590,758.77,4,0.0,0.0,completed
2671,14219,2025-10-02 15:25:54.990299,1025.67,4,4.99,102.57,completed
2672,16161,2025-10-02 23:10:57.292984,584.95,3,9.99,0.0,completed
2673,5678,2025-10-03 03:03:40.259543,532.09,5,4.99,0.0,shipped
2674,23543,2025-10-03 06:20:21.287148,645.87,4,9.99,64.59,completed
2675,12631,2025-10-03 06:31:05.714520,325.45,2,0.0,0.0,completed
2676,7729,2025-10-03 14:26:50.180519,293.69,1,4.99,29.37,completed
2677,13536,2025-10-03 15:00:43.296226,307.4,2,4.99,0.0,completed
2678,22417,2025-10-03 15:35:21.290858,649.12,4,4.99,64.91,completed
2679,23216,2025-10-03 20:08:50.689609,1240.95,5,0.0,0.0,returned
2680,8314,2025-10-03 23:27:30.024742,460.0,2,9.99,92.0,completed
2681,19342,2025-10-04 03:11:29.048789,858.1,4,4.99,85.81,completed
2682,13569,2025-10-04 05:07:52.142511,615.01,2,0.0,123.0,completed
2683,20305,2025-10-04 08:23:06.180515,1076.14,5,9.99,161.42,completed
2684,23727,2025-10-04 12:13:09.463117,1102.94,5,4.99,0.0,completed
2685,4070,2025-10-04 13:24:02.427782,694.55,4,0.0,104.18,completed
2686,17801,2025-10-04 14:08:30.490010,1195.42,5,9.99,0.0,completed
2687,21129,2025-10-04 18:14:30.337412,370.26,2,9.99,0.0,completed
2688,23209,2025-10-04 18:14:36.702260,869.86,3,4.99,86.99,completed
2689,18938,2025-10-04 20:57:24.325199,1183.43,5,9.99,0.0,completed
2690,16415,2025-10-05 01:29:11.101981,736.61,4,9.99,73.66,completed
2691,1805,2025-10-05 04:50:20.826542,945.92,3,9.99,0.0,shipped
2692,11233,2025-10-05 05:26:30.262343,302.69,1,0.0,0.0,cancelled
2693,24188,2025-10-05 08:41:14.191847,111.9,2,0.0,0.0,shipped
2694,14745,2025-10-05 11:23:42.698648,142.3,2,4.99,14.23,completed
2695,14086,2025-10-05 14:33:53.940845,304.34,2,4.99,60.87,completed
2696,7540,2025-10-05 15:47:06.455968,156.09,3,4.99,15.61,completed
2697,7180,2025-10-05 16:10:18.649661,926.56,5,9.99,138.98,completed
2698,10288,2025-10-05 22:12:07.627254,983.98,5,0.0,0.0,completed
2699,14487,2025-10-06 04:19:08.982507,722.16,3,9.99,0.0,completed
2700,19818,2025-10-06 04:59:22.983945,343.22,1,4.99,0.0,returned
2701,16544,2025-10-06 06:09:03.167583,1020.85,4,0.0,204.17,completed
2702,16215,2025-10-06 06:32:32.078693,666.93,4,9.99,0.0,shipped
2703,23640,2025-10-06 08:06:55.542410,701.39,4,4.99,140.28,shipped
2704,6204,2025-10-06 13:26:07.385331,175.23,2,4.99,0.0,completed
2705,2939,2025-10-06 14:24:31.466700,465.61,3,9.99,93.12,completed
2706,2212,2025-10-06 15:09:11.734921,550.42,3,4.99,0.0,completed
2707,1927,2025-10-06 16:56:06.447308,1171.35,5,0.0,0.0,completed
2708,3592,2025-10-07 04:16:55.355840,106.64,1,9.99,10.66,completed
2709,4186,2025-10-07 04:39:13.442535,22.65,1,4.99,0.0,completed
2710,16313,2025-10-07 07:20:28.591482,130.92,2,0.0,0.0,completed
2711,14515,2025-10-07 08:27:40.502533,353.36,2,4.99,0.0,completed
2712,18449,2025-10-07 14:54:54.464552,230.09,1,0.0,0.0,cancelled
2713,23283,2025-10-07 16:00:27.857357,234.72,2,9.99,0.0,shipped
2714,114,2025-10-07 16:44:36.626414,900.66,4,9.99,0.0,cancelled
2715,17150,2025-10-07 17:06:17.845120,55.66,1,0.0,11.13,completed
2716,16669,2025-10-07 18:18:23.360562,798.05,3,9.99,119.71,returned
2717,19400,2025-10-07 19:21:41.899022,300.14,2,4.99,0.0,cancelled
2718,12949,2025-10-07 19:38:26.497904,309.94,2,0.0,0.0,completed
2719,4859,2025-10-07 23:22:29.645380,895.25,3,9.99,134.29,completed
2720,6031,2025-10-07 23:24:24.857342,1028.36,5,9.99,205.67,returned
2721,16005,2025-10-08 03:11:47.637571,996.99,5,0.0,149.55,shipped
2722,6374,2025-10-08 04:08:12.791437,523.46,2,4.99,52.35,completed
2723,16329,2025-10-08 05:01:58.108784,1000.11,5,9.99,0.0,shipped
2724,14038,2025-10-08 12:32:52.875283,202.96,2,0.0,0.0,completed
2725,8338,2025-10-08 13:07:01.181125,917.32,4,4.99,0.0,cancelled
2726,17951,2025-10-08 17:58:03.145462,262.01,2,9.99,0.0,completed
2727,676,2025-10-08 18:48:30.837332,280.58,1,9.99,42.09,shipped
2728,2699,2025-10-08 20:02:56.888421,482.7,2,0.0,48.27,completed
2729,6026,2025-10-08 23:34:52.522975,841.81,5,9.99,0.0,completed
2730,21059,2025-10-09 01:23:27.157019,757.62,4,4.99,0.0,cancelled
2731,13079,2025-10-09 02:19:18.956084,867.64,4,0.0,0.0,completed
2732,10255,2025-10-09 02:34:03.793177,320.66,1,9.99,0.0,returned
2733,610,2025-10-09 04:14:23.209500,630.47,4,0.0,0.0,completed
2734,15641,2025-10-09 04:31:15.623032,140.04,1,0.0,14.0,shipped
2735,4531,2025-10-09 06:45:35.027441,59.61,1,0.0,11.92,completed
2736,24571,2025-10-09 09:28:34.703466,325.67,1,9.99,48.85,completed
2737,17188,2025-10-09 10:45:11.653811,715.8,4,9.99,143.16,completed
2738,8641,2025-10-09 14:14:55.349076,57.52,1,9.99,0.0,completed
2739,5729,2025-10-09 14:38:46.861509,141.74,2,9.99,0.0,completed
2740,4329,2025-10-09 15:21:40.022822,963.77,5,0.0,0.0,completed
2741,159,2025-10-09 18:48:40.416199,620.67,4,4.99,0.0,completed
2742,2204,2025-10-09 21:08:10.738986,671.39,4,0.0,100.71,completed
2743,13024,2025-10-09 23:40:59.743843,648.42,3,0.0,0.0,returned
2744,1336,2025-10-09 23:44:01.494959,998.65,5,0.0,0.0,completed
2745,22548,2025-10-10 03:48:14.518579,585.71,5,9.99,0.0,completed
2746,6983,2025-10-10 16:53:31.398915,560.54,4,0.0,0.0,shipped
2747,3146,2025-10-10 17:18:14.240278,161.53,2,4.99,0.0,cancelled
2748,24786,2025-10-10 18:01:00.152342,399.59,2,0.0,59.94,shipped
2749,14451,2025-10-10 19:03:07.153774,341.73,3,4.99,0.0,completed
2750,8915,2025-10-10 22:06:36.165212,866.1,5,4.99,0.0,completed
2751,11747,2025-10-10 22:53:13.353942,195.91,1,9.99,19.59,cancelled
2752,8542,2025-10-11 04:50:25.726355,945.56,5,0.0,94.56,returned
2753,11847,2025-10-11 04:53:51.125865,902.68,5,9.99,90.27,completed
2754,18650,2025-10-11 07:10:15.918515,326.76,2,0.0,0.0,completed
2755,8395,2025-10-11 17:16:03.242895,655.35,2,4.99,0.0,completed
2756,4398,2025-10-11 19:49:02.606121,336.67,3,9.99,50.5,cancelled
2757,9161,2025-10-12 01:51:29.160806,229.66,1,4.99,0.0,completed
2758,5447,2025-10-12 03:06:03.537309,1301.7,5,4.99,130.17,completed
2759,16509,2025-10-12 03:40:34.656014,906.91,5,9.99,90.69,shipped
2760,251,2025-10-12 05:00:32.608009,270.11,1,0.0,40.52,shipped
2761,9965,2025-10-12 05:18:32.839397,978.2,5,9.99,97.82,completed
2762,1513,2025-10-12 14:14:47.197848,304.89,2,9.99,60.98,completed
2763,19814,2025-10-12 18:38:19.009065,386.26,4,4.99,0.0,completed
2764,24000,2025-10-12 19:16:20.922213,432.51,4,0.0,43.25,cancelled
2765,12433,2025-10-13 03:08:02.677962,645.97,4,9.99,129.19,shipped
2766,18176,2025-10-13 03:46:22.788830,834.92,3,9.99,0.0,completed
2767,24548,2025-10-13 11:30:50.507263,932.15,4,9.99,0.0,completed
2768,2839,2025-10-13 11:46:29.654318,826.96,5,0.0,165.39,completed
2769,20103,2025-10-13 17:38:04.402034,209.33,2,0.0,31.4,completed
2770,19285,2025-10-13 19:52:12.325341,631.81,5,9.99,0.0,completed
2771,18728,2025-10-13 21:50:48.744255,76.75,1,9.99,15.35,shipped
2772,10201,2025-10-13 23:05:52.016145,189.57,2,9.99,37.91,completed
2773,7893,2025-10-14 01:02:30.923226,30.69,1,9.99,0.0,completed
2774,23216,2025-10-14 08:00:09.809674,607.14,3,9.99,60.71,completed
2775,12610,2025-10-14 11:07:07.282127,418.67,2,9.99,0.0,completed
2776,15175,2025-10-14 14:00:48.993786,428.6,3,0.0,0.0,completed
2777,530,2025-10-14 17:27:30.676664,586.2,4,0.0,117.24,shipped
2778,15957,2025-10-15 00:19:37.531058,839.73,4,0.0,167.95,completed
2779,11637,2025-10-15 00:26:52.717635,561.82,2,4.99,112.36,completed
2780,5524,2025-10-15 01:54:56.818705,715.46,4,4.99,0.0,completed
2781,14152,2025-10-15 02:22:35.695227,707.4,3,9.99,141.48,completed
2782,14944,2025-10-15 07:12:53.351342,198.2,1,4.99,0.0,completed
2783,20389,2025-10-15 07:19:28.918913,454.01,2,0.0,0.0,completed
2784,1703,2025-10-15 09:28:36.952103,862.49,5,4.99,0.0,cancelled
2785,2045,2025-10-15 14:52:45.022875,263.57,2,9.99,26.36,shipped
2786,18352,2025-10-15 17:29:07.111861,201.11,3,0.0,0.0,completed
2787,2408,2025-10-16 03:27:42.181396,627.57,5,0.0,125.51,cancelled
2788,24379,2025-10-16 03:28:43.099971,941.37,5,0.0,0.0,shipped
2789,21844,2025-10-16 06:00:16.646142,1103.29,5,0.0,0.0,completed
2790,2205,2025-10-16 07:11:39.611884,987.09,5,9.99,98.71,completed
2791,11481,2025-10-16 13:03:24.996355,405.5,3,4.99,0.0,completed
2792,6085,2025-10-16 17:48:48.467598,168.0,1,4.99,0.0,completed
2793,8588,2025-10-16 18:17:00.154436,867.1,5,9.99,173.42,completed
2794,10403,2025-10-16 20:29:53.446255,303.8,1,9.99,30.38,shipped
2795,742,2025-10-16 21:47:04.339766,780.2,5,9.99,156.04,completed
2796,10199,2025-10-16 22:37:18.299012,617.81,2,4.99,0.0,shipped
2797,6379,2025-10-17 05:50:34.243932,588.47,3,4.99,117.69,cancelled
2798,15977,2025-10-17 07:04:39.769102,313.46,1,0.0,31.35,completed
2799,11789,2025-10-17 10:04:53.276921,1060.44,5,9.99,0.0,completed
2800,23899,2025-10-17 10:49:43.203048,408.64,3,9.99,40.86,completed
2801,24942,2025-10-17 11:25:30.494068,505.45,2,4.99,50.55,returned
2802,15751,2025-10-17 21:35:06.065624,849.66,4,4.99,0.0,shipped
2803,7717,2025-10-18 07:04:12.294109,574.37,5,9.99,114.87,cancelled
2804,3961,2025-10-18 10:03:51.578321,601.24,5,4.99,0.0,completed
2805,13396,2025-10-18 10:14:26.406018,30.87,1,4.99,0.0,shipped
2806,3398,2025-10-18 12:30:04.408499,761.12,5,0.0,0.0,cancelled
2807,3907,2025-10-18 18:42:38.250800,478.41,3,0.0,47.84,completed
2808,6087,2025-10-18 19:42:09.313048,320.83,1,4.99,32.08,completed
2809,10723,2025-10-18 19:47:25.620252,1032.3,4,9.99,154.84,shipped
2810,13247,2025-10-18 20:45:24.461846,431.94,3,4.99,0.0,completed
2811,7228,2025-10-18 22:23:07.371026,868.46,3,9.99,0.0,completed
2812,17230,2025-10-19 01:00:50.325950,297.88,1,9.99,0.0,shipped
2813,1921,2025-10-19 01:39:31.114493,323.59,1,4.99,64.72,completed
2814,20826,2025-10-19 05:17:19.700031,758.76,3,9.99,0.0,completed
2815,17826,2025-10-19 06:11:43.641695,445.52,3,0.0,89.1,completed
2816,1167,2025-10-19 08:02:54.520384,1023.64,5,4.99,204.73,completed
2817,8444,2025-10-19 09:17:08.105871,712.9,4,0.0,142.58,completed
2818,14589,2025-10-19 09:28:16.723994,644.56,3,4.99,0.0,completed
2819,6089,2025-10-19 11:32:49.864931,945.48,4,9.99,189.1,completed
2820,22453,2025-10-19 16:40:42.241420,570.08,2,9.99,57.01,completed
2821,15359,2025-10-19 17:07:27.596053,1534.72,5,0.0,306.94,completed
2822,10680,2025-10-20 02:55:38.856726,303.87,2,9.99,0.0,shipped
2823,20255,2025-10-20 03:51:19.250239,266.05,1,4.99,53.21,completed
2824,19533,2025-10-20 07:33:04.709636,592.85,3,4.99,59.29,completed
2825,1497,2025-10-20 11:15:32.212819,149.09,1,4.99,0.0,returned
2826,7180,2025-10-20 13:18:32.368052,900.25,5,9.99,0.0,completed
2827,2293,2025-10-20 14:14:12.895517,93.51,1,0.0,0.0,completed
2828,19693,2025-10-20 14:27:05.991558,645.55,4,9.99,129.11,completed
2829,17439,2025-10-20 15:01:20.707657,197.96,2,0.0,0.0,shipped
2830,5254,2025-10-20 19:30:28.438099,852.1,4,4.99,0.0,cancelled
2831,4234,2025-10-20 21:36:09.865912,842.84,4,4.99,0.0,completed
2832,8734,2025-10-20 23:02:26.021209,572.91,5,0.0,0.0,completed
2833,16220,2025-10-21 04:07:15.321330,590.79,2,0.0,0.0,completed
2834,15015,2025-10-21 05:35:30.496078,278.44,2,0.0,0.0,shipped
2835,23632,2025-10-21 05:38:01.636369,1267.44,5,0.0,126.74,cancelled
2836,23406,2025-10-21 10:10:56.849750,471.73,3,9.99,0.0,completed
2837,12769,2025-10-21 10:20:24.920874,367.74,2,9.99,0.0,completed
2838,17128,2025-10-21 11:24:56.376866,79.15,1,4.99,7.92,completed
2839,17729,2025-10-21 21:26:50.482101,125.77,1,9.99,18.87,completed
2840,11020,2025-10-22 07:16:56.503787,732.33,5,0.0,73.23,completed
2841,24218,2025-10-22 08:32:17.784397,1224.24,5,0.0,244.85,completed
2842,10790,2025-10-22 10:20:48.580412,261.78,1,4.99,26.18,completed
2843,7211,2025-10-22 13:49:28.928991,196.28,1,4.99,0.0,completed
2844,11199,2025-10-22 16:10:59.522856,603.09,4,0.0,120.62,completed
2845,4313,2025-10-22 16:30:19.480021,1218.51,5,4.99,0.0,shipped
2846,7708,2025-10-22 23:19:04.264566,713.85,3,0.0,142.77,completed
2847,13146,2025-10-23 02:32:00.920598,409.03,3,9.99,40.9,completed
2848,16699,2025-10-23 05:08:13.734795,1029.12,5,9.99,0.0,completed
2849,2452,2025-10-23 07:52:25.702153,163.01,2,9.99,24.45,shipped
2850,8411,2025-10-23 07:58:11.838285,463.97,3,4.99,0.0,completed
2851,17300,2025-10-23 08:40:50.745265,483.25,2,0.0,0.0,completed
2852,22548,2025-10-23 08:56:45.021236,512.47,4,9.99,0.0,shipped
2853,20420,2025-10-23 11:03:01.732436,438.69,3,9.99,43.87,returned
2854,15672,2025-10-23 14:19:43.066088,795.01,4,0.0,119.25,completed
2855,2259,2025-10-23 17:38:11.480630,248.33,1,4.99,0.0,completed
2856,2285,2025-10-23 17:40:31.756649,577.21,5,4.99,0.0,completed
2857,22209,2025-10-24 00:00:07.736812,821.12,5,9.99,0.0,shipped
2858,2019,2025-10-24 01:32:21.639380,603.65,5,9.99,0.0,completed
2859,2610,2025-10-24 03:11:37.441745,709.99,4,4.99,71.0,cancelled
2860,4015,2025-10-24 03:27:31.606109,470.06,3,0.0,47.01,returned
2861,21720,2025-10-24 06:15:37.767240,278.07,2,4.99,0.0,shipped
2862,13079,2025-10-24 09:33:36.562069,832.68,4,4.99,0.0,completed
2863,10127,2025-10-24 11:35:17.309664,1327.4,5,0.0,199.11,completed
2864,7043,2025-10-24 13:38:04.863553,891.05,5,4.99,178.21,completed
2865,21337,2025-10-24 16:19:59.281140,297.51,2,0.0,59.5,completed
2866,10790,2025-10-24 19:15:08.652341,866.17,5,0.0,0.0,returned
2867,1121,2025-10-24 20:02:35.590994,259.85,1,4.99,25.99,completed
2868,22556,2025-10-24 20:33:16.811064,883.01,5,9.99,88.3,shipped
2869,14152,2025-10-24 21:25:52.676883,304.19,1,4.99,0.0,completed
2870,1404,2025-10-24 22:34:56.018819,759.47,5,4.99,113.92,completed
2871,389,2025-10-25 00:33:59.162572,253.07,2,0.0,25.31,completed
2872,2066,2025-10-25 05:54:11.390239,98.97,1,4.99,19.79,completed
2873,403,2025-10-25 05:59:12.270635,74.33,1,0.0,14.87,completed
2874,921,2025-10-25 06:48:05.253970,1000.31,4,0.0,0.0,completed
2875,204,2025-10-25 09:11:35.739099,709.41,4,4.99,0.0,shipped
2876,20173,2025-10-25 10:04:20.801996,809.43,5,0.0,0.0,completed
2877,16129,2025-10-25 11:41:36.880053,829.38,4,0.0,165.88,completed
2878,2656,2025-10-25 14:44:41.136743,116.8,3,0.0,11.68,shipped
2879,8115,2025-10-26 00:40:04.494262,567.12,5,9.99,56.71,cancelled
2880,3175,2025-10-26 01:53:25.320518,162.98,1,0.0,32.6,cancelled
2881,12967,2025-10-26 07:09:58.537898,818.86,5,4.99,81.89,shipped
2882,17663,2025-10-26 10:08:29.750114,312.86,2,4.99,62.57,completed
2883,4832,2025-10-26 10:57:24.093228,441.58,2,0.0,0.0,completed
2884,23086,2025-10-26 13:06:20.778447,473.01,3,0.0,47.3,shipped
2885,9755,2025-10-26 14:06:02.420819,1059.36,5,9.99,158.9,completed
2886,22936,2025-10-26 18:48:07.323745,338.31,4,4.99,33.83,completed
2887,12304,2025-10-26 20:52:56.837416,1076.65,5,0.0,0.0,shipped
2888,9267,2025-10-26 22:08:14.258911,186.26,1,9.99,37.25,completed
2889,9548,2025-10-26 23:33:16.516694,237.8,1,9.99,35.67,completed
2890,10177,2025-10-27 03:11:31.093286,899.65,4,9.99,0.0,completed
2891,13075,2025-10-27 04:56:21.629244,371.55,3,4.99,55.73,shipped
2892,6811,2025-10-27 05:03:36.559955,490.03,4,9.99,98.01,returned
2893,15574,2025-10-27 05:08:33.493701,507.36,2,9.99,76.1,completed
2894,5162,2025-10-27 08:06:31.504263,410.4,2,0.0,0.0,shipped
2895,5932,2025-10-27 11:51:02.457732,1069.85,5,9.99,106.98,returned
2896,3555,2025-10-27 11:56:09.324074,656.01,5,0.0,0.0,completed
2897,14170,2025-10-27 20:56:41.087544,570.2,3,9.99,85.53,completed
2898,20889,2025-10-27 21:18:18.021508,972.2,5,4.99,0.0,shipped
2899,8175,2025-10-28 00:10:44.939927,881.49,4,0.0,176.3,completed
2900,4499,2025-10-28 00:28:48.571981,23.21,1,9.99,0.0,completed
2901,941,2025-10-28 03:24:50.366878,556.62,3,4.99,55.66,completed
2902,8293,2025-10-28 04:35:49.755419,987.77,5,4.99,0.0,completed
2903,15543,2025-10-28 07:36:40.556262,158.95,1,4.99,15.89,completed
2904,14607,2025-10-28 13:26:03.079571,259.97,3,9.99,0.0,returned
2905,15003,2025-10-28 13:41:12.365019,412.87,2,0.0,0.0,completed
2906,19792,2025-10-28 17:44:55.473304,549.64,4,0.0,0.0,completed
2907,12949,2025-10-28 18:30:53.241496,808.46,5,4.99,0.0,completed
2908,21212,2025-10-28 18:32:31.813919,520.81,3,9.99,0.0,returned
2909,567,2025-10-29 00:56:36.128752,803.72,5,4.99,160.74,shipped
2910,5820,2025-10-29 02:37:13.742326,300.75,1,0.0,30.08,shipped
2911,5697,2025-10-29 02:45:03.705264,849.74,5,9.99,0.0,returned
2912,12481,2025-10-29 09:24:58.765036,980.66,4,9.99,0.0,completed
2913,12707,2025-10-29 10:03:44.155600,802.59,3,4.99,0.0,completed
2914,14048,2025-10-29 10:27:07.434378,178.87,1,9.99,0.0,completed
2915,11870,2025-10-29 12:24:07.756900,971.38,4,4.99,0.0,completed
2916,21645,2025-10-29 14:12:13.620474,511.33,4,9.99,76.7,shipped
2917,15932,2025-10-29 14:52:43.546100,131.84,1,9.99,0.0,completed
2918,13138,2025-10-29 15:58:53.714387,939.91,5,0.0,93.99,completed
2919,667,2025-10-29 16:26:57.398763,94.2,1,4.99,0.0,completed
2920,19048,2025-10-29 19:40:11.520369,106.94,1,9.99,16.04,completed
2921,7490,2025-10-30 02:39:59.290459,355.12,2,4.99,53.27,completed
2922,7332,2025-10-30 03:31:53.468711,550.21,2,4.99,55.02,completed
2923,18114,2025-10-30 04:51:29.497110,229.86,2,9.99,34.48,completed
2924,4111,2025-10-30 07:32:03.701070,730.44,3,9.99,73.04,shipped
2925,14620,2025-10-30 08:02:52.471140,154.13,1,0.0,23.12,completed
2926,10494,2025-10-30 15:10:56.313380,250.89,1,4.99,37.63,completed
2927,1306,2025-10-30 15:43:52.928455,446.99,2,0.0,0.0,completed
2928,11882,2025-10-30 20:51:37.819455,430.18,4,9.99,0.0,shipped
2929,5721,2025-10-31 00:45:50.020327,1274.53,5,4.99,191.18,returned
2930,7700,2025-10-31 02:06:02.699124,728.18,5,9.99,72.82,shipped
2931,21087,2025-10-31 05:29:22.221059,268.7,1,0.0,0.0,shipped
2932,19265,2025-10-31 06:11:40.072120,611.39,3,4.99,0.0,completed
2933,17929,2025-10-31 07:00:15.721793,330.63,2,0.0,49.59,shipped
2934,8915,2025-10-31 11:08:41.779318,645.58,4,9.99,0.0,completed
2935,3574,2025-10-31 13:12:46.607237,866.95,4,4.99,0.0,completed
2936,10151,2025-11-01 00:19:44.122754,456.43,4,9.99,0.0,completed
2937,6501,2025-11-01 01:14:05.577126,968.21,5,4.99,0.0,completed
2938,19400,2025-11-01 04:05:15.921072,604.23,4,0.0,0.0,shipped
2939,11507,2025-11-01 05:16:53.412120,664.47,3,4.99,66.45,cancelled
2940,20899,2025-11-01 05:57:56.478169,585.06,5,0.0,0.0,completed
2941,22648,2025-11-01 09:04:39.409822,869.0,5,4.99,0.0,shipped
2942,9548,2025-11-01 10:32:01.478715,739.45,5,4.99,110.92,completed
2943,10766,2025-11-01 13:23:06.328271,994.37,5,0.0,149.16,completed
2944,21331,2025-11-01 19:02:49.456440,295.94,1,4.99,0.0,completed
2945,20862,2025-11-01 20:02:57.237788,448.71,2,0.0,67.31,returned
2946,8154,2025-11-01 21:17:16.130239,375.33,2,4.99,0.0,completed
2947,10922,2025-11-01 23:08:31.262144,413.82,2,9.99,62.07,completed
2948,3633,2025-11-02 07:05:44.365550,1091.44,4,9.99,218.29,completed
2949,11484,2025-11-02 12:38:25.237297,1092.18,5,0.0,0.0,shipped
2950,22401,2025-11-02 13:14:11.114451,742.28,4,9.99,0.0,completed
2951,18395,2025-11-02 19:45:46.764070,255.82,1,9.99,51.16,completed
2952,16699,2025-11-02 22:07:21.652637,296.62,1,4.99,29.66,shipped
2953,14141,2025-11-02 22:41:43.801786,415.96,3,4.99,62.39,shipped
2954,477,2025-11-02 23:05:33.454417,992.26,5,0.0,99.23,completed
2955,17635,2025-11-03 07:02:52.965785,729.61,4,4.99,145.92,cancelled
2956,5515,2025-11-03 12:28:23.690223,575.6,2,4.99,57.56,cancelled
2957,10098,2025-11-03 16:57:40.003272,688.88,4,4.99,0.0,cancelled
2958,1826,2025-11-03 17:05:00.181659,1181.42,4,9.99,0.0,completed
2959,24003,2025-11-03 18:28:09.653177,790.34,4,0.0,0.0,completed
2960,2763,2025-11-03 19:31:27.482712,923.03,4,4.99,184.61,completed
2961,10188,2025-11-04 02:51:19.881064,152.6,1,4.99,0.0,completed
2962,20945,2025-11-04 03:48:48.483691,399.77,2,4.99,59.97,completed
2963,1567,2025-11-04 04:00:03.987080,298.69,2,0.0,59.74,completed
2964,17926,2025-11-04 06:36:17.025236,327.67,1,9.99,0.0,completed
2965,13967,2025-11-04 07:13:25.044667,951.6,3,9.99,95.16,completed
2966,22548,2025-11-04 09:08:13.662550,605.75,3,4.99,90.86,completed
2967,14322,2025-11-04 12:48:47.899789,150.71,1,0.0,0.0,completed
2968,6689,2025-11-04 15:01:12.582967,643.23,5,4.99,0.0,completed
2969,20889,2025-11-04 15:06:13.328823,355.14,2,9.99,71.03,completed
2970,18245,2025-11-04 15:30:13.988965,643.04,3,9.99,96.46,completed
2971,15257,2025-11-04 15:36:46.067354,62.9,2,0.0,12.58,completed
2972,477,2025-11-04 17:53:14.779967,129.18,1,4.99,12.92,completed
2973,4159,2025-11-04 20:14:53.316218,1170.01,5,4.99,117.0,completed
2974,23966,2025-11-05 01:41:27.476347,888.14,4,9.99,0.0,shipped
2975,1068,2025-11-05 06:27:31.302814,271.66,2,4.99,54.33,returned
2976,11852,2025-11-05 09:16:15.698688,827.0,5,0.0,0.0,shipped
2977,19571,2025-11-05 13:43:17.243569,300.16,3,4.99,0.0,shipped
2978,20793,2025-11-05 14:32:36.854004,479.09,4,0.0,71.86,completed
2979,14903,2025-11-05 14:42:01.483852,226.72,3,9.99,45.34,completed
2980,8704,2025-11-05 18:08:57.336858,633.94,4,0.0,0.0,completed
2981,1214,2025-11-05 19:45:23.406324,702.48,3,0.0,0.0,shipped
2982,12304,2025-11-05 19:45:42.301865,786.38,4,9.99,0.0,shipped
2983,17114,2025-11-05 19:47:05.654688,444.05,2,4.99,66.61,completed
2984,14016,2025-11-05 20:40:56.404783,647.85,4,0.0,129.57,returned
2985,2866,2025-11-05 21:12:46.692074,952.19,4,4.99,0.0,completed
2986,17802,2025-11-05 23:13:15.305897,915.39,5,0.0,0.0,completed
2987,23154,2025-11-05 23:53:52.165935,583.17,2,0.0,58.32,completed
2988,20382,2025-11-06 00:01:53.136337,978.58,4,4.99,97.86,completed
2989,13755,2025-11-06 00:24:36.737230,110.61,1,0.0,11.06,returned
2990,23180,2025-11-06 06:02:38.568887,166.01,1,9.99,16.6,shipped
2991,11067,2025-11-06 07:43:46.866766,129.17,2,9.99,19.38,completed
2992,591,2025-11-06 09:11:45.509574,695.98,2,9.99,0.0,cancelled
2993,21629,2025-11-06 14:28:06.366127,850.29,4,4.99,0.0,completed
2994,14234,2025-11-06 17:35:16.086115,558.79,3,0.0,0.0,completed
2995,12607,2025-11-06 19:56:28.231585,86.7,1,0.0,0.0,shipped
2996,11520,2025-11-06 20:54:16.036067,937.75,5,9.99,0.0,completed
2997,3335,2025-11-06 21:14:22.509171,130.66,1,9.99,0.0,completed
2998,20001,2025-11-07 00:35:23.504005,283.36,2,4.99,0.0,completed
2999,2971,2025-11-07 03:06:41.390102,526.98,2,9.99,79.05,returned
3000,12707,2025-11-07 04:03:16.865244,77.29,1,4.99,0.0,completed
3001,20569,2025-11-07 05:19:59.529334,726.31,3,9.99,0.0,shipped
3002,11237,2025-11-07 12:26:41.996676,222.24,1,4.99,22.22,returned
3003,4526,2025-11-07 12:49:14.855378,881.95,5,9.99,176.39,completed
3004,1235,2025-11-07 14:06:41.556207,990.37,5,0.0,0.0,cancelled
3005,6968,2025-11-08 00:15:45.870104,33.8,1,4.99,0.0,completed
3006,3333,2025-11-08 01:07:07.279058,107.33,2,0.0,16.1,completed
3007,14153,2025-11-08 01:49:32.417863,55.14,1,0.0,5.51,completed
3008,18322,2025-11-08 02:08:47.466960,731.49,3,9.99,146.3,shipped
3009,10265,2025-11-08 02:19:24.115461,736.0,3,0.0,147.2,shipped
3010,3135,2025-11-08 14:18:52.007225,568.52,3,4.99,0.0,completed
3011,13041,2025-11-08 17:10:17.422429,308.41,2,0.0,46.26,completed
3012,6683,2025-11-08 18:58:27.738241,506.48,4,4.99,0.0,completed
3013,9015,2025-11-08 20:15:37.829837,588.36,3,4.99,117.67,shipped
3014,13204,2025-11-08 23:41:58.808994,427.76,2,0.0,0.0,completed
3015,303,2025-11-09 01:30:04.551110,720.26,4,4.99,0.0,cancelled
3016,19911,2025-11-09 04:07:52.376395,1168.74,5,4.99,0.0,completed
3017,13869,2025-11-09 04:35:22.215353,578.15,3,4.99,0.0,cancelled
3018,21306,2025-11-09 15:08:06.247795,346.22,3,0.0,0.0,cancelled
3019,22647,2025-11-09 19:20:42.646668,1109.85,5,0.0,166.48,completed
3020,12297,2025-11-09 22:58:23.690994,263.38,1,0.0,52.68,completed
3021,13860,2025-11-10 00:51:28.103459,627.98,4,4.99,0.0,cancelled
3022,1282,2025-11-10 03:36:36.569093,506.57,3,4.99,101.31,returned
3023,10041,2025-11-10 07:44:31.726598,779.31,5,4.99,0.0,completed
3024,567,2025-11-10 09:43:15.890122,173.9,2,0.0,34.78,completed
3025,4641,2025-11-10 10:44:32.739665,499.65,2,4.99,99.93,completed
3026,3792,2025-11-10 15:36:02.111983,707.3,3,0.0,0.0,completed
3027,8930,2025-11-10 17:23:55.321533,651.7,5,0.0,97.76,completed
3028,14176,2025-11-11 00:54:37.187405,1074.8,4,4.99,214.96,completed
3029,4818,2025-11-11 01:42:02.083622,841.09,4,0.0,168.22,completed
3030,22008,2025-11-11 02:49:50.127265,1130.33,5,0.0,226.07,returned
3031,8148,2025-11-11 06:45:55.822083,873.21,5,0.0,87.32,completed
3032,7217,2025-11-11 08:22:50.715997,923.07,5,4.99,0.0,cancelled
3033,16476,2025-11-11 09:33:29.809259,918.73,4,4.99,0.0,completed
3034,4355,2025-11-11 11:15:01.208596,696.43,4,9.99,139.29,completed
3035,19909,2025-11-11 14:02:41.311164,90.77,1,0.0,0.0,returned
3036,2185,2025-11-11 17:03:09.579481,423.14,4,4.99,0.0,shipped
3037,365,2025-11-11 17:26:32.121855,974.21,5,0.0,146.13,completed
3038,13633,2025-11-11 20:20:28.762632,128.84,2,9.99,0.0,completed
3039,8013,2025-11-11 20:54:17.786288,387.6,2,0.0,77.52,completed
3040,13060,2025-11-11 21:16:21.585839,370.22,2,9.99,37.02,completed
3041,20446,2025-11-11 22:09:10.925729,722.14,5,9.99,144.43,completed
3042,24730,2025-11-12 00:01:02.988244,1000.62,5,4.99,150.09,cancelled
3043,19665,2025-11-12 01:17:57.400222,635.25,2,4.99,95.29,completed
3044,14377,2025-11-12 02:05:12.297367,724.74,3,9.99,72.47,shipped
3045,24845,2025-11-12 03:12:27.387029,1035.39,5,0.0,155.31,completed
3046,7201,2025-11-12 04:47:34.709688,53.02,1,4.99,0.0,completed
3047,16335,2025-11-12 09:34:52.659753,494.87,3,4.99,0.0,cancelled
3048,13335,2025-11-12 12:53:55.674767,656.24,4,0.0,65.62,completed
3049,8847,2025-11-12 20:08:20.354938,64.0,1,9.99,0.0,completed
3050,6031,2025-11-12 21:09:31.780980,232.41,1,9.99,46.48,completed
3051,4575,2025-11-12 23:35:32.960868,215.97,2,4.99,0.0,shipped
3052,1342,2025-11-13 00:21:07.660364,1080.13,5,4.99,0.0,completed
3053,19293,2025-11-13 03:58:01.394875,571.79,3,9.99,114.36,shipped
3054,9798,2025-11-13 08:36:11.194018,113.65,1,4.99,0.0,completed
3055,2918,2025-11-13 11:23:44.701944,540.41,3,0.0,54.04,completed
3056,16750,2025-11-13 15:41:28.125879,768.42,4,9.99,0.0,returned
3057,15904,2025-11-13 19:17:18.048565,1144.43,5,4.99,228.89,completed
3058,24218,2025-11-13 19:24:48.982429,506.61,4,4.99,0.0,returned
3059,15790,2025-11-13 22:12:25.986141,442.43,3,0.0,0.0,shipped
3060,1963,2025-11-13 22:58:22.892568,716.55,5,4.99,0.0,completed
3061,14710,2025-11-13 23:21:58.819471,453.44,2,9.99,0.0,completed
3062,5485,2025-11-14 01:31:01.257354,757.46,5,4.99,113.62,returned
3063,19135,2025-11-14 03:57:51.184118,660.73,3,9.99,99.11,cancelled
3064,24413,2025-11-14 06:24:07.406746,489.42,2,4.99,73.41,shipped
3065,11554,2025-11-14 07:14:58.348572,362.54,2,9.99,72.51,completed
3066,19506,2025-11-14 08:04:33.519107,762.52,5,0.0,152.5,completed
3067,21831,2025-11-14 08:41:11.486186,415.66,4,0.0,62.35,completed
3068,11757,2025-11-14 09:47:34.850025,33.1,1,9.99,4.96,completed
3069,17697,2025-11-14 12:52:42.648976,533.04,2,9.99,53.3,completed
3070,18159,2025-11-14 13:57:35.053577,590.04,3,0.0,118.01,shipped
3071,12182,2025-11-14 15:27:28.044211,675.37,2,0.0,0.0,shipped
3072,3613,2025-11-14 15:57:21.254483,291.17,1,4.99,0.0,shipped
3073,3789,2025-11-14 16:21:26.414353,342.76,1,9.99,0.0,completed
3074,2510,2025-11-14 19:44:31.901047,890.27,5,4.99,0.0,completed
3075,11325,2025-11-14 19:59:16.314869,1080.17,5,9.99,108.02,completed
3076,22971,2025-11-14 23:00:43.426760,910.47,5,4.99,91.05,completed
3077,17951,2025-11-15 04:40:14.667798,434.69,2,0.0,43.47,cancelled
3078,14185,2025-11-15 14:43:13.004195,512.1,2,9.99,102.42,completed
3079,567,2025-11-15 16:01:49.092058,605.01,4,0.0,90.75,returned
3080,6482,2025-11-15 17:36:55.355634,107.65,2,4.99,16.15,completed
3081,22429,2025-11-15 18:09:38.576757,717.7,3,0.0,107.66,completed
3082,3627,2025-11-15 19:56:55.716128,500.06,2,9.99,100.01,completed
3083,20967,2025-11-15 20:57:01.723246,155.06,2,0.0,0.0,returned
3084,19819,2025-11-16 01:40:07.085754,518.58,3,9.99,77.79,completed
3085,20726,2025-11-16 02:22:45.374280,684.63,4,0.0,102.69,completed
3086,10727,2025-11-16 09:22:26.294434,740.49,3,9.99,0.0,completed
3087,1906,2025-11-16 16:40:58.716436,1119.55,5,9.99,167.93,returned
3088,7490,2025-11-16 18:06:32.111722,58.91,1,4.99,11.78,completed
3089,15832,2025-11-16 18:32:49.054318,798.81,4,0.0,159.76,completed
3090,13032,2025-11-16 19:34:20.431261,756.25,5,0.0,0.0,completed
3091,9559,2025-11-16 21:10:08.449626,591.18,5,4.99,0.0,completed
3092,8385,2025-11-17 04:00:38.646270,352.42,2,9.99,70.48,shipped
3093,4418,2025-11-17 05:16:13.825101,872.47,3,0.0,87.25,completed
3094,17244,2025-11-17 11:21:08.298757,572.83,4,4.99,57.28,cancelled
3095,8007,2025-11-17 16:07:26.996929,77.43,1,4.99,15.49,completed
3096,21033,2025-11-17 21:12:16.406627,887.74,4,4.99,177.55,completed
3097,19215,2025-11-17 21:29:06.764692,840.45,5,0.0,84.05,returned
3098,8527,2025-11-17 22:11:25.606058,824.74,4,4.99,123.71,completed
3099,21541,2025-11-18 00:01:32.709181,84.41,1,9.99,0.0,completed
3100,23216,2025-11-18 00:22:25.827737,194.57,1,9.99,19.46,shipped
3101,16443,2025-11-18 03:04:32.015810,605.5,2,9.99,121.1,completed
3102,18007,2025-11-18 09:07:01.110599,837.03,4,4.99,83.7,completed
3103,8846,2025-11-18 15:05:35.073704,925.68,5,9.99,92.57,completed
3104,12827,2025-11-18 15:22:22.884103,520.78,5,0.0,104.16,completed
3105,3022,2025-11-18 15:32:48.061088,414.86,3,9.99,0.0,completed
3106,20886,2025-11-18 16:14:02.498505,829.84,5,4.99,124.48,completed
3107,14339,2025-11-18 18:55:44.210280,990.41,5,0.0,0.0,completed
3108,13029,2025-11-19 00:17:21.590920,903.9,5,0.0,90.39,completed
3109,8334,2025-11-19 01:27:24.434053,438.13,2,4.99,65.72,completed
3110,11616,2025-11-19 01:48:55.106694,310.6,2,4.99,0.0,completed
3111,8989,2025-11-19 05:55:32.557121,1034.94,4,4.99,0.0,completed
3112,18775,2025-11-19 10:22:22.792823,383.63,3,9.99,76.73,completed
3113,22454,2025-11-19 11:34:05.284053,199.42,1,4.99,0.0,shipped
3114,11814,2025-11-19 12:06:52.110382,72.09,1,0.0,0.0,completed
3115,14804,2025-11-19 12:33:33.860871,198.42,3,0.0,29.76,completed
3116,24932,2025-11-19 15:34:02.825510,114.83,1,0.0,11.48,completed
3117,15892,2025-11-19 15:58:24.922305,428.69,3,9.99,64.3,completed
3118,2157,2025-11-19 18:30:43.539258,789.64,4,4.99,0.0,completed
3119,1813,2025-11-19 20:59:57.912452,429.47,2,0.0,64.42,completed
3120,4282,2025-11-19 22:13:37.588008,323.36,1,0.0,32.34,completed
3121,9097,2025-11-20 02:12:55.852708,788.11,5,4.99,78.81,shipped
3122,22701,2025-11-20 03:03:13.882600,1047.16,4,9.99,0.0,shipped
3123,20584,2025-11-20 05:41:06.026224,507.8,5,4.99,76.17,completed
3124,16294,2025-11-20 10:02:36.568995,763.05,5,9.99,0.0,cancelled
3125,1947,2025-11-20 14:02:47.208858,363.7,2,4.99,0.0,completed
3126,5656,2025-11-20 16:13:47.042631,509.98,3,0.0,51.0,completed
3127,22512,2025-11-20 16:27:55.435910,587.12,4,9.99,117.42,shipped
3128,1238,2025-11-20 16:40:02.799463,749.49,4,9.99,112.42,completed
3129,8184,2025-11-20 18:54:16.178678,422.23,3,9.99,63.33,completed
3130,9384,2025-11-20 20:07:50.168686,1042.91,4,0.0,0.0,completed
3131,6089,2025-11-20 21:11:20.342609,106.63,1,0.0,10.66,completed
3132,20200,2025-11-20 23:18:48.760621,208.43,1,9.99,0.0,completed
3133,3879,2025-11-21 00:15:03.692273,432.45,2,0.0,64.87,completed
3134,12436,2025-11-21 05:47:11.777064,296.53,1,4.99,44.48,shipped
3135,11578,2025-11-21 07:28:23.208645,215.88,2,4.99,0.0,shipped
3136,4832,2025-11-21 10:03:32.819392,347.44,2,9.99,0.0,cancelled
3137,12502,2025-11-21 14:15:11.084327,351.25,3,4.99,70.25,completed
3138,17534,2025-11-21 14:18:02.725790,651.88,4,9.99,0.0,shipped
3139,7877,2025-11-21 15:35:04.138558,520.76,4,9.99,104.15,completed
3140,8849,2025-11-21 22:19:19.583633,156.09,1,0.0,23.41,completed
3141,8597,2025-11-22 04:22:37.177708,1029.88,5,4.99,205.98,completed
3142,7904,2025-11-22 05:27:24.019080,1254.68,5,4.99,125.47,completed
3143,19292,2025-11-22 06:04:38.644634,907.4,5,0.0,0.0,completed
3144,10202,2025-11-22 07:23:54.157503,443.62,3,4.99,0.0,completed
3145,11131,2025-11-22 08:26:08.243379,134.75,1,4.99,26.95,completed
3146,23551,2025-11-22 09:37:50.103946,263.81,1,9.99,0.0,completed
3147,20242,2025-11-22 09:56:13.525673,1130.02,5,4.99,226.0,completed
3148,17801,2025-11-22 10:00:44.764995,497.05,3,9.99,0.0,completed
3149,5406,2025-11-22 14:33:08.158535,1001.19,5,4.99,200.24,completed
3150,18093,2025-11-22 14:46:23.363003,626.01,4,0.0,0.0,completed
3151,8358,2025-11-22 18:11:46.523335,269.9,1,9.99,0.0,completed
3152,13263,2025-11-22 18:17:17.556401,415.88,3,4.99,0.0,cancelled
3153,12987,2025-11-22 18:32:59.687709,1092.64,5,0.0,163.9,completed
3154,9440,2025-11-22 19:17:01.903941,560.0,3,4.99,0.0,completed
3155,14869,2025-11-22 22:48:25.905086,599.05,4,0.0,89.86,completed
3156,15624,2025-11-23 03:49:28.188807,715.93,5,0.0,71.59,completed
3157,1567,2025-11-23 04:34:23.958537,38.9,1,9.99,0.0,shipped
3158,1784,2025-11-23 05:59:02.127556,168.02,1,4.99,33.6,completed
3159,3921,2025-11-23 06:55:19.410610,1065.97,5,9.99,0.0,shipped
3160,23082,2025-11-23 08:14:41.068554,410.56,3,0.0,0.0,completed
3161,16753,2025-11-23 13:15:17.221653,154.03,1,4.99,0.0,completed
3162,530,2025-11-23 13:57:41.938526,898.47,5,9.99,134.77,completed
3163,24225,2025-11-23 14:07:36.495151,288.2,3,0.0,57.64,completed
3164,18513,2025-11-23 14:12:22.615957,347.75,1,9.99,0.0,completed
3165,16313,2025-11-23 17:46:39.895081,708.65,3,4.99,70.86,completed
3166,3088,2025-11-23 18:16:51.628636,414.22,2,0.0,41.42,shipped
3167,2157,2025-11-24 02:16:26.068982,154.75,1,0.0,15.48,cancelled
3168,11079,2025-11-24 03:28:58.745125,740.61,5,4.99,111.09,completed
3169,10425,2025-11-24 05:48:50.840883,471.03,3,9.99,94.21,completed
3170,4091,2025-11-24 08:47:35.916034,812.13,3,0.0,0.0,completed
3171,15482,2025-11-24 08:55:53.968518,34.92,1,4.99,3.49,completed
3172,18362,2025-11-24 09:34:25.622947,636.59,3,4.99,63.66,completed
3173,20625,2025-11-24 10:14:38.051464,232.66,2,9.99,0.0,completed
3174,22777,2025-11-24 10:19:13.355726,455.32,4,4.99,0.0,completed
3175,17373,2025-11-24 14:22:21.558001,691.54,3,0.0,0.0,completed
3176,5101,2025-11-24 16:04:58.326952,414.95,3,0.0,0.0,completed
3177,7356,2025-11-25 00:40:26.742669,640.13,4,4.99,96.02,completed
3178,23219,2025-11-25 03:42:09.062580,955.24,4,0.0,95.52,completed
3179,15842,2025-11-25 04:03:18.365382,176.41,1,4.99,26.46,shipped
3180,18972,2025-11-25 05:15:13.446980,248.91,2,0.0,49.78,shipped
3181,12400,2025-11-25 09:50:30.392609,479.2,3,9.99,71.88,completed
3182,14476,2025-11-25 09:58:10.799870,596.86,3,0.0,0.0,returned
3183,1257,2025-11-25 17:42:25.704825,677.52,3,9.99,67.75,cancelled
3184,2378,2025-11-25 19:01:41.784013,1170.83,5,9.99,234.17,completed
3185,11154,2025-11-25 19:54:50.299837,1019.26,4,9.99,152.89,completed
3186,13980,2025-11-25 20:27:47.680967,701.05,3,0.0,70.11,completed
3187,16659,2025-11-25 23:14:34.183068,576.89,4,9.99,0.0,completed
3188,19179,2025-11-25 23:16:53.456516,578.32,3,0.0,86.75,completed
3189,11020,2025-11-26 02:22:49.543377,254.05,2,4.99,25.41,cancelled
3190,9980,2025-11-26 03:54:48.223386,703.42,4,0.0,70.34,returned
3191,15465,2025-11-26 05:05:15.250749,541.45,2,9.99,0.0,completed
3192,15558,2025-11-26 06:37:09.006174,127.4,1,4.99,25.48,completed
3193,9755,2025-11-26 09:52:30.570127,1028.21,4,9.99,205.64,completed
3194,7254,2025-11-26 11:01:13.416664,1113.79,5,9.99,0.0,completed
3195,9773,2025-11-26 16:39:24.389831,302.38,1,0.0,0.0,returned
3196,410,2025-11-26 18:16:12.043412,792.5,5,4.99,0.0,completed
3197,22755,2025-11-27 01:13:47.772338,330.12,1,9.99,0.0,completed
3198,7514,2025-11-27 05:37:34.987470,843.06,4,0.0,0.0,cancelled
3199,23111,2025-11-27 06:13:35.520563,805.67,5,0.0,0.0,completed
3200,6575,2025-11-27 07:52:34.496573,773.07,4,4.99,115.96,completed
3201,19302,2025-11-27 11:24:33.269210,407.76,2,4.99,61.16,cancelled
3202,11306,2025-11-27 11:45:37.485244,90.73,1,4.99,13.61,completed
3203,15568,2025-11-27 13:32:43.524342,372.52,2,0.0,0.0,cancelled
3204,23085,2025-11-27 16:01:44.849653,737.15,3,9.99,110.57,completed
3205,20483,2025-11-27 16:16:01.350995,516.03,2,9.99,77.4,completed
3206,19988,2025-11-27 18:14:35.271964,1049.71,5,9.99,104.97,completed
3207,20173,2025-11-27 22:17:42.929131,814.51,4,0.0,162.9,shipped
3208,10835,2025-11-27 22:33:28.530873,787.09,5,0.0,157.42,completed
3209,19461,2025-11-27 22:58:08.156168,706.96,5,0.0,0.0,completed
3210,12027,2025-11-28 07:00:48.674312,396.76,2,0.0,0.0,shipped
3211,19926,2025-11-28 09:19:51.963540,543.29,3,4.99,81.49,completed
3212,14016,2025-11-28 13:41:16.634531,493.01,5,4.99,49.3,completed
3213,14108,2025-11-28 14:12:15.275857,447.35,2,0.0,0.0,completed
3214,15866,2025-11-28 18:20:34.041550,1111.31,5,4.99,222.26,returned
3215,22156,2025-11-28 18:41:20.981215,540.77,4,4.99,54.08,completed
3216,17415,2025-11-28 19:44:03.169986,50.88,1,4.99,10.18,returned
3217,19368,2025-11-28 20:51:10.605383,803.56,4,9.99,0.0,completed
3218,20131,2025-11-29 03:57:18.302063,422.4,3,4.99,42.24,completed
3219,22389,2025-11-29 06:41:32.165772,415.02,3,0.0,83.0,completed
3220,23131,2025-11-29 07:23:06.104812,481.69,3,4.99,0.0,completed
3221,22701,2025-11-29 07:52:15.943486,62.34,1,0.0,9.35,cancelled
3222,11786,2025-11-29 14:38:46.809332,270.71,1,9.99,27.07,cancelled
3223,16881,2025-11-29 15:04:09.896250,841.41,5,0.0,0.0,shipped
3224,13044,2025-11-29 17:36:16.722183,280.24,2,0.0,0.0,completed
3225,21527,2025-11-30 03:18:11.296077,1083.52,5,9.99,0.0,cancelled
3226,22469,2025-11-30 06:50:28.613598,36.21,1,4.99,0.0,shipped
3227,23100,2025-11-30 09:55:41.941723,461.91,3,9.99,69.29,returned
3228,15327,2025-11-30 12:41:19.787734,863.57,5,9.99,172.71,completed
3229,22700,2025-11-30 13:17:04.638199,90.78,1,9.99,9.08,completed
3230,9890,2025-11-30 16:20:05.170154,894.36,5,4.99,0.0,completed
3231,11885,2025-11-30 21:28:00.918861,895.47,5,0.0,134.32,shipped
3232,2700,2025-12-01 01:00:27.089525,476.03,4,0.0,0.0,shipped
3233,16208,2025-12-01 04:39:09.527969,1121.1,5,9.99,0.0,completed
3234,12830,2025-12-01 06:21:28.825664,602.9,4,4.99,0.0,completed
3235,12153,2025-12-01 09:18:47.094569,131.57,1,4.99,13.16,completed
3236,8793,2025-12-01 11:06:27.242220,150.61,1,9.99,0.0,completed
3237,15939,2025-12-01 16:00:42.560320,1364.81,5,9.99,0.0,completed
3238,17338,2025-12-01 16:07:10.154573,502.66,4,0.0,0.0,completed
3239,3256,2025-12-01 16:45:33.273230,585.87,4,4.99,0.0,completed
3240,388,2025-12-01 20:41:57.951281,675.57,3,4.99,0.0,returned
3241,6612,2025-12-01 20:59:58.186113,204.3,1,4.99,0.0,completed
3242,11498,2025-12-01 21:56:03.939994,129.8,1,0.0,0.0,completed
3243,24552,2025-12-02 00:10:30.043849,1122.71,5,0.0,224.54,cancelled
3244,5778,2025-12-02 01:36:20.717497,330.81,2,9.99,49.62,returned
3245,2911,2025-12-02 06:36:53.558577,347.33,2,9.99,69.47,completed
3246,4124,2025-12-02 13:10:46.565600,1086.66,5,9.99,0.0,completed
3247,13623,2025-12-02 16:38:29.313545,740.3,4,0.0,74.03,completed
3248,21988,2025-12-02 17:21:47.986701,551.28,2,9.99,55.13,completed
3249,20906,2025-12-03 00:21:57.373629,146.56,1,9.99,0.0,shipped
3250,15932,2025-12-03 02:55:34.350516,707.74,3,9.99,141.55,shipped
3251,14713,2025-12-03 03:05:56.819662,674.57,3,4.99,67.46,completed
3252,17982,2025-12-03 04:04:12.792235,578.6,4,4.99,115.72,completed
3253,397,2025-12-03 05:53:13.923448,505.84,3,9.99,0.0,completed
3254,14687,2025-12-03 06:03:25.589270,835.78,3,0.0,0.0,completed
3255,20680,2025-12-03 07:10:02.324720,484.3,2,0.0,0.0,completed
3256,4160,2025-12-03 07:18:04.445268,999.75,5,4.99,99.98,completed
3257,9910,2025-12-03 08:11:47.117093,169.17,1,4.99,0.0,shipped
3258,8307,2025-12-03 16:47:54.212551,550.29,3,4.99,0.0,completed
3259,18704,2025-12-03 20:15:41.823468,898.69,4,4.99,89.87,completed
3260,16897,2025-12-03 21:16:33.159546,42.8,1,9.99,6.42,shipped
3261,1645,2025-12-03 23:31:17.590367,724.82,3,9.99,144.96,cancelled
3262,23801,2025-12-04 06:29:14.008607,620.55,5,9.99,0.0,completed
3263,1200,2025-12-04 08:54:13.124472,815.49,3,9.99,0.0,cancelled
3264,4232,2025-12-04 10:48:07.406609,574.78,3,9.99,86.22,shipped
3265,10991,2025-12-04 11:52:30.777570,1174.2,5,0.0,117.42,shipped
3266,20827,2025-12-04 12:34:55.697700,539.72,3,9.99,80.96,completed
3267,19514,2025-12-04 17:23:31.881359,370.33,2,9.99,0.0,completed
3268,17868,2025-12-04 17:45:59.950839,441.25,3,4.99,44.12,completed
3269,9098,2025-12-04 19:37:44.596361,755.92,5,4.99,75.59,completed
3270,974,2025-12-04 19:55:04.884007,492.21,2,0.0,0.0,completed
3271,1430,2025-12-04 20:50:43.730608,175.68,1,4.99,0.0,completed
3272,20251,2025-12-04 21:11:39.398270,334.88,3,0.0,0.0,completed
3273,2001,2025-12-04 21:29:17.294362,1081.43,5,0.0,0.0,completed
3274,16355,2025-12-05 04:16:30.877799,775.68,3,4.99,155.14,completed
3275,18460,2025-12-05 11:19:33.778821,680.18,2,4.99,0.0,completed
3276,15226,2025-12-05 11:44:34.681368,932.92,4,9.99,139.94,completed
3277,10188,2025-12-05 14:06:43.217984,354.37,3,4.99,0.0,returned
3278,12343,2025-12-06 01:39:12.595291,295.51,2,0.0,0.0,returned
3279,21297,2025-12-06 04:41:59.167572,1121.2,5,4.99,168.18,shipped
3280,1513,2025-12-06 08:14:16.041535,629.5,5,0.0,94.42,completed
3281,11811,2025-12-06 11:01:26.026303,1245.95,5,4.99,249.19,completed
3282,21155,2025-12-06 15:03:22.534954,659.58,3,9.99,0.0,completed
3283,2155,2025-12-06 15:05:25.710572,110.61,1,0.0,0.0,shipped
3284,7461,2025-12-06 15:18:42.343077,427.73,3,4.99,0.0,completed
3285,20667,2025-12-06 17:34:28.888330,609.82,5,4.99,60.98,completed
3286,10680,2025-12-06 17:59:31.073004,1440.88,5,0.0,0.0,completed
3287,7889,2025-12-06 21:24:38.451340,287.68,2,4.99,57.54,completed
3288,16931,2025-12-06 22:32:41.175828,59.27,1,9.99,0.0,completed
3289,21392,2025-12-06 23:15:05.751544,365.15,3,0.0,0.0,completed
3290,13247,2025-12-07 01:40:36.098929,423.31,3,9.99,42.33,completed
3291,7874,2025-12-07 04:14:21.014780,546.72,4,4.99,54.67,completed
3292,8546,2025-12-07 04:30:16.967580,271.45,1,9.99,0.0,completed
3293,2268,2025-12-07 05:53:00.890712,411.23,2,0.0,61.68,completed
3294,6317,2025-12-07 06:10:52.835127,107.57,1,4.99,0.0,completed
3295,3422,2025-12-07 06:39:54.674071,751.17,4,9.99,150.23,completed
3296,7497,2025-12-07 07:20:38.745491,680.34,2,4.99,136.07,completed
3297,12398,2025-12-07 11:31:31.761999,611.5,3,9.99,122.3,completed
3298,18536,2025-12-07 11:31:59.874523,1292.99,5,9.99,0.0,completed
3299,24001,2025-12-07 14:49:18.238836,459.48,3,4.99,0.0,completed
3300,11577,2025-12-07 16:13:25.900360,562.74,4,4.99,0.0,completed
3301,9423,2025-12-07 16:58:46.109112,249.51,2,0.0,0.0,shipped
3302,14921,2025-12-07 17:32:38.245325,279.5,1,9.99,41.92,shipped
3303,4601,2025-12-07 20:45:34.996048,264.49,3,9.99,52.9,returned
3304,14782,2025-12-07 22:45:52.029192,145.65,3,0.0,29.13,shipped
3305,4434,2025-12-08 00:03:44.915798,843.24,5,0.0,0.0,shipped
3306,7216,2025-12-08 01:31:24.165447,305.34,1,9.99,0.0,completed
3307,11663,2025-12-08 07:06:48.246885,479.54,3,0.0,0.0,completed
3308,5857,2025-12-08 09:14:27.879688,493.03,3,0.0,98.61,completed
3309,14745,2025-12-08 10:09:27.243876,497.65,4,4.99,74.65,completed
3310,839,2025-12-08 13:43:33.161386,66.31,1,0.0,0.0,completed
3311,9972,2025-12-08 14:14:10.388067,51.19,1,0.0,10.24,completed
3312,14625,2025-12-08 14:58:47.349235,759.62,4,0.0,0.0,completed
3313,6814,2025-12-08 15:29:59.885260,70.01,1,9.99,10.5,completed
3314,3301,2025-12-08 17:13:06.446559,101.68,1,4.99,20.34,cancelled
3315,15404,2025-12-08 20:51:13.520975,831.33,3,9.99,166.27,returned
3316,3301,2025-12-08 22:06:06.117765,93.34,1,9.99,14.0,completed
3317,16847,2025-12-08 22:31:30.033127,749.22,3,4.99,0.0,cancelled
3318,42,2025-12-08 23:30:47.288770,426.8,2,9.99,85.36,completed
3319,3532,2025-12-09 05:03:09.327350,1017.05,5,9.99,0.0,returned
3320,16001,2025-12-09 07:39:49.955856,290.36,2,4.99,0.0,completed
3321,21720,2025-12-09 10:06:16.351345,430.98,4,4.99,0.0,cancelled
3322,6167,2025-12-09 12:51:42.182060,658.83,5,0.0,98.82,completed
3323,11396,2025-12-09 17:47:11.320456,846.95,4,4.99,0.0,completed
3324,14745,2025-12-09 18:05:54.201780,178.29,3,0.0,17.83,completed
3325,16248,2025-12-09 23:07:05.426369,825.05,4,4.99,82.5,completed
3326,1198,2025-12-10 01:38:45.765981,118.16,1,4.99,0.0,cancelled
3327,24170,2025-12-10 02:07:47.965997,709.6,3,4.99,0.0,shipped
3328,21434,2025-12-10 02:53:45.396924,1074.89,5,4.99,161.23,completed
3329,4136,2025-12-10 03:20:37.779706,862.09,5,0.0,0.0,completed
3330,2205,2025-12-10 04:37:06.480556,46.27,1,0.0,0.0,completed
3331,19398,2025-12-10 05:03:45.633641,341.68,1,0.0,0.0,cancelled
3332,17090,2025-12-10 06:10:53.234076,138.5,1,4.99,0.0,completed
3333,1893,2025-12-10 08:11:01.984045,506.2,3,4.99,0.0,completed
3334,9842,2025-12-10 10:47:54.016535,668.7,3,4.99,0.0,completed
3335,363,2025-12-11 04:13:36.929116,604.48,4,9.99,60.45,completed
3336,4894,2025-12-11 05:08:44.356752,1024.74,5,9.99,102.47,completed
3337,15096,2025-12-11 07:36:13.118318,828.66,3,0.0,82.87,completed
3338,23131,2025-12-11 08:40:24.947838,847.06,5,9.99,0.0,shipped
3339,23406,2025-12-11 08:42:14.521391,884.44,3,0.0,0.0,cancelled
3340,8884,2025-12-11 11:14:10.721142,99.04,1,0.0,0.0,completed
3341,7180,2025-12-11 12:34:47.356586,983.6,5,0.0,0.0,shipped
3342,16610,2025-12-11 12:57:28.470706,355.91,2,4.99,0.0,shipped
3343,23014,2025-12-11 13:32:19.014053,320.23,1,0.0,0.0,shipped
3344,8988,2025-12-11 14:26:45.246695,445.59,3,4.99,89.12,completed
3345,11809,2025-12-11 19:41:59.603256,378.85,3,9.99,0.0,shipped
3346,2204,2025-12-11 19:56:46.781923,933.53,5,4.99,93.35,completed
3347,9753,2025-12-12 01:49:32.106932,751.68,3,4.99,0.0,returned
3348,13830,2025-12-12 03:09:14.442876,223.62,1,4.99,22.36,completed
3349,10154,2025-12-12 04:35:36.696692,1066.59,4,0.0,0.0,cancelled
3350,18650,2025-12-12 06:01:16.734749,639.17,5,4.99,0.0,returned
3351,10683,2025-12-12 07:37:00.780007,760.51,4,4.99,152.1,completed
3352,10188,2025-12-12 07:45:57.387852,1190.85,5,4.99,0.0,completed
3353,7885,2025-12-12 15:27:34.664203,221.79,1,9.99,44.36,completed
3354,16610,2025-12-12 20:30:18.862856,472.47,4,9.99,0.0,completed
3355,24725,2025-12-12 21:40:50.339964,1204.54,5,4.99,240.91,completed
3356,17544,2025-12-12 22:06:43.266245,146.46,1,9.99,29.29,cancelled
3357,741,2025-12-13 01:16:12.846731,624.44,3,0.0,0.0,completed
3358,18159,2025-12-13 09:19:35.454405,586.73,4,9.99,117.35,completed
3359,10292,2025-12-13 10:09:20.725345,173.61,1,4.99,0.0,completed
3360,12164,2025-12-13 13:11:56.193084,362.49,3,4.99,0.0,shipped
3361,23178,2025-12-13 13:49:50.696253,299.5,1,4.99,0.0,completed
3362,4533,2025-12-13 20:21:29.024116,866.03,5,0.0,129.9,completed
3363,7963,2025-12-14 00:14:32.596866,291.64,3,9.99,0.0,completed
3364,24600,2025-12-14 01:06:56.051758,639.94,4,0.0,63.99,completed
3365,8846,2025-12-14 03:10:54.646424,216.83,2,0.0,0.0,completed
3366,5297,2025-12-14 06:02:58.700778,527.99,2,4.99,105.6,completed
3367,14350,2025-12-14 09:17:06.283945,1051.08,5,9.99,0.0,cancelled
3368,18847,2025-12-14 12:39:00.741046,200.61,3,0.0,0.0,completed
3369,18919,2025-12-14 16:26:26.863023,40.66,1,0.0,0.0,completed
3370,4316,2025-12-14 17:01:16.657719,742.5,3,9.99,0.0,completed
3371,5715,2025-12-14 21:20:06.750030,295.6,2,4.99,0.0,shipped
3372,24794,2025-12-15 00:12:18.946635,667.42,3,9.99,100.11,shipped
3373,5371,2025-12-15 00:50:23.593732,247.01,1,0.0,0.0,completed
3374,3626,2025-12-15 02:24:13.915869,732.17,4,4.99,0.0,cancelled
3375,8660,2025-12-15 03:55:27.141785,763.9,3,0.0,114.58,returned
3376,7849,2025-12-15 09:52:11.469442,258.93,1,0.0,0.0,completed
3377,3465,2025-12-15 11:31:55.841115,490.32,3,9.99,98.06,completed
3378,15953,2025-12-15 13:30:18.181242,989.87,4,4.99,0.0,completed
3379,1200,2025-12-15 13:35:26.767701,555.05,3,4.99,111.01,completed
3380,6174,2025-12-15 13:59:17.962363,299.54,2,9.99,0.0,completed
3381,10059,2025-12-15 14:59:58.237985,198.44,2,4.99,0.0,completed
3382,19209,2025-12-15 17:06:19.094622,239.65,2,9.99,0.0,shipped
3383,6781,2025-12-15 17:14:05.204623,101.54,1,9.99,0.0,completed
3384,4577,2025-12-15 18:41:42.742635,133.5,3,4.99,20.02,completed
3385,19474,2025-12-15 20:23:06.125755,594.74,5,9.99,118.95,completed
3386,7332,2025-12-16 00:07:29.718244,390.95,2,0.0,39.09,completed
3387,9067,2025-12-16 01:58:59.990352,503.76,5,4.99,0.0,completed
3388,18708,2025-12-16 02:43:47.956869,127.27,1,0.0,12.73,completed
3389,15297,2025-12-16 06:41:25.508424,187.7,2,4.99,0.0,completed
3390,8120,2025-12-16 07:05:48.705993,579.13,5,9.99,115.83,completed
3391,16320,2025-12-16 09:12:13.667710,359.19,2,0.0,53.88,completed
3392,23377,2025-12-16 09:23:41.530025,923.7,3,4.99,184.74,completed
3393,4009,2025-12-16 14:04:03.187871,379.02,3,4.99,0.0,returned
3394,5849,2025-12-16 15:37:29.901126,314.15,1,9.99,47.12,completed
3395,16245,2025-12-16 18:07:39.786245,843.08,5,9.99,0.0,completed
3396,16198,2025-12-16 20:02:17.112585,201.88,2,9.99,0.0,completed
3397,1698,2025-12-16 20:41:38.583384,180.1,3,0.0,36.02,completed
3398,14100,2025-12-17 00:15:19.323178,734.84,4,0.0,110.23,completed
3399,15832,2025-12-17 05:56:10.442955,795.18,4,0.0,0.0,completed
3400,8798,2025-12-17 07:34:32.907588,54.71,1,4.99,0.0,shipped
3401,17230,2025-12-17 07:37:05.633309,558.07,3,0.0,111.61,completed
3402,1177,2025-12-17 16:57:16.506355,946.77,4,4.99,94.68,completed
3403,13596,2025-12-18 00:13:32.650179,122.62,1,0.0,0.0,completed
3404,15893,2025-12-18 00:19:02.321794,304.28,1,4.99,0.0,completed
3405,66,2025-12-18 01:54:50.214424,290.81,2,0.0,58.16,cancelled
3406,387,2025-12-18 02:17:05.573194,758.08,3,9.99,151.62,returned
3407,17398,2025-12-18 05:37:14.226587,891.57,5,4.99,178.31,completed
3408,2982,2025-12-18 09:58:52.604336,249.84,2,4.99,37.48,completed
3409,16252,2025-12-18 14:21:21.346071,749.36,5,9.99,74.94,completed
3410,11254,2025-12-18 15:37:36.589835,587.65,4,9.99,88.15,cancelled
3411,18650,2025-12-18 18:08:18.959821,338.61,2,9.99,0.0,completed
3412,2531,2025-12-18 19:34:12.703447,713.76,5,9.99,107.06,returned
3413,7608,2025-12-18 22:37:17.118523,1063.16,5,4.99,212.63,completed
3414,17436,2025-12-18 22:44:04.696528,531.94,2,4.99,0.0,completed
3415,3441,2025-12-18 23:21:38.183574,367.54,2,0.0,36.75,completed
3416,20932,2025-12-19 01:55:59.646647,506.05,2,9.99,0.0,completed
3417,18757,2025-12-19 04:32:55.189828,940.67,5,0.0,141.1,completed
3418,11656,2025-12-19 10:16:49.653674,873.95,4,4.99,87.4,completed
3419,1199,2025-12-19 13:00:19.236698,753.7,4,4.99,0.0,completed
3420,10177,2025-12-19 15:25:14.164988,882.45,5,0.0,132.37,completed
3421,8738,2025-12-19 15:42:30.091357,893.24,4,9.99,0.0,completed
3422,10764,2025-12-19 16:10:24.443351,309.53,2,9.99,30.95,completed
3423,6877,2025-12-19 16:35:53.217992,379.04,2,4.99,0.0,completed
3424,3409,2025-12-19 20:05:28.481540,674.86,5,4.99,0.0,completed
3425,12763,2025-12-20 00:48:27.477186,414.25,2,4.99,0.0,completed
3426,2866,2025-12-20 01:12:04.768034,306.51,2,4.99,61.3,completed
3427,6039,2025-12-20 04:43:17.306828,914.06,5,4.99,91.41,shipped
3428,1071,2025-12-20 08:21:00.864253,478.64,3,4.99,95.73,shipped
3429,15932,2025-12-20 09:08:57.410336,736.42,3,0.0,0.0,shipped
3430,13502,2025-12-20 09:32:50.392563,698.97,4,4.99,0.0,shipped
3431,22414,2025-12-20 12:33:42.701057,186.78,1,9.99,0.0,cancelled
3432,8847,2025-12-20 15:12:19.374622,821.6,5,9.99,82.16,completed
3433,8597,2025-12-20 17:06:29.280566,151.4,1,4.99,15.14,completed
3434,16591,2025-12-20 21:01:22.596348,584.7,3,9.99,0.0,completed
3435,24511,2025-12-20 21:55:42.350470,762.16,3,0.0,76.22,completed
3436,7327,2025-12-20 22:03:02.278328,553.61,4,4.99,0.0,completed
3437,3298,2025-12-21 00:42:00.046475,863.74,4,4.99,0.0,completed
3438,15801,2025-12-21 00:54:36.506043,738.28,5,0.0,0.0,completed
3439,9434,2025-12-21 01:15:39.054140,1030.28,5,4.99,0.0,cancelled
3440,18421,2025-12-21 07:37:54.234137,678.55,3,0.0,67.86,completed
3441,24677,2025-12-21 09:57:32.905571,1141.6,5,4.99,171.24,completed
3442,6778,2025-12-21 10:36:26.461159,815.41,4,0.0,81.54,cancelled
3443,5657,2025-12-21 11:32:02.798721,220.77,2,0.0,0.0,shipped
3444,21494,2025-12-21 15:27:57.378239,826.54,4,4.99,123.98,completed
3445,2892,2025-12-21 23:38:54.167597,871.7,4,0.0,174.34,completed
3446,17062,2025-12-21 23:53:53.140180,828.27,5,4.99,0.0,completed
3447,11049,2025-12-22 02:17:49.740942,342.79,3,4.99,51.42,shipped
3448,10045,2025-12-22 02:57:32.107911,623.49,2,4.99,0.0,shipped
3449,11688,2025-12-22 08:05:58.888368,603.36,2,0.0,0.0,completed
3450,4822,2025-12-22 08:09:56.916107,443.1,3,4.99,0.0,completed
3451,6798,2025-12-22 08:11:38.660124,229.41,1,9.99,0.0,completed
3452,13250,2025-12-22 08:21:31.117032,267.8,1,9.99,53.56,completed
3453,10493,2025-12-22 09:14:52.315408,1144.08,5,0.0,228.82,completed
3454,5481,2025-12-22 11:08:36.432949,531.24,2,4.99,79.69,completed
3455,12518,2025-12-22 11:15:11.354279,527.02,5,9.99,52.7,shipped
3456,16913,2025-12-22 13:39:47.656051,114.31,1,9.99,0.0,completed
3457,13519,2025-12-22 13:42:45.628028,599.98,3,4.99,0.0,cancelled
3458,8859,2025-12-22 16:25:58.424001,627.14,5,9.99,62.71,shipped
3459,16443,2025-12-22 16:52:01.030581,589.09,4,4.99,88.36,completed
3460,23977,2025-12-22 16:54:57.799294,574.06,2,4.99,0.0,completed
3461,23833,2025-12-22 17:29:09.308616,757.53,5,4.99,75.75,completed
3462,11844,2025-12-22 22:13:51.422013,116.44,1,4.99,23.29,completed
3463,15968,2025-12-22 23:37:19.089569,298.74,1,4.99,59.75,completed
3464,4061,2025-12-23 05:40:35.773578,502.58,2,9.99,0.0,cancelled
3465,1540,2025-12-23 08:08:17.450521,398.29,4,4.99,79.66,completed
3466,17544,2025-12-23 08:10:42.900717,907.25,5,9.99,181.45,completed
3467,6324,2025-12-23 11:13:07.048569,325.19,2,9.99,32.52,completed
3468,20886,2025-12-23 16:33:21.638379,188.65,1,4.99,0.0,returned
3469,19227,2025-12-23 17:05:23.755352,334.92,2,0.0,50.24,completed
3470,12715,2025-12-23 17:12:59.961936,619.54,3,4.99,0.0,completed
3471,10350,2025-12-23 17:56:24.830397,910.01,4,0.0,0.0,shipped
3472,6167,2025-12-23 19:14:40.985879,46.4,1,0.0,0.0,completed
3473,1880,2025-12-23 19:53:54.761495,1248.09,5,0.0,124.81,completed
3474,170,2025-12-23 22:41:36.776816,70.06,1,4.99,7.01,completed
3475,1469,2025-12-23 23:58:40.085439,298.29,1,0.0,0.0,shipped
3476,11008,2025-12-24 01:27:02.382937,445.7,3,0.0,0.0,completed
3477,8630,2025-12-24 04:06:13.133489,511.43,3,0.0,51.14,returned
3478,16768,2025-12-24 04:18:55.066320,414.31,3,4.99,62.15,cancelled
3479,1121,2025-12-24 04:41:37.227603,590.31,4,0.0,59.03,completed
3480,1771,2025-12-24 11:09:08.616701,18.78,1,9.99,3.76,completed
3481,7537,2025-12-24 11:11:59.963446,621.8,3,9.99,62.18,cancelled
3482,23579,2025-12-24 14:12:44.531441,268.0,1,4.99,0.0,completed
3483,13481,2025-12-24 14:13:20.547139,1352.05,5,0.0,202.81,cancelled
3484,10433,2025-12-24 14:24:21.411126,30.74,1,0.0,4.61,completed
3485,22592,2025-12-24 17:52:27.873480,783.06,5,9.99,0.0,completed
3486,12430,2025-12-24 18:08:18.476246,198.9,1,4.99,29.84,completed
3487,14945,2025-12-25 01:26:05.726472,736.69,5,9.99,0.0,completed
3488,19792,2025-12-25 07:33:52.310724,241.03,2,0.0,36.15,completed
3489,10466,2025-12-25 08:23:13.636294,608.08,2,4.99,0.0,returned
3490,19579,2025-12-25 08:45:41.174800,552.3,4,9.99,82.84,completed
3491,24686,2025-12-25 09:18:59.970101,1426.5,5,9.99,0.0,returned
3492,12140,2025-12-25 10:33:04.377640,756.47,4,0.0,0.0,completed
3493,23101,2025-12-25 10:47:41.749502,715.1,5,4.99,107.27,completed
3494,18522,2025-12-25 15:14:02.659268,864.4,5,0.0,0.0,completed
3495,1032,2025-12-25 15:46:42.464953,329.6,1,9.99,65.92,completed
3496,21241,2025-12-25 17:04:56.185417,508.44,4,4.99,0.0,completed
3497,4264,2025-12-25 18:08:45.497473,155.75,2,0.0,0.0,shipped
3498,6932,2025-12-25 23:35:21.746189,851.25,5,9.99,0.0,completed
3499,23320,2025-12-26 01:26:40.113363,1144.63,5,4.99,228.93,shipped
3500,22216,2025-12-26 02:59:45.744807,641.71,3,0.0,0.0,cancelled
3501,10006,2025-12-26 09:45:57.792176,123.89,1,0.0,12.39,completed
3502,3190,2025-12-26 11:12:50.513536,283.27,1,0.0,42.49,completed
3503,1407,2025-12-26 11:28:15.939201,644.59,4,0.0,0.0,completed
3504,10920,2025-12-26 12:49:16.815022,184.73,1,4.99,18.47,completed
3505,5237,2025-12-26 14:07:54.661461,1021.66,5,9.99,0.0,completed
3506,6249,2025-12-26 15:00:33.414873,778.39,4,9.99,0.0,completed
3507,4363,2025-12-26 16:44:34.396184,19.35,1,0.0,0.0,completed
3508,2167,2025-12-26 19:32:57.432716,711.19,4,9.99,0.0,completed
3509,4416,2025-12-26 20:16:53.569819,536.02,4,0.0,0.0,shipped
3510,20902,2025-12-26 20:32:03.858957,420.84,2,4.99,0.0,completed
3511,14944,2025-12-26 21:57:14.705169,345.5,2,0.0,0.0,returned
3512,4599,2025-12-26 22:44:48.648258,202.94,1,4.99,0.0,completed
3513,6407,2025-12-27 01:47:00.750198,18.4,1,0.0,3.68,shipped
3514,11420,2025-12-27 02:55:45.439148,636.84,4,4.99,95.53,cancelled
3515,24761,2025-12-27 05:34:51.908552,502.62,3,4.99,100.52,cancelled
3516,13278,2025-12-27 09:00:44.363355,632.22,4,0.0,0.0,cancelled
3517,20584,2025-12-27 10:16:44.741841,875.25,4,4.99,175.05,completed
3518,292,2025-12-27 14:15:39.008664,69.82,1,9.99,10.47,completed
3519,13353,2025-12-27 14:35:28.916377,310.46,4,9.99,62.09,completed
3520,13149,2025-12-27 14:47:48.890432,85.89,1,0.0,12.88,cancelled
3521,17599,2025-12-27 17:24:17.190475,506.24,3,9.99,0.0,returned
3522,24430,2025-12-27 19:39:22.849613,798.48,4,9.99,0.0,completed
3523,9250,2025-12-27 21:47:56.281898,167.29,1,0.0,0.0,completed
3524,22701,2025-12-27 21:55:17.410180,489.02,2,9.99,73.35,completed
3525,19000,2025-12-28 02:06:39.679626,613.53,4,0.0,0.0,completed
3526,4259,2025-12-28 03:43:57.356578,757.52,4,9.99,0.0,completed
3527,19952,2025-12-28 07:09:55.222766,644.77,4,0.0,0.0,completed
3528,13830,2025-12-28 08:39:34.324233,105.01,1,4.99,21.0,completed
3529,17125,2025-12-28 09:38:49.971195,343.51,3,0.0,51.53,shipped
3530,9945,2025-12-28 10:43:10.402416,738.0,5,4.99,0.0,shipped
3531,5461,2025-12-28 11:56:17.876027,1216.92,5,0.0,121.69,returned
3532,24786,2025-12-28 12:39:13.848264,1261.38,5,9.99,0.0,completed
3533,2553,2025-12-28 13:15:27.416174,66.52,1,0.0,6.65,completed
3534,23361,2025-12-28 21:33:49.440054,309.67,1,0.0,0.0,shipped
3535,14292,2025-12-29 03:51:14.168313,710.0,4,4.99,0.0,completed
3536,9003,2025-12-29 06:41:54.400992,242.19,3,9.99,24.22,completed
3537,18289,2025-12-29 07:42:52.848950,572.03,4,0.0,0.0,completed
3538,476,2025-12-29 08:47:52.104852,596.88,4,4.99,89.53,shipped
3539,735,2025-12-29 14:31:29.601488,165.42,1,9.99,24.81,completed
3540,14672,2025-12-29 14:46:35.015032,787.9,5,4.99,157.58,completed
3541,4872,2025-12-29 16:33:20.215131,389.32,2,9.99,0.0,shipped
3542,12073,2025-12-30 02:49:56.606720,87.58,1,4.99,0.0,completed
3543,1145,2025-12-30 03:12:16.796096,921.7,4,4.99,0.0,completed
3544,14711,2025-12-30 03:49:38.891792,444.08,2,9.99,0.0,completed
3545,18403,2025-12-30 05:15:23.144252,611.61,3,4.99,0.0,completed
3546,24033,2025-12-30 05:57:31.014883,464.28,2,0.0,0.0,shipped
3547,16507,2025-12-30 09:17:29.587991,962.4,4,9.99,0.0,completed
3548,5968,2025-12-30 13:26:46.406150,895.79,4,0.0,0.0,completed
3549,17550,2025-12-30 13:52:49.871767,1115.72,5,9.99,167.36,completed
3550,20025,2025-12-30 16:09:05.433610,1217.14,5,4.99,0.0,completed
3551,19302,2025-12-30 16:32:51.328547,749.67,5,4.99,112.45,shipped
3552,17236,2025-12-30 20:58:11.593616,535.03,4,9.99,107.01,shipped
3553,4159,2025-12-30 22:11:20.631511,192.35,2,4.99,0.0,shipped
3554,7873,2025-12-31 00:42:41.902073,36.72,1,4.99,5.51,completed
3555,17374,2025-12-31 01:02:56.327891,757.63,3,9.99,0.0,shipped
3556,13860,2025-12-31 05:35:35.212263,247.01,1,4.99,24.7,completed
3557,4981,2025-12-31 11:36:38.931329,895.42,5,0.0,179.08,completed
3558,12596,2025-12-31 12:08:26.897902,801.69,3,9.99,120.25,completed
3559,23334,2025-12-31 13:37:08.040998,901.21,5,9.99,0.0,completed
3560,17025,2025-12-31 13:57:55.697290,262.98,1,4.99,0.0,completed
3561,8981,2025-12-31 14:01:45.966220,476.76,2,9.99,71.51,completed
3562,14903,2025-12-31 19:15:21.825580,920.92,5,9.99,0.0,completed
3563,9067,2025-12-31 19:18:28.802121,861.2,3,4.99,86.12,shipped
3564,501,2025-12-31 21:29:48.006506,201.44,1,9.99,0.0,completed
3565,12690,2026-01-01 03:52:38.942840,213.17,2,9.99,21.32,returned
3566,1706,2026-01-01 06:22:38.816283,301.3,1,4.99,60.26,returned
3567,20970,2026-01-01 09:08:22.727271,54.84,1,0.0,10.97,completed
3568,3247,2026-01-01 10:43:10.245371,739.38,4,9.99,0.0,completed
3569,18384,2026-01-01 13:05:12.570848,185.27,2,4.99,0.0,completed
3570,24664,2026-01-01 14:48:19.979754,916.28,4,0.0,0.0,completed
3571,10112,2026-01-01 17:45:05.219709,777.06,4,4.99,155.41,completed
3572,11505,2026-01-01 17:58:15.401793,980.66,5,0.0,147.1,completed
3573,4048,2026-01-01 23:04:11.140534,230.15,2,4.99,46.03,returned
3574,10692,2026-01-01 23:42:38.442510,282.43,4,9.99,56.49,completed
3575,24892,2026-01-02 01:01:23.539692,505.78,3,9.99,0.0,completed
3576,1195,2026-01-02 01:02:19.547424,375.19,3,0.0,0.0,completed
3577,21504,2026-01-02 04:34:14.554215,859.31,4,0.0,0.0,shipped
3578,14911,2026-01-02 17:58:33.096841,943.78,5,4.99,188.76,completed
3579,5270,2026-01-02 20:21:25.726974,588.0,4,9.99,117.6,cancelled
3580,20139,2026-01-02 23:16:23.189448,696.92,3,9.99,139.38,completed
3581,3150,2026-01-03 01:15:52.903061,339.23,1,0.0,0.0,completed
3582,8731,2026-01-03 02:53:18.911097,535.31,4,0.0,0.0,completed
3583,1381,2026-01-03 03:35:49.724011,408.74,3,9.99,81.75,completed
3584,6103,2026-01-03 04:14:52.254612,609.57,4,9.99,60.96,cancelled
3585,22469,2026-01-03 11:02:57.328822,194.23,2,4.99,19.42,completed
3586,19377,2026-01-03 16:06:55.906628,354.08,5,0.0,53.11,completed
3587,1933,2026-01-03 16:13:12.658569,324.29,1,0.0,32.43,completed
3588,24076,2026-01-03 16:34:53.789106,947.21,4,9.99,189.44,completed
3589,8052,2026-01-03 23:22:30.074387,259.15,1,9.99,25.91,completed
3590,18294,2026-01-04 00:09:13.850161,497.86,3,9.99,74.68,completed
3591,9423,2026-01-04 00:24:51.770116,342.52,2,4.99,0.0,completed
3592,4342,2026-01-04 04:55:52.658069,799.9,4,9.99,0.0,completed
3593,4462,2026-01-04 05:27:35.814726,322.44,4,0.0,0.0,completed
3594,14746,2026-01-04 08:11:41.889284,929.54,5,0.0,185.91,completed
3595,1071,2026-01-04 08:26:07.079827,381.16,3,9.99,38.12,returned
3596,13732,2026-01-04 11:24:00.071185,909.51,5,4.99,0.0,completed
3597,18777,2026-01-04 17:56:08.408883,475.37,3,9.99,95.07,shipped
3598,14625,2026-01-04 18:24:29.010975,373.37,3,9.99,37.34,cancelled
3599,23154,2026-01-04 18:33:15.412206,481.24,2,0.0,0.0,shipped
3600,11051,2026-01-04 18:43:55.132127,1288.73,5,9.99,0.0,completed
3601,22034,2026-01-04 23:28:13.169861,347.56,1,0.0,0.0,completed
3602,3706,2026-01-05 06:00:23.312574,254.06,2,9.99,50.81,completed
3603,21602,2026-01-05 07:05:07.900259,108.76,1,0.0,21.75,shipped
3604,7332,2026-01-05 13:56:21.358004,188.51,2,9.99,0.0,completed
3605,9118,2026-01-05 17:23:29.342014,321.0,4,0.0,32.1,shipped
3606,6238,2026-01-05 17:53:07.436133,916.89,3,9.99,0.0,completed
3607,21333,2026-01-05 20:05:31.233282,610.14,4,9.99,122.03,completed
3608,24683,2026-01-06 02:09:35.913773,48.16,1,4.99,7.22,shipped
3609,22223,2026-01-06 03:17:51.661968,272.47,1,0.0,0.0,returned
3610,4171,2026-01-06 03:41:41.449695,344.93,1,9.99,68.99,completed
3611,23579,2026-01-06 04:53:44.991874,157.86,1,9.99,23.68,completed
3612,17967,2026-01-06 05:18:40.650841,203.57,1,9.99,40.71,shipped
3613,14901,2026-01-06 05:28:08.149306,45.2,1,0.0,6.78,completed
3614,1732,2026-01-06 08:39:32.900232,1120.39,5,4.99,224.08,shipped
3615,12073,2026-01-06 09:24:46.632132,98.08,1,9.99,9.81,shipped
3616,15754,2026-01-06 12:39:23.035786,690.74,4,0.0,0.0,returned
3617,16306,2026-01-06 13:40:12.812026,666.9,2,9.99,133.38,cancelled
3618,16462,2026-01-06 16:00:32.620655,773.0,4,4.99,0.0,completed
3619,15672,2026-01-06 16:42:25.376180,159.83,1,4.99,23.97,returned
3620,1610,2026-01-06 19:38:16.472267,785.36,3,4.99,78.54,completed
3621,14109,2026-01-06 19:56:30.607723,740.82,5,9.99,111.12,completed
3622,13573,2026-01-06 20:01:31.906081,585.58,2,0.0,87.84,completed
3623,24826,2026-01-06 23:01:47.397735,540.62,3,9.99,0.0,completed
3624,24218,2026-01-07 01:28:59.390243,416.61,2,9.99,41.66,completed
3625,24156,2026-01-07 01:44:17.877944,227.97,2,0.0,22.8,cancelled
3626,7962,2026-01-07 04:44:46.542189,716.59,4,4.99,0.0,completed
3627,18344,2026-01-07 07:32:10.444383,940.78,4,0.0,0.0,completed
3628,23706,2026-01-07 08:05:12.630446,629.66,5,4.99,0.0,completed
3629,24333,2026-01-07 09:59:13.889717,338.84,2,9.99,0.0,shipped
3630,10785,2026-01-07 13:55:06.382068,480.05,2,0.0,72.01,shipped
3631,4310,2026-01-07 14:51:35.268088,757.42,5,4.99,0.0,completed
3632,21516,2026-01-07 20:10:52.881241,662.94,5,4.99,99.44,completed
3633,13173,2026-01-07 21:27:29.377364,403.43,2,4.99,80.69,cancelled
3634,8734,2026-01-07 21:49:40.222072,405.68,2,9.99,0.0,cancelled
3635,1517,2026-01-08 00:54:48.735374,1184.12,5,4.99,118.41,completed
3636,11896,2026-01-08 01:21:12.760931,168.84,1,9.99,25.33,completed
3637,14735,2026-01-08 06:26:29.344888,730.38,4,4.99,0.0,returned
3638,13666,2026-01-08 16:59:41.687989,882.72,5,0.0,176.54,returned
3639,10280,2026-01-08 19:53:34.686889,551.16,3,0.0,0.0,completed
3640,19833,2026-01-08 21:08:55.501478,758.68,4,0.0,0.0,completed
3641,1212,2026-01-09 01:40:27.134258,638.69,4,0.0,0.0,shipped
3642,12132,2026-01-09 02:46:17.645134,189.88,2,4.99,0.0,completed
3643,21301,2026-01-09 03:28:42.672143,1028.99,5,4.99,102.9,completed
3644,17073,2026-01-09 09:02:58.810477,258.0,1,0.0,51.6,completed
3645,10960,2026-01-09 09:59:13.425611,489.63,4,0.0,97.93,completed
3646,21321,2026-01-09 10:39:48.248112,20.97,1,0.0,0.0,completed
3647,7290,2026-01-09 12:14:15.036158,915.38,5,4.99,91.54,shipped
3648,14353,2026-01-09 13:11:24.744934,417.04,2,4.99,0.0,completed
3649,3574,2026-01-09 13:18:17.229299,741.8,5,0.0,0.0,cancelled
3650,3046,2026-01-09 15:22:09.026545,278.36,1,9.99,55.67,completed
3651,7214,2026-01-09 18:05:37.809297,614.48,3,9.99,122.9,completed
3652,17112,2026-01-09 18:30:28.385374,945.44,4,9.99,0.0,cancelled
3653,18075,2026-01-09 19:36:16.225729,452.67,2,9.99,0.0,completed
3654,14523,2026-01-09 19:47:50.823700,742.8,5,4.99,111.42,cancelled
3655,605,2026-01-09 21:43:31.139363,1103.04,4,0.0,110.3,shipped
3656,10984,2026-01-10 02:16:12.705842,1049.67,4,9.99,209.93,cancelled
3657,13730,2026-01-10 02:41:51.320933,665.06,5,0.0,0.0,completed
3658,13552,2026-01-10 04:07:22.547651,548.9,5,0.0,0.0,completed
3659,11815,2026-01-10 07:21:56.669709,739.39,4,0.0,147.88,completed
3660,16208,2026-01-10 10:33:04.179133,360.25,3,9.99,72.05,shipped
3661,20025,2026-01-10 11:02:43.314812,937.08,5,9.99,0.0,completed
3662,21037,2026-01-10 15:17:53.478909,259.18,2,0.0,25.92,cancelled
3663,22110,2026-01-10 19:28:02.352325,720.12,3,0.0,108.02,completed
3664,15407,2026-01-10 20:40:55.128248,650.52,4,0.0,65.05,completed
3665,10400,2026-01-10 23:10:32.411011,730.07,4,0.0,73.01,completed
3666,21381,2026-01-10 23:48:53.002185,1093.43,5,4.99,0.0,completed
3667,4952,2026-01-11 01:02:21.643902,54.62,1,9.99,10.92,shipped
3668,5756,2026-01-11 01:23:39.768985,145.75,1,4.99,0.0,completed
3669,24826,2026-01-11 01:39:49.124940,307.5,1,9.99,61.5,completed
3670,3271,2026-01-11 02:48:02.558022,99.69,2,0.0,19.94,completed
3671,24356,2026-01-11 03:00:27.567000,641.13,3,0.0,64.11,completed
3672,24379,2026-01-11 06:38:16.913954,499.25,5,0.0,74.89,completed
3673,2224,2026-01-11 08:58:19.059510,527.75,3,4.99,0.0,completed
3674,8283,2026-01-11 12:53:53.277024,281.82,1,9.99,56.36,completed
3675,17341,2026-01-11 13:24:17.814175,314.67,2,4.99,0.0,completed
3676,21563,2026-01-11 13:51:13.411025,591.24,4,0.0,118.25,completed
3677,1976,2026-01-12 05:50:31.199723,740.62,3,4.99,111.09,completed
3678,597,2026-01-12 06:42:05.960332,669.23,3,0.0,133.85,completed
3679,497,2026-01-12 06:55:55.294219,573.16,5,4.99,0.0,completed
3680,12868,2026-01-12 07:13:24.570953,47.63,1,9.99,0.0,shipped
3681,1759,2026-01-12 09:59:17.871895,1174.3,5,9.99,176.14,cancelled
3682,16758,2026-01-12 10:33:03.779621,259.44,1,9.99,0.0,completed
3683,3633,2026-01-12 12:52:38.072775,426.81,3,9.99,0.0,cancelled
3684,11180,2026-01-12 14:22:56.750999,198.43,1,9.99,29.76,shipped
3685,13729,2026-01-12 17:03:13.593863,720.55,4,9.99,72.05,cancelled
3686,12654,2026-01-12 18:33:51.471704,637.27,3,0.0,0.0,completed
3687,22690,2026-01-12 19:28:31.643748,236.61,1,0.0,0.0,completed
3688,20014,2026-01-12 19:54:43.463113,415.56,5,4.99,83.11,completed
3689,23811,2026-01-12 21:08:44.426532,223.09,2,4.99,22.31,completed
3690,19773,2026-01-12 22:25:33.959235,63.54,1,9.99,9.53,shipped
3691,14480,2026-01-13 01:48:38.514520,844.76,5,4.99,0.0,completed
3692,1455,2026-01-13 02:29:44.998089,392.52,3,9.99,39.25,completed
3693,13798,2026-01-13 10:25:47.102057,117.47,2,4.99,17.62,returned
3694,6061,2026-01-13 13:57:24.497630,244.09,1,9.99,24.41,completed
3695,2793,2026-01-13 17:15:55.832788,488.09,3,9.99,73.21,completed
3696,6986,2026-01-13 22:06:26.748163,58.96,1,9.99,0.0,completed
3697,19474,2026-01-13 22:48:57.210749,542.46,5,4.99,81.37,shipped
3698,9189,2026-01-13 23:32:20.648329,345.41,2,0.0,51.81,completed
3699,24837,2026-01-13 23:49:08.625497,806.86,4,0.0,0.0,shipped
3700,12015,2026-01-14 01:16:54.538826,25.44,1,4.99,0.0,completed
3701,7934,2026-01-14 05:52:48.453663,610.57,3,0.0,0.0,shipped
3702,12046,2026-01-14 07:36:45.058609,301.24,3,4.99,0.0,cancelled
3703,19474,2026-01-14 08:04:37.240545,811.36,4,4.99,0.0,cancelled
3704,1520,2026-01-14 12:42:14.237873,150.6,2,4.99,0.0,completed
3705,17640,2026-01-14 14:10:32.477749,303.02,3,0.0,45.45,completed
3706,16100,2026-01-14 17:22:08.155621,543.07,4,0.0,54.31,completed
3707,7213,2026-01-14 17:34:44.701246,285.44,2,4.99,0.0,completed
3708,17891,2026-01-14 17:49:56.312072,405.36,3,9.99,0.0,completed
3709,8953,2026-01-14 18:56:20.778637,702.97,5,9.99,0.0,completed
3710,21461,2026-01-14 23:59:36.815504,871.08,4,9.99,0.0,completed
3711,2379,2026-01-15 03:03:43.091336,531.93,3,9.99,79.79,returned
3712,1761,2026-01-15 04:56:53.543100,172.46,1,9.99,0.0,returned
3713,19693,2026-01-15 06:14:21.907366,503.14,4,9.99,75.47,completed
3714,2206,2026-01-15 06:30:57.682323,840.32,3,9.99,0.0,completed
3715,16963,2026-01-15 07:54:00.364071,141.7,1,0.0,0.0,completed
3716,8067,2026-01-15 09:31:26.504776,153.18,1,4.99,0.0,completed
3717,8847,2026-01-15 12:32:00.986888,1008.01,5,9.99,0.0,completed
3718,19168,2026-01-15 18:34:30.848756,495.74,3,0.0,74.36,completed
3719,15459,2026-01-15 22:03:56.280354,374.11,2,4.99,0.0,completed
3720,7084,2026-01-15 22:34:46.205487,624.71,3,4.99,93.71,completed
3721,23688,2026-01-15 22:56:47.504553,825.58,5,4.99,123.84,completed
3722,11260,2026-01-15 23:29:07.735849,942.48,5,0.0,94.25,completed
3723,7151,2026-01-15 23:47:12.330179,1361.65,5,4.99,0.0,completed
3724,7062,2026-01-16 01:26:11.862880,946.09,4,4.99,0.0,completed
3725,11649,2026-01-16 01:30:29.163814,1108.44,5,4.99,110.84,shipped
3726,811,2026-01-16 03:38:06.552017,811.47,5,0.0,162.29,completed
3727,3049,2026-01-16 04:02:25.033550,745.99,4,9.99,111.9,completed
3728,2455,2026-01-16 05:26:35.065229,380.1,2,0.0,57.02,completed
3729,6647,2026-01-16 07:31:40.985871,369.3,3,9.99,0.0,completed
3730,3731,2026-01-16 09:11:18.436702,770.49,5,9.99,77.05,shipped
3731,19087,2026-01-16 11:12:33.953165,781.11,4,9.99,0.0,completed
3732,18629,2026-01-16 11:18:29.884355,908.73,5,9.99,181.75,shipped
3733,24999,2026-01-16 13:30:00.390779,418.0,5,0.0,41.8,completed
3734,5958,2026-01-16 14:00:06.390001,653.7,3,4.99,65.37,returned
3735,11703,2026-01-16 14:57:14.190617,115.52,1,9.99,17.33,cancelled
3736,24814,2026-01-16 16:25:08.211510,534.67,2,4.99,80.2,completed
3737,2866,2026-01-16 18:14:32.303947,872.22,4,4.99,87.22,completed
3738,12073,2026-01-16 19:33:07.392597,665.17,3,9.99,0.0,completed
3739,12203,2026-01-16 22:13:57.542115,498.34,5,0.0,0.0,completed
3740,24377,2026-01-16 23:32:58.329392,261.23,2,9.99,0.0,completed
3741,3336,2026-01-17 00:47:45.210779,1007.33,4,4.99,151.1,completed
3742,18100,2026-01-17 01:38:19.513246,672.84,3,9.99,67.28,completed
3743,17669,2026-01-17 05:25:12.162359,717.83,3,0.0,71.78,completed
3744,21670,2026-01-17 13:25:43.773017,1066.32,4,9.99,213.26,completed
3745,19272,2026-01-17 18:14:55.614949,762.31,5,0.0,0.0,cancelled
3746,1351,2026-01-17 21:18:10.954667,563.37,4,4.99,84.51,completed
3747,10144,2026-01-17 22:49:11.821720,368.98,2,4.99,73.8,completed
3748,16307,2026-01-17 22:59:15.544766,33.95,1,0.0,0.0,completed
3749,19010,2026-01-18 01:53:06.589837,486.92,2,9.99,97.38,completed
3750,5530,2026-01-18 09:08:01.392444,446.44,4,9.99,66.97,completed
3751,17780,2026-01-18 12:44:16.438424,91.61,1,4.99,0.0,completed
3752,10165,2026-01-18 12:48:55.108607,785.68,4,4.99,0.0,completed
3753,1557,2026-01-18 18:18:59.433786,539.05,3,4.99,0.0,cancelled
3754,14546,2026-01-18 20:34:23.389328,957.55,4,4.99,0.0,completed
3755,5324,2026-01-18 22:04:20.154809,157.61,2,9.99,0.0,completed
3756,22704,2026-01-19 07:03:32.019898,889.21,5,4.99,133.38,completed
3757,21225,2026-01-19 09:23:51.261911,721.75,5,4.99,108.26,returned
3758,12886,2026-01-19 10:45:55.024670,896.34,3,4.99,89.63,completed
3759,24416,2026-01-19 13:11:07.992268,131.39,2,9.99,0.0,completed
3760,17450,2026-01-19 14:31:29.872827,415.07,2,4.99,83.01,completed
3761,6503,2026-01-19 17:31:52.350338,601.25,3,0.0,90.19,completed
3762,11645,2026-01-19 17:40:06.047860,204.03,1,0.0,20.4,completed
3763,4976,2026-01-19 17:40:49.000254,127.07,2,9.99,0.0,completed
3764,22347,2026-01-20 00:00:30.656781,908.63,5,0.0,0.0,completed
3765,5448,2026-01-20 01:55:40.794023,400.65,2,9.99,0.0,completed
3766,14745,2026-01-20 03:06:44.008376,197.46,1,4.99,0.0,completed
3767,13083,2026-01-20 03:54:49.552725,979.3,5,9.99,97.93,completed
3768,3429,2026-01-20 06:31:22.062244,467.52,2,0.0,0.0,completed
3769,6345,2026-01-20 09:20:11.381132,1183.19,5,9.99,0.0,completed
3770,21087,2026-01-20 11:18:00.933603,681.72,3,4.99,0.0,completed
3771,1855,2026-01-20 11:41:58.755466,327.06,3,9.99,0.0,returned
3772,24786,2026-01-20 12:06:45.427992,477.44,2,9.99,47.74,completed
3773,10853,2026-01-20 13:18:00.972155,313.69,1,9.99,62.74,completed
3774,17937,2026-01-20 15:52:04.720857,987.08,4,9.99,0.0,shipped
3775,7172,2026-01-20 17:19:31.578878,313.99,3,0.0,62.8,cancelled
3776,22086,2026-01-20 18:59:50.671914,96.74,2,0.0,0.0,completed
3777,1427,2026-01-21 02:33:10.099027,582.24,4,0.0,116.45,completed
3778,6968,2026-01-21 03:01:44.069751,649.46,5,9.99,97.42,completed
3779,6541,2026-01-21 03:31:25.927361,26.09,1,0.0,0.0,completed
3780,9732,2026-01-21 04:27:40.519528,489.59,5,0.0,0.0,completed
3781,23052,2026-01-21 05:10:10.081832,138.34,2,0.0,0.0,completed
3782,21629,2026-01-21 08:13:33.594325,282.77,2,9.99,28.28,completed
3783,12038,2026-01-21 10:46:17.773817,247.67,1,0.0,37.15,completed
3784,7027,2026-01-21 17:07:16.876009,462.7,3,9.99,0.0,completed
3785,24437,2026-01-21 18:14:10.018264,387.25,2,4.99,0.0,shipped
3786,20230,2026-01-21 22:51:03.677998,570.36,4,9.99,114.07,cancelled
3787,15096,2026-01-21 23:06:19.436665,881.55,3,9.99,0.0,completed
3788,21032,2026-01-22 01:14:13.439061,1107.62,5,0.0,0.0,completed
3789,23978,2026-01-22 02:34:08.620825,711.89,5,0.0,71.19,shipped
3790,6995,2026-01-22 03:47:55.111946,567.09,5,4.99,113.42,completed
3791,19276,2026-01-22 07:07:18.823237,911.54,4,4.99,136.73,completed
3792,9379,2026-01-22 12:15:57.304910,217.78,1,4.99,0.0,completed
3793,20535,2026-01-22 12:41:56.200082,250.44,1,0.0,25.04,completed
3794,21515,2026-01-22 15:36:29.419661,676.08,2,4.99,101.41,cancelled
3795,597,2026-01-22 16:56:22.102882,119.66,1,9.99,11.97,completed
3796,13313,2026-01-22 18:41:04.573436,176.38,1,9.99,0.0,completed
3797,17427,2026-01-23 00:01:47.316530,550.28,2,4.99,0.0,completed
3798,3426,2026-01-23 03:04:14.347122,460.89,3,9.99,92.18,completed
3799,10568,2026-01-23 03:32:22.594601,188.06,2,0.0,0.0,shipped
3800,8098,2026-01-23 04:26:00.431620,829.96,5,9.99,0.0,completed
3801,23554,2026-01-23 06:31:02.224459,208.8,2,0.0,31.32,completed
3802,5861,2026-01-23 06:52:51.917725,355.96,2,4.99,35.6,completed
3803,13107,2026-01-23 08:17:07.701610,358.91,3,4.99,0.0,completed
3804,18108,2026-01-23 10:21:39.255426,580.85,3,4.99,0.0,completed
3805,15932,2026-01-23 11:21:36.254578,720.48,4,4.99,72.05,shipped
3806,15404,2026-01-23 11:47:11.785931,217.1,2,0.0,0.0,completed
3807,10709,2026-01-23 11:59:02.035294,850.44,4,0.0,170.09,completed
3808,40,2026-01-24 00:44:10.683404,410.61,4,4.99,0.0,completed
3809,6167,2026-01-24 02:24:18.954958,256.01,2,9.99,0.0,completed
3810,22153,2026-01-24 03:52:04.522235,292.23,1,0.0,0.0,cancelled
3811,2228,2026-01-24 04:06:58.265866,488.53,2,4.99,0.0,completed
3812,2839,2026-01-24 04:12:12.166734,954.08,5,4.99,0.0,completed
3813,24677,2026-01-24 05:45:26.602138,576.54,4,0.0,0.0,completed
3814,4929,2026-01-24 06:54:15.652075,813.41,4,0.0,0.0,returned
3815,11757,2026-01-24 07:14:52.950632,758.74,4,4.99,75.87,completed
3816,12042,2026-01-24 07:56:08.494045,20.14,1,9.99,0.0,completed
3817,10825,2026-01-24 10:47:17.292170,664.14,3,9.99,99.62,completed
3818,15802,2026-01-24 14:13:51.548553,756.03,4,9.99,75.6,shipped
3819,22147,2026-01-24 16:53:54.003699,642.73,5,4.99,0.0,completed
3820,4967,2026-01-24 17:01:07.270741,143.8,1,4.99,14.38,returned
3821,11305,2026-01-24 17:31:22.031787,659.37,2,9.99,0.0,returned
3822,9506,2026-01-24 18:34:20.876096,108.38,1,4.99,21.68,shipped
3823,2710,2026-01-24 19:16:56.951140,153.74,1,9.99,30.75,shipped
3824,20999,2026-01-24 22:00:00.881566,822.08,5,4.99,123.31,completed
3825,852,2026-01-25 04:31:27.087656,1101.2,5,0.0,165.18,completed
3826,24377,2026-01-25 04:32:14.050922,988.63,4,9.99,148.29,completed
3827,20131,2026-01-25 10:00:39.963442,413.8,2,4.99,0.0,completed
3828,11773,2026-01-25 13:08:14.887676,669.31,4,4.99,100.4,completed
3829,225,2026-01-25 13:49:22.983871,859.62,5,0.0,0.0,completed
3830,4686,2026-01-25 14:45:49.863209,720.44,5,4.99,0.0,completed
3831,275,2026-01-25 15:34:09.612665,587.18,3,9.99,88.08,completed
3832,2133,2026-01-26 03:32:23.773914,968.83,4,0.0,145.32,completed
3833,4413,2026-01-26 03:34:15.980952,723.26,3,9.99,108.49,shipped
3834,23066,2026-01-26 04:46:25.870646,326.85,3,0.0,32.69,shipped
3835,8300,2026-01-26 04:56:15.473103,527.09,4,4.99,52.71,shipped
3836,23064,2026-01-26 05:47:43.293353,890.98,5,0.0,0.0,completed
3837,22478,2026-01-26 09:51:04.299685,348.43,3,9.99,34.84,completed
3838,12481,2026-01-26 11:55:39.793283,267.52,1,9.99,53.5,completed
3839,13668,2026-01-26 16:09:33.958726,246.8,2,4.99,0.0,cancelled
3840,12314,2026-01-26 16:43:42.881454,1097.97,5,0.0,164.7,completed
3841,16937,2026-01-26 16:45:07.471615,598.11,4,4.99,0.0,completed
3842,15462,2026-01-26 18:02:00.209113,816.16,4,4.99,81.62,completed
3843,921,2026-01-26 21:28:36.269373,637.74,4,4.99,63.77,completed
3844,7923,2026-01-26 22:03:03.201302,386.13,3,4.99,77.23,completed
3845,21294,2026-01-27 01:51:28.039541,411.38,4,9.99,82.28,cancelled
3846,14497,2026-01-27 02:31:30.792758,1056.86,5,9.99,0.0,completed
3847,7961,2026-01-27 06:07:44.088241,739.57,4,9.99,0.0,completed
3848,807,2026-01-27 20:12:46.033303,116.53,1,9.99,0.0,completed
3849,3440,2026-01-27 22:08:06.666564,988.66,5,4.99,0.0,completed
3850,2621,2026-01-27 22:20:22.402946,419.57,2,0.0,62.94,returned
3851,6089,2026-01-27 22:22:20.973102,360.23,5,0.0,54.03,completed
3852,10230,2026-01-28 04:47:28.185948,866.44,4,9.99,86.64,completed
3853,23554,2026-01-28 05:56:33.444359,394.19,2,0.0,59.13,completed
3854,11241,2026-01-28 07:44:32.072748,542.28,2,9.99,0.0,completed
3855,16097,2026-01-28 07:57:52.721914,583.98,3,0.0,0.0,shipped
3856,2165,2026-01-28 11:16:09.387493,465.3,2,9.99,46.53,completed
3857,21746,2026-01-28 15:11:55.638572,232.36,3,4.99,23.24,completed
3858,3671,2026-01-28 17:57:06.556827,335.8,1,4.99,0.0,completed
3859,5461,2026-01-28 19:27:52.918302,194.61,1,0.0,29.19,completed
3860,12269,2026-01-28 20:46:38.472781,689.62,5,9.99,0.0,completed
3861,19909,2026-01-28 22:51:22.363118,38.79,1,4.99,0.0,shipped
3862,13026,2026-01-28 23:06:17.817761,1046.73,5,0.0,157.01,completed
3863,2879,2026-01-29 00:36:42.626612,103.64,2,0.0,0.0,completed
3864,4792,2026-01-29 03:11:22.465692,555.35,4,0.0,83.3,completed
3865,18295,2026-01-29 06:02:39.141250,644.44,4,4.99,128.89,completed
3866,13478,2026-01-29 08:36:48.692076,730.89,4,9.99,109.63,shipped
3867,13203,2026-01-29 08:39:34.014599,654.57,4,9.99,98.19,shipped
3868,7254,2026-01-29 11:32:27.260209,744.27,3,9.99,148.85,completed
3869,676,2026-01-29 15:34:15.933364,312.56,1,9.99,31.26,shipped
3870,3424,2026-01-29 15:48:41.694207,983.82,5,9.99,98.38,completed
3871,12132,2026-01-29 16:38:51.320196,591.84,5,9.99,0.0,completed
3872,21343,2026-01-29 17:04:21.176311,509.37,4,0.0,0.0,completed
3873,311,2026-01-29 17:47:03.104531,864.69,5,0.0,172.94,completed
3874,1756,2026-01-29 18:31:06.323279,45.77,1,0.0,4.58,returned
3875,8015,2026-01-29 18:35:18.732967,784.11,5,4.99,0.0,completed
3876,22295,2026-01-29 19:01:20.880393,307.23,1,0.0,46.08,completed
3877,20243,2026-01-29 23:04:13.533401,600.69,4,4.99,0.0,completed
3878,5043,2026-01-30 02:18:19.516775,597.88,4,0.0,0.0,completed
3879,9868,2026-01-30 11:48:38.883869,813.92,5,0.0,81.39,completed
3880,3106,2026-01-30 12:17:58.552143,486.12,2,9.99,48.61,completed
3881,19309,2026-01-30 13:37:29.378930,352.14,4,4.99,35.21,completed
3882,1282,2026-01-30 14:31:27.081777,299.93,2,4.99,0.0,returned
3883,2687,2026-01-30 23:54:51.078088,519.3,4,4.99,0.0,completed
3884,1893,2026-01-31 00:25:13.342518,268.94,2,4.99,40.34,shipped
3885,6839,2026-01-31 02:04:39.908934,172.4,2,0.0,25.86,completed
3886,20271,2026-01-31 02:56:39.314911,365.97,3,9.99,36.6,completed
3887,560,2026-01-31 02:59:06.950314,1006.31,5,9.99,100.63,cancelled
3888,14226,2026-01-31 03:04:19.673871,144.69,1,0.0,28.94,completed
3889,9913,2026-01-31 03:31:19.055012,666.83,3,0.0,0.0,completed
3890,19030,2026-01-31 05:20:09.036404,573.2,4,4.99,57.32,cancelled
3891,2793,2026-01-31 05:24:42.234166,140.65,1,4.99,0.0,completed
3892,22525,2026-01-31 06:49:01.180083,1142.41,5,9.99,171.36,completed
3893,21739,2026-01-31 10:30:25.331099,574.35,3,4.99,57.44,completed
3894,5632,2026-01-31 10:33:08.839329,176.79,3,0.0,26.52,completed
3895,24753,2026-01-31 12:24:47.792927,76.39,1,9.99,15.28,completed
3896,24151,2026-01-31 14:18:45.387759,455.4,3,0.0,0.0,cancelled
3897,10532,2026-01-31 17:05:15.019597,564.67,2,4.99,56.47,completed
3898,18390,2026-01-31 17:45:37.864039,863.61,5,0.0,129.54,completed
3899,10006,2026-01-31 17:59:22.238435,584.21,5,9.99,87.63,shipped
3900,1846,2026-01-31 23:49:03.779057,229.99,1,9.99,34.5,completed
3901,13236,2026-02-01 00:30:09.788499,953.57,5,0.0,190.71,shipped
3902,15939,2026-02-01 02:33:26.646504,170.68,1,0.0,0.0,completed
3903,6174,2026-02-01 03:02:32.901328,1225.06,5,0.0,245.01,completed
3904,5118,2026-02-01 06:50:49.555438,302.46,1,0.0,0.0,completed
3905,4384,2026-02-01 06:51:40.690506,318.1,1,4.99,63.62,completed
3906,1670,2026-02-01 18:34:13.496599,255.11,2,4.99,0.0,cancelled
3907,15559,2026-02-01 19:01:42.382581,452.95,2,0.0,0.0,completed
3908,13501,2026-02-01 21:05:39.044389,285.72,1,0.0,0.0,completed
3909,11666,2026-02-01 21:18:51.885354,171.98,1,0.0,25.8,completed
3910,23418,2026-02-01 22:17:31.118059,308.46,2,4.99,61.69,completed
3911,7241,2026-02-01 23:19:25.879109,571.66,4,9.99,0.0,shipped
3912,4134,2026-02-02 00:50:37.748489,816.18,4,0.0,122.43,completed
3913,4422,2026-02-02 07:30:48.800301,401.7,3,9.99,80.34,completed
3914,9753,2026-02-02 07:50:53.328576,676.23,4,4.99,0.0,returned
3915,20637,2026-02-02 11:06:49.074036,860.7,5,4.99,0.0,completed
3916,7627,2026-02-02 11:07:07.301668,1097.75,5,9.99,0.0,completed
3917,7797,2026-02-02 12:05:54.760684,513.5,2,0.0,0.0,completed
3918,4146,2026-02-02 15:26:52.699948,787.01,5,4.99,0.0,shipped
3919,24107,2026-02-02 15:27:16.018419,1111.48,5,9.99,222.3,cancelled
3920,13584,2026-02-02 16:47:40.614302,879.02,4,9.99,0.0,completed
3921,13402,2026-02-02 20:34:41.525416,549.18,4,0.0,0.0,returned
3922,12562,2026-02-02 21:36:51.142394,643.38,4,0.0,96.51,completed
3923,20900,2026-02-02 22:11:15.099462,110.4,1,9.99,16.56,completed
3924,22295,2026-02-02 23:43:22.451983,880.33,5,0.0,88.03,completed
3925,1982,2026-02-03 00:25:33.904659,619.66,3,9.99,0.0,completed
3926,4542,2026-02-03 02:25:44.733541,791.1,4,0.0,118.66,completed
3927,8766,2026-02-03 02:30:59.927838,474.69,3,9.99,71.2,completed
3928,1272,2026-02-03 03:35:30.382910,802.84,5,4.99,0.0,completed
3929,16748,2026-02-03 04:46:09.547758,558.61,4,0.0,83.79,completed
3930,6956,2026-02-03 07:29:57.075448,289.03,3,9.99,43.35,returned
3931,4136,2026-02-03 10:05:44.086218,818.39,5,9.99,0.0,completed
3932,4552,2026-02-03 15:17:07.311016,1059.81,4,9.99,211.96,completed
3933,21211,2026-02-03 16:56:23.478126,1032.42,4,4.99,206.48,completed
3934,11045,2026-02-03 19:32:55.845863,564.18,3,0.0,84.63,cancelled
3935,4525,2026-02-03 21:42:26.854615,471.8,4,9.99,0.0,completed
3936,2058,2026-02-04 03:39:55.922802,676.04,4,4.99,135.21,completed
3937,15462,2026-02-04 03:52:50.827870,659.88,3,4.99,0.0,completed
3938,9072,2026-02-04 04:11:20.040594,409.37,3,0.0,0.0,completed
3939,9118,2026-02-04 04:45:17.333424,469.14,4,9.99,70.37,completed
3940,20236,2026-02-04 05:42:24.090368,557.08,5,0.0,83.56,cancelled
3941,5481,2026-02-04 06:14:30.313064,463.95,2,0.0,0.0,shipped
3942,7643,2026-02-04 08:05:46.350899,298.13,1,4.99,59.63,completed
3943,13789,2026-02-04 08:27:51.035867,1205.57,5,0.0,0.0,completed
3944,19650,2026-02-04 12:21:05.924620,566.02,2,0.0,0.0,completed
3945,10062,2026-02-04 13:11:51.689933,289.17,1,9.99,0.0,completed
3946,23490,2026-02-04 13:22:08.342933,216.36,2,9.99,43.27,completed
3947,4331,2026-02-04 15:03:50.158580,902.84,4,4.99,0.0,shipped
3948,20243,2026-02-04 18:20:47.632559,605.41,5,4.99,0.0,completed
3949,11376,2026-02-04 21:59:51.179309,365.47,3,4.99,0.0,returned
3950,6100,2026-02-04 23:11:59.976958,795.65,5,9.99,0.0,completed
3951,3826,2026-02-05 00:01:51.524161,298.35,1,4.99,29.84,cancelled
3952,4542,2026-02-05 01:48:30.777408,102.64,1,4.99,0.0,completed
3953,24997,2026-02-05 01:55:43.521276,676.63,4,4.99,0.0,shipped
3954,8243,2026-02-05 07:08:00.167612,1077.39,5,0.0,161.61,completed
3955,3532,2026-02-05 08:14:21.321974,609.58,4,4.99,121.92,completed
3956,20748,2026-02-05 12:10:14.374591,624.01,4,4.99,62.4,cancelled
3957,11415,2026-02-05 14:06:23.548028,201.38,2,0.0,0.0,completed
3958,24833,2026-02-05 17:02:56.280648,1064.25,5,4.99,0.0,completed
3959,15112,2026-02-05 18:25:55.054875,776.78,5,4.99,0.0,returned
3960,18659,2026-02-05 23:05:07.935464,709.58,4,9.99,70.96,completed
3961,5731,2026-02-06 00:31:44.475749,788.49,4,4.99,157.7,completed
3962,15468,2026-02-06 00:37:50.319824,939.54,4,4.99,0.0,cancelled
3963,1861,2026-02-06 01:02:16.765162,697.77,3,4.99,69.78,shipped
3964,5433,2026-02-06 02:34:01.140194,543.84,4,9.99,81.58,cancelled
3965,22272,2026-02-06 04:46:01.236739,135.47,3,4.99,20.32,returned
3966,13818,2026-02-06 07:41:30.567590,602.23,2,9.99,120.45,shipped
3967,20584,2026-02-06 09:46:18.457220,389.16,2,9.99,0.0,shipped
3968,15608,2026-02-06 11:28:18.414294,312.62,1,9.99,31.26,completed
3969,24224,2026-02-06 12:23:17.999120,678.46,3,4.99,67.85,completed
3970,20271,2026-02-06 15:22:05.239347,895.05,5,9.99,179.01,completed
3971,4416,2026-02-06 18:31:12.981216,342.73,2,9.99,51.41,completed
3972,7329,2026-02-06 18:49:31.612548,1062.77,4,0.0,212.55,completed
3973,24239,2026-02-06 21:47:35.219722,714.72,4,0.0,71.47,completed
3974,1559,2026-02-07 04:21:59.769426,909.78,5,9.99,90.98,completed
3975,24467,2026-02-07 12:41:55.720911,806.74,4,9.99,0.0,returned
3976,4437,2026-02-07 14:42:19.237550,442.53,2,9.99,44.25,completed
3977,24093,2026-02-07 16:17:03.708392,246.06,1,4.99,0.0,completed
3978,15063,2026-02-07 17:19:07.094624,527.92,3,0.0,0.0,shipped
3979,2914,2026-02-07 18:10:39.253083,240.44,2,4.99,36.07,completed
3980,4134,2026-02-07 21:23:14.975020,1084.17,4,9.99,0.0,shipped
3981,12952,2026-02-07 22:48:57.772891,149.9,1,9.99,22.48,shipped
3982,1111,2026-02-07 23:12:19.750024,499.52,2,0.0,74.93,completed
3983,19078,2026-02-08 02:21:47.778758,822.58,5,0.0,0.0,completed
3984,7885,2026-02-08 03:33:51.029286,984.98,4,0.0,197.0,completed
3985,456,2026-02-08 06:42:14.257763,995.37,4,4.99,99.54,completed
3986,23632,2026-02-08 15:54:56.788649,389.78,2,9.99,58.47,completed
3987,23122,2026-02-08 20:04:52.457760,258.51,1,9.99,38.78,completed
3988,7065,2026-02-08 21:42:44.581983,491.22,3,4.99,0.0,completed
3989,14688,2026-02-08 22:14:05.091851,180.75,2,0.0,18.07,completed
3990,9842,2026-02-08 22:45:28.122568,589.78,3,0.0,117.96,completed
3991,5828,2026-02-08 23:51:46.734417,853.45,5,0.0,128.02,completed
3992,9376,2026-02-09 06:20:03.994431,287.58,1,4.99,57.52,completed
3993,9344,2026-02-09 08:58:04.922617,424.6,3,4.99,84.92,cancelled
3994,15314,2026-02-09 08:59:16.543449,794.86,3,9.99,119.23,completed
3995,11087,2026-02-09 09:05:06.337718,333.1,1,9.99,66.62,completed
3996,1495,2026-02-09 10:38:52.369135,235.17,2,0.0,0.0,completed
3997,17352,2026-02-09 12:33:50.467597,703.61,4,9.99,0.0,cancelled
3998,18077,2026-02-09 15:11:17.215052,586.34,3,4.99,0.0,completed
3999,1413,2026-02-09 18:25:47.043262,556.33,2,0.0,83.45,completed
4000,14473,2026-02-09 21:01:09.444424,779.14,5,4.99,155.83,completed
4001,6379,2026-02-09 21:42:36.508677,518.84,3,4.99,0.0,cancelled
4002,2648,2026-02-10 00:52:02.365463,665.13,4,0.0,0.0,returned
4003,12206,2026-02-10 01:49:35.278098,273.02,1,4.99,27.3,completed
4004,14282,2026-02-10 02:16:01.813443,955.24,5,4.99,0.0,completed
4005,12291,2026-02-10 07:01:25.632366,162.24,1,0.0,24.34,completed
4006,8396,2026-02-10 10:22:32.511740,568.95,4,0.0,56.9,completed
4007,19307,2026-02-10 12:38:17.653054,627.37,3,4.99,125.47,completed
4008,11578,2026-02-10 20:20:04.288873,364.13,3,9.99,36.41,shipped
4009,14522,2026-02-10 20:21:17.218891,1069.56,4,4.99,106.96,completed
4010,8281,2026-02-10 21:29:33.232609,874.07,5,0.0,87.41,completed
4011,16167,2026-02-10 23:51:28.826089,542.3,2,0.0,54.23,completed
4012,4990,2026-02-11 00:38:00.973754,558.5,2,4.99,83.77,cancelled
4013,8899,2026-02-11 01:03:26.588659,555.23,4,4.99,0.0,completed
4014,9809,2026-02-11 03:45:25.602556,296.34,1,4.99,0.0,shipped
4015,17230,2026-02-11 07:09:03.782265,504.19,2,9.99,0.0,completed
4016,9896,2026-02-11 09:25:27.489760,392.15,3,4.99,0.0,completed
4017,10839,2026-02-11 10:57:52.038236,301.86,2,4.99,0.0,completed
4018,4437,2026-02-11 11:02:31.482463,222.92,1,0.0,0.0,cancelled
4019,1380,2026-02-11 11:12:06.819095,199.85,3,4.99,19.98,completed
4020,15832,2026-02-11 11:21:45.665180,378.83,2,9.99,75.77,shipped
4021,20574,2026-02-11 14:52:33.673160,23.31,1,9.99,0.0,completed
4022,19431,2026-02-11 14:57:31.377554,1002.84,4,0.0,200.57,cancelled
4023,24065,2026-02-11 16:14:43.403742,193.48,1,0.0,19.35,returned
4024,6922,2026-02-11 17:38:48.302082,334.9,2,9.99,0.0,completed
4025,9838,2026-02-12 02:29:47.266170,281.69,2,0.0,0.0,completed
4026,7640,2026-02-12 02:40:53.681247,327.04,3,9.99,0.0,completed
4027,2478,2026-02-12 02:58:52.955571,103.2,1,0.0,20.64,completed
4028,20183,2026-02-12 04:16:44.251802,451.19,3,9.99,90.24,completed
4029,151,2026-02-12 05:06:27.507638,1007.61,4,9.99,0.0,completed
4030,2792,2026-02-12 05:27:31.162986,661.61,3,0.0,0.0,completed
4031,22512,2026-02-12 12:06:46.005693,480.17,3,9.99,0.0,shipped
4032,9296,2026-02-12 18:58:12.705803,30.56,1,4.99,3.06,completed
4033,10523,2026-02-12 20:32:22.064567,517.22,5,0.0,0.0,completed
4034,18526,2026-02-12 21:10:44.155537,767.13,5,9.99,0.0,shipped
4035,21850,2026-02-12 22:08:59.943915,1194.4,5,0.0,0.0,completed
4036,19545,2026-02-12 22:52:20.723084,669.31,4,9.99,100.4,completed
4037,12379,2026-02-12 23:44:54.187862,197.14,1,9.99,0.0,completed
4038,2744,2026-02-13 00:55:41.851032,325.91,2,0.0,0.0,returned
4039,21269,2026-02-13 02:10:45.772847,179.06,1,9.99,0.0,completed
4040,4433,2026-02-13 04:33:06.226336,727.31,3,9.99,0.0,completed
4041,22677,2026-02-13 04:49:33.608742,594.14,3,0.0,118.83,returned
4042,18478,2026-02-13 04:58:08.780114,449.35,4,4.99,67.4,completed
4043,10962,2026-02-13 05:44:39.716924,408.95,2,0.0,61.34,completed
4044,13993,2026-02-13 07:08:17.972329,277.5,1,0.0,0.0,completed
4045,8067,2026-02-13 07:09:58.203673,149.42,1,0.0,29.88,completed
4046,7448,2026-02-13 08:45:33.557919,23.35,1,4.99,0.0,completed
4047,13038,2026-02-13 09:53:08.226516,879.9,4,9.99,0.0,cancelled
4048,24089,2026-02-13 10:35:12.538227,536.21,3,0.0,107.24,shipped
4049,17374,2026-02-13 12:30:37.368048,429.67,2,4.99,64.45,returned
4050,10568,2026-02-13 16:45:15.053203,411.28,2,9.99,41.13,completed
4051,16963,2026-02-13 19:34:50.621086,403.18,2,4.99,0.0,completed
4052,19042,2026-02-13 20:03:03.729178,75.8,1,0.0,15.16,shipped
4053,12433,2026-02-14 03:51:50.407211,157.2,1,9.99,0.0,completed
4054,8266,2026-02-14 06:07:06.616414,313.44,1,4.99,31.34,completed
4055,10761,2026-02-14 06:57:10.152334,682.54,3,0.0,0.0,completed
4056,23009,2026-02-14 15:52:31.206311,131.97,1,9.99,19.8,completed
4057,18650,2026-02-14 16:18:50.475481,177.53,1,4.99,0.0,returned
4058,13716,2026-02-14 16:38:20.041406,203.9,1,0.0,30.59,completed
4059,13874,2026-02-14 17:38:48.074329,239.34,2,9.99,23.93,completed
4060,21850,2026-02-14 17:50:57.006493,1320.91,5,0.0,0.0,completed
4061,421,2026-02-15 02:03:34.968992,581.27,3,9.99,116.25,completed
4062,22200,2026-02-15 05:09:51.683265,610.54,5,4.99,0.0,completed
4063,2965,2026-02-15 07:17:22.743591,646.64,4,4.99,97.0,shipped
4064,12448,2026-02-15 08:17:35.236386,433.31,3,9.99,43.33,shipped
4065,4422,2026-02-15 13:25:34.079391,374.37,3,9.99,0.0,returned
4066,23314,2026-02-15 14:12:04.482666,181.14,2,0.0,0.0,completed
4067,16494,2026-02-15 14:27:02.259741,728.69,4,4.99,0.0,shipped
4068,2026,2026-02-15 15:15:22.163050,666.36,5,4.99,0.0,returned
4069,1072,2026-02-15 17:23:50.958853,970.36,5,9.99,0.0,cancelled
4070,18654,2026-02-15 21:05:04.854879,1227.5,5,0.0,0.0,returned
4071,21629,2026-02-15 22:27:15.317914,983.01,5,4.99,0.0,completed
4072,22892,2026-02-15 23:59:28.157577,133.62,1,0.0,13.36,returned
4073,15976,2026-02-16 00:50:37.441827,812.84,4,0.0,81.28,completed
4074,2839,2026-02-16 02:12:04.379651,154.26,1,0.0,30.85,completed
4075,18968,2026-02-16 02:35:13.708694,762.48,5,4.99,0.0,completed
4076,1479,2026-02-16 05:56:04.378157,228.24,2,4.99,34.24,shipped
4077,20242,2026-02-16 07:01:34.126328,282.25,2,4.99,42.34,completed
4078,1827,2026-02-16 08:07:03.421833,940.76,5,0.0,0.0,completed
4079,22857,2026-02-16 11:33:09.016641,282.29,4,9.99,0.0,completed
4080,11669,2026-02-16 11:43:08.406977,747.47,5,4.99,149.49,shipped
4081,820,2026-02-16 11:44:49.776302,709.45,5,4.99,0.0,cancelled
4082,7213,2026-02-16 12:53:11.087994,793.55,3,4.99,79.36,completed
4083,21804,2026-02-16 13:34:55.831938,666.9,4,9.99,0.0,completed
4084,23538,2026-02-16 13:50:37.580062,708.26,3,0.0,106.24,completed
4085,18702,2026-02-16 14:42:01.979423,569.62,3,4.99,0.0,completed
4086,14952,2026-02-16 21:05:13.140786,243.42,2,9.99,0.0,completed
4087,16525,2026-02-16 22:28:01.732544,642.59,4,0.0,64.26,completed
4088,6366,2026-02-16 22:35:21.500517,543.34,2,9.99,54.33,completed
4089,23082,2026-02-17 05:56:50.043291,16.64,1,9.99,0.0,cancelled
4090,18664,2026-02-17 08:48:25.193237,152.97,1,0.0,15.3,shipped
4091,18542,2026-02-17 09:58:11.386446,83.07,1,4.99,0.0,cancelled
4092,5890,2026-02-17 13:03:44.268267,371.21,3,4.99,0.0,cancelled
4093,12754,2026-02-17 14:14:57.709940,624.19,2,4.99,0.0,completed
4094,5433,2026-02-17 15:59:54.719956,483.32,2,0.0,0.0,completed
4095,13223,2026-02-17 16:13:06.263476,267.97,3,9.99,26.8,completed
4096,21193,2026-02-17 16:42:02.445732,347.81,1,0.0,34.78,cancelled
4097,6675,2026-02-17 17:43:53.372709,292.73,2,9.99,29.27,completed
4098,8129,2026-02-17 18:50:12.172354,1154.0,5,9.99,0.0,completed
4099,12042,2026-02-17 19:58:16.853610,854.56,4,9.99,170.91,completed
4100,10187,2026-02-17 21:13:32.808139,441.45,4,4.99,0.0,cancelled
4101,12221,2026-02-18 00:07:34.218253,827.32,5,9.99,165.46,cancelled
4102,22908,2026-02-18 02:30:26.009074,133.95,1,9.99,0.0,completed
4103,16139,2026-02-18 06:06:02.757727,234.32,1,0.0,46.86,cancelled
4104,2027,2026-02-18 08:36:07.505690,296.0,2,9.99,29.6,shipped
4105,11728,2026-02-18 09:53:59.704162,565.39,4,0.0,0.0,completed
4106,18629,2026-02-18 12:25:37.670626,265.34,2,9.99,26.53,completed
4107,10825,2026-02-18 13:59:03.565315,460.25,2,4.99,46.03,shipped
4108,9359,2026-02-18 15:10:13.258994,635.98,2,9.99,63.6,completed
4109,13157,2026-02-18 16:22:27.220514,130.84,1,9.99,0.0,completed
4110,20617,2026-02-18 16:23:15.682416,374.24,3,4.99,74.85,completed
4111,7866,2026-02-18 23:23:33.675963,821.71,4,4.99,164.34,shipped
4112,24957,2026-02-18 23:25:21.497062,377.7,2,9.99,0.0,completed
4113,18728,2026-02-19 02:47:21.416771,189.19,1,0.0,37.84,completed
4114,15794,2026-02-19 02:48:55.751524,667.78,4,9.99,0.0,completed
4115,22152,2026-02-19 08:12:48.902713,319.67,1,4.99,0.0,completed
4116,15667,2026-02-19 09:58:33.537075,185.96,2,0.0,0.0,completed
4117,1504,2026-02-19 10:01:39.125671,500.74,4,4.99,0.0,completed
4118,23694,2026-02-19 10:11:36.999987,72.28,1,0.0,0.0,completed
4119,5382,2026-02-19 11:29:30.905572,89.81,1,0.0,13.47,completed
4120,23723,2026-02-19 16:39:03.304686,466.65,3,0.0,0.0,cancelled
4121,10111,2026-02-19 19:43:58.029058,69.54,1,0.0,0.0,completed
4122,15378,2026-02-19 22:55:25.242702,239.09,1,9.99,35.86,completed
4123,24725,2026-02-20 02:36:31.626045,338.09,4,0.0,33.81,completed
4124,23216,2026-02-20 03:35:33.203547,632.86,4,9.99,0.0,completed
4125,3170,2026-02-20 06:04:57.683070,917.01,4,9.99,0.0,completed
4126,23043,2026-02-20 06:12:19.068194,237.24,2,9.99,0.0,completed
4127,10948,2026-02-20 08:53:33.720577,213.18,1,9.99,0.0,completed
4128,7902,2026-02-20 14:17:37.102829,201.18,1,9.99,0.0,completed
4129,5824,2026-02-20 14:20:33.163538,963.18,4,0.0,192.64,completed
4130,19831,2026-02-20 14:57:13.168674,776.2,4,9.99,155.24,shipped
4131,3381,2026-02-20 15:15:58.327677,539.05,3,4.99,53.91,shipped
4132,15728,2026-02-20 16:06:21.827949,612.34,4,9.99,61.23,completed
4133,7805,2026-02-20 23:11:06.369634,890.53,4,4.99,89.05,completed
4134,18610,2026-02-20 23:29:40.048037,418.92,3,0.0,0.0,completed
4135,9852,2026-02-21 01:03:05.954098,153.83,1,4.99,0.0,completed
4136,23427,2026-02-21 01:53:01.506864,436.16,3,4.99,0.0,completed
4137,3381,2026-02-21 01:57:05.109765,728.21,3,4.99,0.0,completed
4138,14231,2026-02-21 03:07:38.553762,232.06,3,0.0,0.0,completed
4139,2881,2026-02-21 08:45:52.561815,1014.32,5,4.99,0.0,completed
4140,11917,2026-02-21 08:57:22.049875,657.31,4,9.99,0.0,shipped
4141,19736,2026-02-21 09:12:09.672154,1281.29,5,4.99,0.0,completed
4142,8073,2026-02-21 10:34:25.717370,870.41,4,9.99,0.0,completed
4143,14731,2026-02-21 10:41:09.258389,560.14,3,0.0,112.03,completed
4144,19093,2026-02-21 11:10:50.804459,345.66,1,0.0,34.57,completed
4145,1645,2026-02-21 13:19:26.010548,894.81,5,9.99,0.0,completed
4146,7746,2026-02-21 17:43:44.607808,19.92,1,9.99,3.98,completed
4147,19615,2026-02-21 19:29:12.691440,972.65,4,0.0,145.9,completed
4148,13378,2026-02-21 19:48:27.825978,365.65,2,4.99,54.85,completed
4149,5867,2026-02-21 20:12:00.291396,831.46,5,9.99,0.0,completed
4150,8415,2026-02-21 21:56:07.214208,923.05,4,9.99,0.0,shipped
4151,15722,2026-02-21 22:46:13.543848,405.17,3,4.99,0.0,completed
4152,12263,2026-02-22 04:24:08.987054,423.93,3,0.0,84.79,cancelled
4153,22666,2026-02-22 05:24:06.077136,326.86,2,4.99,0.0,returned
4154,12613,2026-02-22 09:27:10.859695,879.56,4,9.99,175.91,completed
4155,20977,2026-02-22 10:56:19.495736,742.49,4,9.99,0.0,completed
4156,7194,2026-02-22 20:33:32.470823,614.4,3,0.0,122.88,completed
4157,3875,2026-02-22 21:06:22.508888,283.93,1,9.99,28.39,completed
4158,7166,2026-02-22 22:13:32.229580,59.63,2,0.0,5.96,completed
4159,13842,2026-02-22 22:57:13.212686,851.53,5,4.99,85.15,completed
4160,599,2026-02-22 23:44:32.289538,565.89,3,9.99,56.59,completed
4161,11693,2026-02-23 00:57:53.859129,246.87,1,9.99,0.0,shipped
4162,10556,2026-02-23 01:15:24.301991,333.04,1,9.99,66.61,completed
4163,11113,2026-02-23 02:07:58.231292,1028.46,5,4.99,0.0,completed
4164,15624,2026-02-23 02:37:50.447484,684.26,4,0.0,0.0,returned
4165,3571,2026-02-23 03:05:06.688003,321.01,2,9.99,32.1,shipped
4166,10450,2026-02-23 05:38:22.159886,270.9,1,4.99,27.09,cancelled
4167,1885,2026-02-23 08:20:19.073077,788.18,4,4.99,0.0,completed
4168,16812,2026-02-23 11:35:13.585247,438.42,3,0.0,0.0,shipped
4169,7636,2026-02-23 16:26:48.161122,417.26,3,0.0,62.59,completed
4170,23761,2026-02-23 22:21:34.078381,368.79,2,4.99,0.0,shipped
4171,1495,2026-02-23 23:33:35.155569,908.46,5,0.0,136.27,completed
4172,22849,2026-02-24 01:41:06.867837,925.29,5,4.99,92.53,shipped
4173,18235,2026-02-24 05:45:18.781108,1258.19,5,9.99,188.73,completed
4174,15487,2026-02-24 06:28:38.463190,142.5,3,4.99,28.5,shipped
4175,7606,2026-02-24 07:43:42.464578,157.65,1,4.99,15.77,completed
4176,7738,2026-02-24 07:45:39.812085,346.26,1,9.99,0.0,completed
4177,4960,2026-02-24 12:19:08.600754,640.99,3,4.99,64.1,completed
4178,3010,2026-02-24 13:59:28.720063,739.3,3,9.99,0.0,completed
4179,1825,2026-02-24 15:07:55.270026,42.23,1,4.99,0.0,completed
4180,3418,2026-02-24 19:55:57.414847,984.52,5,4.99,98.45,completed
4181,24157,2026-02-25 05:06:22.275507,237.07,2,0.0,0.0,returned
4182,16107,2026-02-25 13:47:43.942838,975.75,5,0.0,0.0,shipped
4183,19856,2026-02-25 15:07:08.391919,1068.16,5,9.99,0.0,completed
4184,8577,2026-02-25 15:35:55.086701,767.49,3,4.99,76.75,completed
4185,14746,2026-02-25 16:44:35.147056,619.18,5,4.99,0.0,shipped
4186,20339,2026-02-25 19:08:43.843673,766.5,5,9.99,114.97,shipped
4187,16666,2026-02-25 20:19:19.675795,389.65,2,9.99,38.97,returned
4188,1037,2026-02-25 21:09:28.477476,885.13,5,4.99,177.03,completed
4189,12820,2026-02-26 00:38:20.660300,757.07,4,4.99,151.41,completed
4190,10172,2026-02-26 04:48:24.759385,1027.58,4,0.0,205.52,completed
4191,5541,2026-02-26 05:42:14.994687,967.04,5,9.99,96.7,completed
4192,21306,2026-02-26 06:46:08.474664,832.23,5,0.0,83.22,completed
4193,5419,2026-02-26 08:04:51.078153,583.0,2,9.99,58.3,completed
4194,3790,2026-02-26 15:20:41.370788,972.31,5,4.99,0.0,completed
4195,7284,2026-02-26 17:07:47.653929,281.7,3,0.0,28.17,shipped
4196,461,2026-02-26 18:12:00.272928,97.94,1,0.0,0.0,completed
4197,3789,2026-02-26 19:04:27.458744,41.28,1,4.99,8.26,completed
4198,17744,2026-02-26 19:49:08.844564,832.01,3,4.99,0.0,completed
4199,4323,2026-02-26 20:37:54.241803,854.35,5,4.99,85.44,cancelled
4200,5152,2026-02-26 21:26:14.449991,570.79,4,4.99,114.16,completed
4201,9712,2026-02-27 00:03:20.042736,38.7,1,0.0,3.87,shipped
4202,12088,2026-02-27 00:16:55.640366,869.97,4,0.0,0.0,completed
4203,2183,2026-02-27 04:42:29.480384,880.01,4,4.99,0.0,completed
4204,20671,2026-02-27 05:55:00.080498,285.74,2,4.99,0.0,completed
4205,18712,2026-02-27 06:58:09.309475,356.6,3,0.0,53.49,completed
4206,16023,2026-02-27 10:49:45.174742,197.6,1,0.0,0.0,completed
4207,16664,2026-02-27 12:28:12.569146,609.94,5,0.0,91.49,completed
4208,3839,2026-02-27 12:28:32.670635,1154.26,4,0.0,115.43,completed
4209,14228,2026-02-27 13:05:11.730790,111.3,1,0.0,11.13,shipped
4210,1235,2026-02-27 14:39:23.473214,885.87,5,4.99,0.0,completed
4211,1855,2026-02-27 14:44:31.719306,572.04,4,9.99,57.2,shipped
4212,8767,2026-02-27 16:36:35.752040,972.67,4,9.99,0.0,shipped
4213,4223,2026-02-27 18:52:08.753747,768.99,5,0.0,0.0,completed
4214,19381,2026-02-27 19:52:42.168585,216.56,1,4.99,0.0,shipped
4215,1813,2026-02-27 21:53:39.871184,254.92,1,9.99,50.98,completed
4216,5210,2026-02-27 22:05:09.576505,221.54,1,4.99,0.0,shipped
4217,1484,2026-02-28 06:40:56.567597,278.01,2,0.0,0.0,completed
4218,1662,2026-02-28 07:47:50.498126,205.19,2,9.99,30.78,shipped
4219,22267,2026-02-28 11:56:04.247607,495.76,3,0.0,99.15,completed
4220,16816,2026-02-28 12:34:35.948624,820.96,4,0.0,123.14,completed
4221,6198,2026-02-28 14:47:23.278836,804.08,5,4.99,0.0,shipped
4222,4440,2026-02-28 18:08:12.919549,969.37,5,9.99,0.0,completed
4223,24632,2026-02-28 18:29:25.332683,395.66,2,0.0,0.0,completed
4224,21465,2026-02-28 19:16:25.299943,839.68,4,0.0,125.95,completed
4225,24066,2026-02-28 23:48:20.199042,643.87,3,4.99,96.58,completed
4226,16488,2026-03-01 03:55:39.895697,262.94,2,0.0,0.0,completed
4227,9085,2026-03-01 03:56:27.817469,274.82,3,9.99,0.0,completed
4228,5194,2026-03-01 04:13:20.685936,800.79,4,0.0,0.0,completed
4229,22147,2026-03-01 09:09:51.051744,639.68,5,0.0,95.95,completed
4230,3259,2026-03-01 13:33:21.414685,167.55,2,4.99,33.51,completed
4231,5101,2026-03-01 13:46:33.229547,350.57,2,9.99,52.59,completed
4232,16963,2026-03-01 18:10:11.223265,531.62,4,9.99,53.16,completed
4233,13977,2026-03-01 19:04:13.014987,258.76,2,4.99,0.0,completed
4234,24115,2026-03-01 19:50:45.456131,162.12,1,9.99,24.32,completed
4235,22795,2026-03-01 20:19:08.988130,298.55,1,9.99,44.78,completed
4236,16306,2026-03-01 20:30:46.035055,783.61,5,0.0,78.36,completed
4237,13472,2026-03-01 20:56:05.410756,205.95,1,0.0,0.0,completed
4238,21069,2026-03-01 22:08:26.853697,895.63,5,4.99,89.56,completed
4239,19000,2026-03-01 22:39:33.744948,597.63,2,9.99,0.0,completed
4240,10144,2026-03-02 01:36:29.026635,653.69,3,0.0,0.0,shipped
4241,23686,2026-03-02 05:14:24.705109,880.74,4,9.99,0.0,completed
4242,14276,2026-03-02 07:10:10.219583,1008.55,4,9.99,201.71,completed
4243,24212,2026-03-02 08:37:32.563919,740.25,3,0.0,111.04,shipped
4244,7634,2026-03-02 09:01:34.708828,384.59,2,0.0,0.0,completed
4245,4788,2026-03-02 10:11:38.688682,663.95,3,0.0,99.59,shipped
4246,14635,2026-03-02 13:32:27.109971,503.93,4,4.99,50.39,cancelled
4247,8619,2026-03-02 14:31:42.370047,334.48,3,9.99,33.45,completed
4248,1682,2026-03-02 15:59:50.628114,545.77,3,9.99,0.0,completed
4249,12944,2026-03-02 17:31:39.889692,319.27,2,4.99,31.93,completed
4250,9795,2026-03-02 17:34:36.861754,622.53,5,9.99,93.38,completed
4251,14903,2026-03-02 17:48:43.095322,356.75,2,4.99,35.68,shipped
4252,23554,2026-03-02 19:30:55.020736,1092.56,5,0.0,0.0,completed
4253,13554,2026-03-02 21:03:56.354397,683.2,3,0.0,68.32,shipped
4254,19814,2026-03-03 02:34:48.717607,256.43,1,9.99,38.46,completed
4255,9111,2026-03-03 04:38:46.173003,127.43,1,4.99,0.0,completed
4256,14781,2026-03-03 06:50:38.024663,267.3,2,9.99,40.09,shipped
4257,15976,2026-03-03 07:25:11.840411,325.03,2,0.0,0.0,cancelled
4258,4546,2026-03-03 11:00:57.609234,942.19,5,4.99,0.0,returned
4259,1068,2026-03-03 11:32:24.878993,437.16,2,4.99,65.57,cancelled
4260,605,2026-03-03 12:35:31.896189,698.54,3,0.0,0.0,completed
4261,15255,2026-03-03 12:51:50.235883,418.74,2,0.0,62.81,shipped
4262,16101,2026-03-03 13:28:34.051930,291.37,3,9.99,43.71,cancelled
4263,22469,2026-03-03 13:44:11.965412,424.08,3,9.99,0.0,completed
4264,2429,2026-03-03 15:01:35.651424,482.58,4,4.99,0.0,shipped
4265,15861,2026-03-03 15:18:42.072548,636.33,3,4.99,95.45,completed
4266,2532,2026-03-03 16:15:19.283238,263.07,1,9.99,0.0,shipped
4267,17616,2026-03-03 16:20:49.793541,591.56,5,9.99,0.0,completed
4268,16130,2026-03-03 21:28:54.047302,611.32,4,9.99,91.7,completed
4269,21861,2026-03-03 23:09:35.151222,1061.04,5,4.99,0.0,completed
4270,8737,2026-03-04 01:53:21.898633,979.79,4,4.99,195.96,completed
4271,4437,2026-03-04 04:39:43.064300,212.54,3,9.99,31.88,completed
4272,6174,2026-03-04 10:36:32.641603,467.74,4,0.0,0.0,completed
4273,16380,2026-03-04 15:01:14.015748,447.84,3,0.0,67.18,completed
4274,17607,2026-03-04 16:23:36.461177,537.93,3,0.0,80.69,shipped
4275,19952,2026-03-04 16:51:19.257647,505.81,4,4.99,50.58,completed
4276,7612,2026-03-04 18:31:00.888681,226.57,3,9.99,45.31,completed
4277,18081,2026-03-04 18:45:38.348810,857.67,4,4.99,0.0,returned
4278,21357,2026-03-04 20:38:22.243404,1122.94,5,9.99,0.0,completed
4279,7792,2026-03-05 02:02:44.469300,1031.49,5,9.99,0.0,completed
4280,2011,2026-03-05 06:45:03.959666,734.56,5,4.99,146.91,completed
4281,8474,2026-03-05 07:50:52.519743,917.45,5,9.99,91.75,cancelled
4282,12040,2026-03-05 09:51:46.453305,181.26,1,0.0,18.13,completed
4283,9962,2026-03-05 11:06:54.280122,1279.32,5,0.0,0.0,completed
4284,18513,2026-03-05 12:52:24.474067,493.34,3,0.0,49.33,cancelled
4285,10781,2026-03-05 14:38:13.742113,852.01,4,9.99,170.4,completed
4286,10026,2026-03-05 14:48:36.989114,345.85,1,4.99,0.0,completed
4287,21926,2026-03-05 17:47:04.236891,734.8,3,0.0,73.48,shipped
4288,17218,2026-03-05 17:57:28.682725,329.82,2,9.99,0.0,completed
4289,14255,2026-03-05 19:42:20.326768,1304.13,5,4.99,195.62,returned
4290,12421,2026-03-05 21:44:44.359282,664.32,5,4.99,0.0,completed
4291,22309,2026-03-05 21:48:29.161134,232.0,2,4.99,0.0,completed
4292,13568,2026-03-05 21:56:44.826236,532.9,4,0.0,79.93,completed
4293,14167,2026-03-05 23:30:46.059193,500.76,3,9.99,100.15,shipped
4294,18011,2026-03-06 00:29:40.847745,80.72,1,4.99,12.11,completed
4295,24586,2026-03-06 02:00:31.263052,424.81,2,9.99,84.96,completed
4296,14557,2026-03-06 02:52:51.899313,103.25,1,0.0,0.0,completed
4297,7405,2026-03-06 08:45:04.119761,924.52,4,9.99,184.9,shipped
4298,388,2026-03-06 10:42:15.793964,740.76,3,4.99,74.08,completed
4299,13001,2026-03-06 12:23:34.738385,790.62,4,4.99,0.0,completed
4300,15685,2026-03-06 12:39:18.386552,73.11,1,4.99,14.62,completed
4301,1636,2026-03-06 13:31:06.658106,61.48,2,4.99,6.15,shipped
4302,4398,2026-03-06 16:48:45.583158,223.65,2,0.0,0.0,completed
4303,11116,2026-03-07 03:09:02.564975,385.84,3,0.0,77.17,completed
4304,11847,2026-03-07 04:41:03.282556,416.29,2,9.99,0.0,completed
4305,21558,2026-03-07 04:53:54.484650,633.52,4,9.99,0.0,completed
4306,8912,2026-03-07 11:47:57.252053,538.73,2,9.99,53.87,shipped
4307,7004,2026-03-07 17:23:17.916529,789.39,5,9.99,157.88,completed
4308,3951,2026-03-07 20:41:50.115668,406.34,2,0.0,81.27,shipped
4309,3228,2026-03-07 23:14:06.210733,343.91,2,0.0,51.59,completed
4310,19022,2026-03-08 03:00:52.489918,631.08,5,0.0,0.0,completed
4311,23554,2026-03-08 03:18:39.623791,169.91,1,9.99,25.49,completed
4312,13568,2026-03-08 06:46:49.618652,249.49,1,0.0,24.95,completed
4313,11902,2026-03-08 08:02:55.014748,510.11,3,0.0,0.0,shipped
4314,277,2026-03-08 08:02:57.186598,280.42,1,9.99,0.0,completed
4315,7062,2026-03-08 12:24:43.075084,613.17,2,9.99,122.63,completed
4316,5856,2026-03-08 14:11:59.399819,380.29,2,9.99,0.0,shipped
4317,17878,2026-03-08 14:37:00.750129,225.7,1,9.99,33.85,completed
4318,11583,2026-03-08 14:39:04.201309,229.01,2,4.99,0.0,completed
4319,20915,2026-03-08 16:37:31.624469,767.08,4,0.0,0.0,returned
4320,6243,2026-03-08 17:50:35.400229,747.3,4,9.99,112.09,completed
4321,20705,2026-03-08 21:33:20.835218,697.77,3,4.99,104.67,completed
4322,20446,2026-03-09 00:57:52.224306,467.54,4,9.99,0.0,shipped
4323,850,2026-03-09 05:19:48.790782,94.8,1,4.99,18.96,completed
4324,19095,2026-03-09 05:21:05.368640,356.17,3,9.99,71.23,completed
4325,5684,2026-03-09 06:27:16.745678,927.66,4,9.99,185.53,completed
4326,16868,2026-03-09 08:57:45.156692,285.05,2,0.0,28.51,completed
4327,6800,2026-03-09 10:09:47.273978,58.79,1,0.0,8.82,completed
4328,9751,2026-03-09 10:30:24.918325,627.26,4,4.99,0.0,cancelled
4329,19330,2026-03-09 10:31:15.634554,607.07,4,0.0,91.06,completed
4330,24860,2026-03-09 12:28:59.690203,507.74,3,4.99,0.0,completed
4331,17732,2026-03-09 15:49:15.905583,319.03,2,9.99,0.0,completed
4332,4167,2026-03-09 16:56:47.222292,763.36,4,0.0,152.67,shipped
4333,7627,2026-03-09 17:44:52.348320,701.9,5,9.99,0.0,completed
4334,15994,2026-03-09 18:06:13.388275,422.98,2,9.99,0.0,cancelled
4335,23529,2026-03-09 18:54:35.589552,854.02,3,4.99,0.0,completed
4336,5520,2026-03-09 23:34:31.577135,713.9,3,9.99,71.39,completed
4337,5148,2026-03-10 01:57:17.229659,598.43,2,4.99,89.76,completed
4338,2527,2026-03-10 02:26:48.994152,297.8,1,0.0,0.0,shipped
4339,2998,2026-03-10 03:27:06.619706,196.92,2,4.99,39.38,completed
4340,6869,2026-03-10 03:57:49.139954,115.72,1,0.0,17.36,shipped
4341,13379,2026-03-10 06:18:06.186466,717.49,4,4.99,0.0,returned
4342,23392,2026-03-10 06:42:33.538275,373.04,3,9.99,0.0,completed
4343,24383,2026-03-10 10:01:19.527503,1158.67,4,0.0,173.8,shipped
4344,4638,2026-03-10 10:07:10.667609,312.35,2,9.99,0.0,completed
4345,9274,2026-03-10 13:21:52.156991,272.8,1,9.99,0.0,completed
4346,6379,2026-03-10 16:45:09.540545,811.25,4,4.99,0.0,completed
4347,527,2026-03-10 23:56:58.151002,305.73,1,4.99,0.0,completed
4348,14556,2026-03-11 01:04:21.976119,322.67,2,4.99,48.4,cancelled
4349,4754,2026-03-11 04:30:32.317540,354.63,4,9.99,70.93,completed
4350,20570,2026-03-11 05:13:11.594456,343.08,3,4.99,0.0,completed
4351,8834,2026-03-11 07:15:19.482896,1113.81,4,9.99,0.0,cancelled
4352,10692,2026-03-11 10:21:13.957812,689.17,2,4.99,0.0,completed
4353,23548,2026-03-11 10:59:27.396112,40.25,1,4.99,0.0,cancelled
4354,6130,2026-03-11 11:34:32.245105,760.08,5,4.99,0.0,completed
4355,1409,2026-03-11 14:24:14.163272,569.81,4,4.99,0.0,completed
4356,7594,2026-03-11 14:31:40.175674,630.4,3,0.0,0.0,cancelled
4357,7279,2026-03-11 15:26:49.481944,586.78,5,0.0,0.0,returned
4358,22194,2026-03-11 16:24:05.580071,117.87,1,0.0,0.0,completed
4359,8338,2026-03-11 16:41:05.122815,1193.51,5,4.99,238.7,shipped
4360,20797,2026-03-11 16:59:53.594763,853.88,5,9.99,128.08,completed
4361,10025,2026-03-11 17:38:14.311621,61.23,2,9.99,0.0,shipped
4362,631,2026-03-11 18:47:37.004947,173.32,1,9.99,0.0,completed
4363,16769,2026-03-12 00:30:04.179339,441.3,2,4.99,0.0,completed
4364,16296,2026-03-12 04:04:42.033790,20.75,1,0.0,2.08,completed
4365,13366,2026-03-12 04:28:23.868663,883.98,3,4.99,0.0,completed
4366,11510,2026-03-12 04:46:36.951005,468.19,2,0.0,0.0,completed
4367,5518,2026-03-12 05:06:27.024520,137.84,2,0.0,13.78,completed
4368,7102,2026-03-12 07:12:35.523235,75.63,1,0.0,0.0,shipped
4369,16340,2026-03-12 07:57:31.332366,1131.22,5,0.0,0.0,cancelled
4370,4342,2026-03-12 07:58:21.424333,727.16,5,4.99,0.0,shipped
4371,7628,2026-03-12 13:54:57.175145,403.35,3,0.0,0.0,cancelled
4372,13758,2026-03-12 14:09:37.697597,313.39,1,9.99,0.0,completed
4373,8049,2026-03-12 14:29:26.879189,1152.78,5,9.99,115.28,shipped
4374,21164,2026-03-12 16:49:30.109445,271.5,3,0.0,0.0,shipped
4375,12820,2026-03-12 18:10:50.171919,535.98,4,9.99,80.4,completed
4376,13823,2026-03-12 21:30:44.623126,319.64,2,9.99,31.96,completed
4377,19451,2026-03-12 22:43:40.737019,490.33,5,0.0,98.07,completed
4378,17112,2026-03-12 23:43:06.194691,271.41,1,4.99,40.71,completed
4379,9874,2026-03-13 00:09:59.073161,513.5,3,9.99,51.35,completed
4380,11438,2026-03-13 00:31:46.035285,720.15,5,9.99,108.02,cancelled
4381,2509,2026-03-13 00:42:44.325372,603.14,5,4.99,60.31,completed
4382,24932,2026-03-13 03:49:27.715868,32.88,1,9.99,6.58,completed
4383,21276,2026-03-13 04:41:26.615309,676.37,3,4.99,0.0,cancelled
4384,228,2026-03-13 06:30:19.386842,505.07,2,0.0,0.0,cancelled
4385,10076,2026-03-13 14:02:54.860781,696.14,4,9.99,0.0,completed
4386,7180,2026-03-13 15:56:46.226689,628.69,4,0.0,125.74,completed
4387,527,2026-03-13 18:55:17.162656,533.45,3,4.99,0.0,completed
4388,20574,2026-03-13 21:49:49.546426,313.68,1,9.99,0.0,returned
4389,7898,2026-03-14 00:17:58.772787,192.15,1,9.99,0.0,completed
4390,3462,2026-03-14 03:14:51.412461,376.38,2,9.99,0.0,completed
4391,12562,2026-03-14 03:23:52.275978,345.22,3,0.0,0.0,completed
4392,24151,2026-03-14 04:39:10.900633,744.25,5,4.99,111.64,returned
4393,18413,2026-03-14 06:39:35.151316,289.61,2,9.99,28.96,completed
4394,19006,2026-03-14 11:06:28.204408,684.71,3,4.99,68.47,completed
4395,6167,2026-03-14 13:12:46.161656,331.8,1,4.99,0.0,completed
4396,3022,2026-03-14 13:16:11.952913,230.26,1,9.99,34.54,shipped
4397,11892,2026-03-14 15:44:30.887120,497.7,3,9.99,99.54,shipped
4398,1222,2026-03-14 17:35:45.957104,336.3,1,9.99,33.63,returned
4399,15493,2026-03-14 20:01:42.376117,409.54,3,9.99,81.91,completed
4400,4990,2026-03-14 20:43:45.702535,590.92,3,4.99,88.64,completed
4401,24677,2026-03-14 22:00:05.254782,109.64,1,9.99,0.0,shipped
4402,21831,2026-03-15 00:40:46.906920,176.04,2,4.99,35.21,completed
4403,6431,2026-03-15 01:39:50.147996,259.98,1,9.99,0.0,completed
4404,23899,2026-03-15 02:41:58.526324,831.07,5,9.99,83.11,shipped
4405,9108,2026-03-15 08:42:22.278995,278.7,2,0.0,0.0,completed
4406,4914,2026-03-15 08:57:40.210771,514.26,3,0.0,0.0,completed
4407,16572,2026-03-15 10:14:09.821909,91.12,2,9.99,0.0,cancelled
4408,10864,2026-03-15 10:29:53.538308,333.47,2,4.99,50.02,completed
4409,2648,2026-03-15 11:04:16.964787,736.64,5,0.0,147.33,completed
4410,735,2026-03-15 14:17:05.284955,964.41,5,4.99,0.0,shipped
4411,11937,2026-03-15 15:36:17.561659,809.18,4,0.0,0.0,completed
4412,18658,2026-03-15 15:58:43.856216,694.75,3,9.99,69.48,completed
4413,22540,2026-03-15 18:37:25.795315,439.69,2,0.0,0.0,returned
4414,21494,2026-03-15 19:14:44.486687,575.15,2,0.0,0.0,completed
4415,17982,2026-03-15 19:23:09.351956,167.63,1,4.99,16.76,completed
4416,22929,2026-03-15 20:17:09.840251,165.57,1,4.99,16.56,completed
4417,15240,2026-03-15 20:38:24.189341,562.85,3,0.0,56.29,shipped
4418,9978,2026-03-15 21:40:14.509416,188.81,1,4.99,18.88,completed
4419,13941,2026-03-15 23:20:09.206689,190.23,2,4.99,0.0,completed
4420,8240,2026-03-15 23:48:37.126251,557.31,2,4.99,55.73,completed
4421,15581,2026-03-16 01:28:32.343924,841.68,4,0.0,0.0,completed
4422,18553,2026-03-16 01:56:11.691353,631.67,4,0.0,94.75,completed
4423,10785,2026-03-16 05:36:27.572956,445.39,3,4.99,89.08,completed
4424,19078,2026-03-16 08:45:59.997022,813.98,4,0.0,0.0,completed
4425,6744,2026-03-16 11:22:14.458994,737.48,3,9.99,73.75,completed
4426,18031,2026-03-16 12:02:43.602843,892.24,4,9.99,89.22,completed
4427,11762,2026-03-16 13:50:11.399567,554.27,4,9.99,110.85,shipped
4428,5713,2026-03-16 13:52:31.385762,307.38,1,4.99,46.11,shipped
4429,20254,2026-03-16 14:06:54.392684,231.8,2,0.0,0.0,completed
4430,657,2026-03-16 16:03:36.618075,277.1,3,9.99,0.0,completed
4431,6127,2026-03-16 16:54:43.084879,381.57,2,4.99,0.0,completed
4432,15532,2026-03-16 17:15:10.274508,320.14,1,4.99,0.0,completed
4433,11415,2026-03-16 18:11:17.378184,599.9,2,0.0,59.99,completed
4434,10700,2026-03-16 19:30:21.154028,295.26,1,0.0,44.29,completed
4435,10666,2026-03-16 20:38:08.025881,322.95,1,4.99,48.44,cancelled
4436,13124,2026-03-17 01:20:47.292167,318.52,3,0.0,0.0,completed
4437,6333,2026-03-17 01:35:42.158502,166.06,2,4.99,0.0,completed
4438,17866,2026-03-17 04:37:27.727745,385.56,3,0.0,0.0,completed
4439,21176,2026-03-17 06:07:39.327309,298.65,1,0.0,0.0,completed
4440,6180,2026-03-17 10:09:39.528358,413.75,3,9.99,82.75,completed
4441,1711,2026-03-17 10:27:19.468923,178.99,1,0.0,26.85,completed
4442,5998,2026-03-17 11:25:22.222852,654.22,4,4.99,130.84,completed
4443,22149,2026-03-17 14:51:09.917225,568.28,4,4.99,113.66,completed
4444,11052,2026-03-17 16:17:55.416347,56.98,1,0.0,0.0,cancelled
4445,13059,2026-03-17 17:56:00.349272,184.37,1,9.99,0.0,shipped
4446,3598,2026-03-17 18:10:32.247542,200.24,2,0.0,0.0,cancelled
4447,7009,2026-03-17 18:38:26.357846,596.88,3,4.99,119.38,completed
4448,14790,2026-03-17 19:35:48.287875,815.29,4,9.99,81.53,cancelled
4449,21331,2026-03-17 22:22:38.267138,885.02,5,4.99,177.0,completed
4450,10526,2026-03-18 00:34:58.843693,1137.75,5,9.99,0.0,completed
4451,15949,2026-03-18 01:19:21.557029,110.41,2,4.99,11.04,completed
4452,4234,2026-03-18 08:29:52.692751,179.51,2,0.0,26.93,cancelled
4453,14359,2026-03-18 13:14:31.198909,317.36,3,9.99,63.47,completed
4454,21153,2026-03-18 14:42:12.693431,181.78,2,4.99,27.27,completed
4455,16167,2026-03-18 14:52:25.788698,625.75,5,9.99,0.0,completed
4456,10392,2026-03-18 15:40:53.152013,419.96,2,4.99,0.0,completed
4457,2378,2026-03-18 17:40:10.174614,147.25,2,9.99,29.45,completed
4458,9816,2026-03-18 21:58:05.695794,410.81,2,0.0,0.0,shipped
4459,13070,2026-03-19 00:05:11.250588,469.87,2,9.99,0.0,completed
4460,4552,2026-03-19 00:05:26.078355,160.19,3,0.0,24.03,completed
4461,19146,2026-03-19 03:46:34.060842,585.54,2,4.99,0.0,completed
4462,16960,2026-03-19 07:31:37.349333,630.66,3,0.0,0.0,completed
4463,19166,2026-03-19 08:46:50.852432,432.43,3,9.99,86.49,completed
4464,8266,2026-03-19 12:22:29.756477,774.25,5,4.99,154.85,returned
4465,22116,2026-03-19 17:01:21.028501,468.23,5,0.0,46.82,completed
4466,5319,2026-03-19 21:58:01.201614,776.96,4,0.0,116.54,completed
4467,20012,2026-03-19 22:19:23.644023,119.83,2,9.99,0.0,returned
4468,15272,2026-03-19 23:29:09.659914,766.91,4,4.99,0.0,cancelled
4469,948,2026-03-20 02:14:47.553514,617.02,3,0.0,92.55,shipped
4470,14489,2026-03-20 02:42:45.799708,642.69,3,4.99,0.0,completed
4471,8810,2026-03-20 06:30:20.734837,388.94,2,4.99,0.0,completed
4472,9254,2026-03-20 08:49:37.983665,415.06,2,0.0,0.0,completed
4473,17551,2026-03-20 09:44:00.538831,773.56,5,0.0,0.0,shipped
4474,6088,2026-03-20 09:44:03.230360,284.85,1,9.99,0.0,completed
4475,3613,2026-03-20 11:52:32.736851,109.16,1,9.99,0.0,completed
4476,8387,2026-03-20 13:45:43.888461,644.93,4,4.99,64.49,shipped
4477,13188,2026-03-20 14:01:04.361312,722.01,3,9.99,108.3,completed
4478,13966,2026-03-20 20:19:30.775629,429.41,2,9.99,0.0,completed
4479,4398,2026-03-20 20:24:26.884687,983.94,5,9.99,0.0,shipped
4480,18463,2026-03-21 02:06:26.481001,781.16,5,4.99,156.23,shipped
4481,5175,2026-03-21 02:20:10.248029,663.52,3,9.99,0.0,shipped
4482,17112,2026-03-21 03:11:56.795987,213.14,1,0.0,42.63,completed
4483,15923,2026-03-21 05:45:17.057773,274.09,3,4.99,54.82,completed
4484,292,2026-03-21 06:49:08.661478,67.84,1,0.0,13.57,completed
4485,6441,2026-03-21 07:13:46.941798,662.44,5,0.0,0.0,completed
4486,19656,2026-03-21 09:20:41.226629,365.85,3,0.0,36.59,completed
4487,21514,2026-03-21 09:58:02.214164,277.27,1,4.99,27.73,completed
4488,19452,2026-03-21 10:46:49.446616,406.86,2,9.99,0.0,returned
4489,3493,2026-03-21 13:14:12.303830,1019.28,5,0.0,203.86,completed
4490,24681,2026-03-21 13:14:37.554654,446.8,2,4.99,0.0,completed
4491,16001,2026-03-21 13:33:51.065220,1070.12,5,4.99,0.0,completed
4492,23699,2026-03-21 16:48:09.511049,554.91,3,0.0,0.0,completed
4493,15074,2026-03-21 17:52:56.848467,310.41,1,4.99,0.0,completed
4494,22199,2026-03-21 18:39:34.358254,382.19,3,4.99,0.0,completed
4495,11259,2026-03-21 23:01:41.241185,415.57,3,0.0,41.56,completed
4496,5140,2026-03-22 00:54:09.825178,915.53,5,9.99,0.0,shipped
4497,11510,2026-03-22 02:39:32.129981,1303.12,5,0.0,0.0,completed
4498,14152,2026-03-22 08:37:05.818495,605.43,3,9.99,90.81,completed
4499,21926,2026-03-22 08:59:52.628515,38.07,1,0.0,0.0,cancelled
4500,18711,2026-03-22 09:14:10.150505,692.87,2,4.99,138.57,completed
4501,22939,2026-03-22 09:58:04.121206,667.99,4,4.99,66.8,shipped
4502,14514,2026-03-22 15:04:46.129728,398.49,2,9.99,0.0,completed
4503,18449,2026-03-22 17:02:51.424497,664.24,3,0.0,132.85,returned
4504,6087,2026-03-22 18:12:57.977162,16.75,1,4.99,3.35,completed
4505,7981,2026-03-22 20:51:20.387964,606.31,3,4.99,0.0,completed
4506,7452,2026-03-22 22:33:32.293595,278.46,1,4.99,0.0,completed
4507,18031,2026-03-22 22:38:35.915637,1280.91,5,9.99,256.18,cancelled
4508,5255,2026-03-23 01:36:44.912551,627.73,5,4.99,94.16,completed
4509,16859,2026-03-23 03:22:49.525986,204.25,2,9.99,30.64,completed
4510,23390,2026-03-23 09:45:18.569133,157.76,1,0.0,23.66,completed
4511,17790,2026-03-23 11:35:27.144631,686.93,4,9.99,0.0,completed
4512,2124,2026-03-23 14:50:54.591922,299.04,2,4.99,29.9,completed
4513,17599,2026-03-23 15:14:48.340550,579.14,3,4.99,57.91,completed
4514,1980,2026-03-23 15:23:23.170119,599.93,4,9.99,0.0,completed
4515,4580,2026-03-23 19:13:25.962494,495.25,3,0.0,99.05,completed
4516,23038,2026-03-23 19:30:09.855831,860.91,4,4.99,172.18,completed
4517,1342,2026-03-23 20:26:33.593645,1052.98,5,4.99,0.0,completed
4518,10338,2026-03-24 04:25:25.076630,351.22,3,4.99,0.0,cancelled
4519,21335,2026-03-24 05:01:41.361938,357.94,2,0.0,0.0,completed
4520,10521,2026-03-24 10:53:21.352966,380.77,2,9.99,57.12,completed
4521,217,2026-03-24 11:49:55.764668,1108.08,5,9.99,0.0,completed
4522,9034,2026-03-24 11:58:10.748876,265.17,1,4.99,26.52,completed
4523,365,2026-03-24 13:21:16.021065,776.83,5,9.99,77.68,completed
4524,15652,2026-03-24 16:33:14.532955,214.85,1,4.99,42.97,returned
4525,14353,2026-03-24 21:14:35.699935,1006.07,4,0.0,0.0,completed
4526,12853,2026-03-24 23:23:13.350868,637.16,4,0.0,63.72,completed
4527,21347,2026-03-24 23:27:42.697665,1072.08,5,0.0,0.0,completed
4528,22347,2026-03-25 04:32:07.374721,489.95,2,9.99,0.0,returned
4529,22389,2026-03-25 06:13:00.973449,963.64,4,4.99,0.0,completed
4530,11510,2026-03-25 10:28:49.728306,919.88,5,4.99,0.0,completed
4531,24818,2026-03-25 13:45:02.139092,259.84,1,4.99,38.98,completed
4532,17374,2026-03-25 14:34:41.226009,233.69,1,9.99,0.0,completed
4533,24972,2026-03-25 15:53:57.870084,317.46,1,9.99,0.0,completed
4534,421,2026-03-25 16:57:41.184848,410.18,2,9.99,61.53,completed
4535,24662,2026-03-25 17:53:20.998335,116.04,1,0.0,17.41,completed
4536,18664,2026-03-25 20:39:35.153034,299.76,1,4.99,44.96,returned
4537,5090,2026-03-25 22:39:58.738222,856.78,5,4.99,0.0,shipped
4538,12882,2026-03-26 00:19:44.496850,362.47,4,9.99,0.0,completed
4539,23686,2026-03-26 02:59:14.952199,792.66,3,9.99,79.27,shipped
4540,23696,2026-03-26 13:33:21.061188,160.0,1,0.0,16.0,shipped
4541,7033,2026-03-26 16:33:22.862931,793.37,3,0.0,0.0,completed
4542,15709,2026-03-26 16:51:10.752586,1190.35,5,9.99,238.07,shipped
4543,14019,2026-03-26 17:16:34.417563,426.64,3,4.99,85.33,completed
4544,4243,2026-03-26 17:23:03.487525,703.17,5,0.0,0.0,completed
4545,5740,2026-03-26 22:05:13.091626,249.0,3,0.0,24.9,completed
4546,5076,2026-03-26 23:42:07.497125,453.08,2,9.99,45.31,completed
4547,3096,2026-03-27 01:32:18.718756,307.72,2,4.99,46.16,returned
4548,21409,2026-03-27 07:58:03.882357,273.86,2,9.99,41.08,shipped
4549,20116,2026-03-27 09:22:21.724620,1365.25,5,0.0,136.53,completed
4550,10162,2026-03-27 10:41:29.663252,819.35,4,9.99,0.0,shipped
4551,15053,2026-03-27 11:41:51.417235,196.1,1,4.99,19.61,completed
4552,17049,2026-03-27 18:05:49.646996,430.1,2,9.99,0.0,completed
4553,18863,2026-03-27 19:40:53.113960,594.99,4,4.99,89.25,completed
4554,8306,2026-03-27 21:33:59.510852,274.6,4,9.99,54.92,completed
4555,5857,2026-03-27 23:49:59.008451,149.31,1,9.99,14.93,completed
4556,12991,2026-03-28 00:41:29.140688,552.79,4,0.0,0.0,cancelled
4557,7729,2026-03-28 01:48:46.787596,412.74,2,9.99,41.27,completed
4558,19343,2026-03-28 04:10:06.856238,291.72,1,9.99,43.76,completed
4559,7401,2026-03-28 05:36:21.589063,375.52,2,0.0,0.0,shipped
4560,11757,2026-03-28 12:30:04.332634,637.29,3,0.0,127.46,shipped
4561,21905,2026-03-28 13:08:25.942585,781.74,4,9.99,78.17,completed
4562,7196,2026-03-28 16:53:46.996825,207.52,1,0.0,31.13,completed
4563,11870,2026-03-28 19:34:29.017776,376.12,2,0.0,56.42,completed
4564,3095,2026-03-28 21:45:37.370254,276.28,1,0.0,0.0,completed
4565,14219,2026-03-28 22:08:22.896324,226.79,1,0.0,0.0,completed
4566,14026,2026-03-29 03:26:46.088137,549.63,3,9.99,54.96,completed
4567,11213,2026-03-29 03:47:56.755461,319.32,1,4.99,0.0,returned
4568,4877,2026-03-29 07:30:02.312270,284.28,2,4.99,56.86,completed
4569,22940,2026-03-29 09:56:07.704029,859.85,3,4.99,171.97,completed
4570,20622,2026-03-29 09:57:47.393244,389.18,3,0.0,58.38,completed
4571,22176,2026-03-29 11:40:37.884392,99.8,2,0.0,0.0,completed
4572,1285,2026-03-29 13:14:15.983428,575.97,3,0.0,57.6,completed
4573,12346,2026-03-29 19:27:03.402988,527.69,3,4.99,0.0,completed
4574,15144,2026-03-29 19:36:23.714877,1322.66,5,9.99,0.0,shipped
4575,12580,2026-03-29 23:36:23.999714,349.16,2,0.0,52.37,completed
4576,13716,2026-03-30 01:40:31.602547,136.0,1,0.0,0.0,completed
4577,22514,2026-03-30 02:19:25.932069,528.86,2,0.0,0.0,completed
4578,19710,2026-03-30 02:32:40.351990,714.64,3,0.0,0.0,completed
4579,23679,2026-03-30 06:38:55.100224,547.22,3,0.0,0.0,cancelled
4580,4263,2026-03-30 07:30:53.348647,593.59,3,0.0,89.04,completed
4581,1512,2026-03-30 08:05:15.539064,217.6,1,4.99,21.76,shipped
4582,17050,2026-03-30 09:47:19.097450,343.1,2,0.0,0.0,completed
4583,20499,2026-03-30 14:01:37.146153,591.69,3,9.99,0.0,shipped
4584,6722,2026-03-30 14:56:40.671232,244.66,2,4.99,24.47,completed
4585,14473,2026-03-30 15:12:34.317570,611.59,2,0.0,0.0,completed
4586,21703,2026-03-30 15:31:59.660758,593.24,3,0.0,0.0,shipped
4587,7734,2026-03-30 19:56:46.417840,127.63,1,9.99,0.0,completed
4588,13568,2026-03-30 20:29:26.023175,892.57,5,4.99,133.89,completed
4589,10227,2026-03-30 20:38:45.815998,303.55,2,0.0,0.0,completed
4590,2844,2026-03-30 21:35:36.916005,998.36,5,9.99,99.84,completed
4591,7744,2026-03-30 22:02:04.921435,352.53,3,9.99,0.0,cancelled
4592,17026,2026-03-30 22:58:41.154684,901.08,5,0.0,135.16,shipped
4593,7311,2026-03-31 00:31:37.440739,750.86,3,9.99,150.17,shipped
4594,6661,2026-03-31 02:23:39.631856,637.73,4,4.99,127.55,completed
4595,24750,2026-03-31 03:28:41.152265,935.66,5,4.99,0.0,completed
4596,10025,2026-03-31 08:03:17.859058,797.61,4,4.99,0.0,completed
4597,8160,2026-03-31 10:28:33.140769,1158.18,5,9.99,0.0,completed
4598,16391,2026-03-31 11:37:39.401183,293.55,2,9.99,29.36,completed
4599,9755,2026-03-31 12:15:40.769616,327.02,1,0.0,65.4,completed
4600,12433,2026-03-31 16:08:31.276394,362.92,2,9.99,0.0,cancelled
4601,7764,2026-03-31 17:43:44.367618,220.73,2,4.99,0.0,completed
4602,12098,2026-03-31 18:18:59.691704,134.71,2,9.99,13.47,completed
4603,16489,2026-03-31 19:29:18.398627,448.94,5,0.0,0.0,completed
4604,5961,2026-03-31 21:02:10.222853,244.67,1,4.99,0.0,completed
4605,16690,2026-03-31 22:59:30.011352,424.76,3,4.99,0.0,completed
4606,14804,2026-03-31 23:56:56.865435,445.99,3,4.99,44.6,completed
4607,1810,2026-04-01 02:14:18.117088,256.25,1,0.0,51.25,completed
4608,2047,2026-04-01 02:19:58.486359,823.33,5,0.0,0.0,shipped
4609,23776,2026-04-01 04:54:36.387456,1101.15,5,0.0,0.0,completed
4610,12654,2026-04-01 07:25:27.340728,474.15,5,9.99,0.0,completed
4611,13149,2026-04-01 07:51:43.850174,441.02,2,4.99,0.0,completed
4612,11230,2026-04-01 13:50:38.362589,892.12,5,9.99,133.82,completed
4613,20888,2026-04-01 13:57:22.336490,206.52,2,4.99,30.98,shipped
4614,1724,2026-04-01 15:12:28.156461,495.1,2,9.99,49.51,completed
4615,7141,2026-04-01 15:55:54.150949,1042.01,5,9.99,0.0,shipped
4616,1409,2026-04-01 17:13:30.499331,192.54,1,9.99,0.0,completed
4617,24245,2026-04-01 17:58:06.571673,662.92,5,0.0,66.29,completed
4618,10082,2026-04-01 20:47:48.335834,386.95,2,0.0,0.0,completed
4619,23761,2026-04-01 21:37:45.538073,751.36,5,0.0,75.14,completed
4620,4819,2026-04-01 22:56:56.965082,266.91,1,4.99,53.38,shipped
4621,6592,2026-04-02 00:11:34.190571,966.13,5,4.99,0.0,cancelled
4622,12343,2026-04-02 01:02:59.088643,308.37,4,0.0,0.0,completed
4623,22999,2026-04-02 01:17:13.766093,741.31,5,0.0,0.0,returned
4624,22216,2026-04-02 01:21:56.540271,470.34,3,0.0,94.07,completed
4625,1521,2026-04-02 01:57:59.627722,245.41,1,4.99,49.08,completed
4626,9627,2026-04-02 04:26:03.900268,618.31,4,0.0,92.75,completed
4627,24533,2026-04-02 04:35:15.748638,248.45,1,9.99,0.0,completed
4628,7708,2026-04-02 06:18:33.400295,370.56,2,9.99,0.0,completed
4629,12827,2026-04-02 06:29:42.957453,311.81,2,0.0,62.36,completed
4630,2122,2026-04-02 07:14:24.668538,74.56,1,4.99,0.0,completed
4631,18919,2026-04-02 09:22:01.752947,980.98,5,0.0,147.15,completed
4632,8707,2026-04-02 09:44:53.707994,125.99,1,9.99,0.0,shipped
4633,22263,2026-04-02 10:53:05.649267,234.68,3,0.0,0.0,shipped
4634,20156,2026-04-02 16:32:29.155030,99.41,1,9.99,0.0,completed
4635,23511,2026-04-02 17:16:38.629791,117.07,2,9.99,0.0,returned
4636,21327,2026-04-02 17:26:13.223718,599.67,4,4.99,0.0,shipped
4637,19494,2026-04-02 18:40:26.759184,804.95,5,9.99,0.0,completed
4638,19236,2026-04-02 21:56:11.638583,99.54,1,4.99,14.93,shipped
4639,18680,2026-04-02 22:50:40.215544,181.6,1,0.0,18.16,shipped
4640,24607,2026-04-02 23:02:54.133246,71.74,1,4.99,10.76,shipped
4641,13587,2026-04-02 23:12:11.876081,623.75,3,9.99,0.0,completed
4642,4018,2026-04-03 01:38:53.743917,631.38,4,0.0,0.0,completed
4643,18339,2026-04-03 04:09:38.652238,510.58,2,9.99,0.0,cancelled
4644,3787,2026-04-03 04:40:37.702685,606.75,3,0.0,0.0,completed
4645,21056,2026-04-03 05:24:25.681594,296.13,2,0.0,59.23,shipped
4646,18664,2026-04-03 05:48:28.950993,588.39,5,9.99,88.26,completed
4647,24135,2026-04-03 08:55:39.716646,823.57,5,9.99,0.0,completed
4648,12021,2026-04-03 09:10:45.458061,593.71,3,4.99,118.74,shipped
4649,16061,2026-04-03 12:54:10.351132,1115.94,5,4.99,0.0,cancelled
4650,539,2026-04-03 14:12:33.586315,772.14,3,4.99,0.0,completed
4651,21563,2026-04-03 17:12:20.801268,746.44,4,9.99,74.64,completed
4652,3350,2026-04-03 23:09:19.915101,300.05,2,4.99,0.0,shipped
4653,6626,2026-04-04 00:58:59.224985,756.46,3,0.0,0.0,completed
4654,9027,2026-04-04 01:55:16.152082,692.51,3,9.99,103.88,completed
4655,21036,2026-04-04 04:40:50.990793,200.57,1,0.0,0.0,completed
4656,20527,2026-04-04 05:19:11.278386,405.17,4,0.0,60.78,completed
4657,15314,2026-04-04 13:43:17.529730,119.32,1,0.0,11.93,completed
4658,23899,2026-04-04 13:45:42.448385,665.3,4,9.99,99.79,completed
4659,7343,2026-04-04 23:21:56.464115,823.22,5,0.0,0.0,shipped
4660,10345,2026-04-04 23:33:15.749452,734.76,5,9.99,0.0,completed
4661,23615,2026-04-05 03:40:36.890554,300.5,2,4.99,0.0,completed
4662,837,2026-04-05 04:58:03.084228,746.57,3,4.99,0.0,shipped
4663,16038,2026-04-05 07:36:51.070899,396.91,3,0.0,79.38,completed
4664,1979,2026-04-05 09:43:01.735553,686.08,3,0.0,0.0,completed
4665,4012,2026-04-05 10:51:06.502431,587.37,2,4.99,88.11,returned
4666,17823,2026-04-05 11:36:57.234990,562.59,3,0.0,84.39,completed
4667,2668,2026-04-05 12:16:53.121917,452.23,4,0.0,90.45,shipped
4668,5972,2026-04-05 13:09:45.356509,532.89,4,0.0,53.29,returned
4669,17688,2026-04-05 14:15:08.637590,184.18,1,0.0,18.42,completed
4670,15509,2026-04-05 14:17:54.955581,832.47,3,4.99,0.0,completed
4671,8049,2026-04-05 15:03:56.316795,380.22,2,9.99,76.04,completed
4672,15856,2026-04-05 16:41:56.520267,548.82,2,0.0,82.32,completed
4673,8197,2026-04-05 21:15:22.636273,732.74,4,0.0,0.0,completed
4674,22473,2026-04-05 21:35:59.541467,807.25,5,4.99,121.09,completed
4675,5258,2026-04-05 22:01:18.031199,884.36,5,4.99,176.87,completed
4676,2730,2026-04-06 04:59:49.887917,743.46,4,0.0,0.0,completed
4677,17534,2026-04-06 05:08:34.997746,25.51,1,9.99,5.1,completed
4678,6881,2026-04-06 06:12:10.327065,854.6,5,0.0,0.0,completed
4679,21801,2026-04-06 07:46:22.039718,815.01,5,4.99,163.0,cancelled
4680,18132,2026-04-06 08:08:47.584684,433.84,2,9.99,0.0,completed
4681,10934,2026-04-06 08:42:26.481167,575.12,3,9.99,0.0,completed
4682,23348,2026-04-06 08:43:38.600551,671.47,5,4.99,0.0,shipped
4683,15081,2026-04-06 08:53:41.838912,806.48,3,4.99,0.0,completed
4684,10648,2026-04-06 12:12:44.586889,587.58,3,0.0,0.0,completed
4685,16017,2026-04-06 13:21:04.266318,155.53,2,9.99,31.11,shipped
4686,8597,2026-04-06 19:39:05.616438,439.81,3,4.99,0.0,shipped
4687,2157,2026-04-07 02:47:24.018044,813.72,5,9.99,0.0,completed
4688,2108,2026-04-07 08:29:49.056452,546.96,4,9.99,0.0,completed
4689,15386,2026-04-07 08:47:53.845967,516.54,3,9.99,51.65,completed
4690,22696,2026-04-07 09:02:03.204515,355.3,2,4.99,53.3,shipped
4691,13693,2026-04-07 11:30:46.747605,875.61,3,0.0,175.12,completed
4692,15048,2026-04-07 11:40:58.779517,189.3,1,4.99,0.0,completed
4693,4308,2026-04-07 11:41:32.035034,703.06,5,0.0,105.46,completed
4694,19205,2026-04-07 12:33:41.738116,765.95,4,0.0,76.6,completed
4695,23723,2026-04-07 13:05:34.697073,741.13,3,0.0,111.17,completed
4696,17978,2026-04-07 13:43:55.003008,135.7,3,9.99,0.0,returned
4697,4328,2026-04-07 21:10:17.731081,38.51,1,0.0,0.0,cancelled
4698,19078,2026-04-08 01:08:08.148109,375.18,2,9.99,0.0,completed
4699,1698,2026-04-08 03:30:56.297572,642.44,3,4.99,0.0,shipped
4700,14866,2026-04-08 04:01:48.823459,684.45,3,4.99,0.0,completed
4701,11154,2026-04-08 08:18:20.881296,1042.71,5,4.99,208.54,cancelled
4702,11902,2026-04-08 10:05:55.136268,1196.55,4,9.99,179.48,completed
4703,13018,2026-04-08 10:54:26.354990,636.75,5,0.0,0.0,shipped
4704,20508,2026-04-08 11:36:58.421932,66.29,1,9.99,0.0,completed
4705,16256,2026-04-08 11:47:20.717939,801.88,5,4.99,160.38,completed
4706,6791,2026-04-08 14:52:46.095487,512.37,2,0.0,0.0,shipped
4707,21490,2026-04-08 15:32:30.508116,862.94,5,9.99,172.59,completed
4708,15940,2026-04-08 15:50:24.471235,687.22,5,0.0,137.44,completed
4709,10835,2026-04-08 16:39:48.474670,779.91,4,4.99,116.99,completed
4710,833,2026-04-08 17:09:17.647171,614.83,2,4.99,92.22,completed
4711,11260,2026-04-08 18:03:03.861320,1038.05,4,9.99,103.81,shipped
4712,18834,2026-04-08 20:14:01.151943,643.98,3,4.99,96.6,completed
4713,17951,2026-04-08 20:50:49.606325,1192.87,5,9.99,0.0,completed
4714,10425,2026-04-09 00:01:43.150634,348.1,2,4.99,0.0,completed
4715,16130,2026-04-09 00:57:52.466447,293.96,2,4.99,29.4,completed
4716,15548,2026-04-09 01:12:58.593623,261.05,3,4.99,0.0,shipped
4717,19575,2026-04-09 01:57:54.586426,270.79,2,0.0,40.62,returned
4718,16963,2026-04-09 03:12:17.237659,611.25,4,4.99,0.0,shipped
4719,7099,2026-04-09 04:28:13.996987,374.6,4,9.99,37.46,completed
4720,15493,2026-04-09 07:36:35.766866,570.82,4,0.0,85.62,completed
4721,4120,2026-04-09 07:36:51.587050,293.65,1,4.99,0.0,completed
4722,8834,2026-04-09 08:06:30.961327,1144.11,5,0.0,228.82,cancelled
4723,18094,2026-04-09 08:16:05.086994,908.63,4,4.99,0.0,completed
4724,6150,2026-04-09 09:02:16.022644,718.22,3,9.99,107.73,completed
4725,5847,2026-04-09 09:52:04.571672,1109.24,5,4.99,110.92,shipped
4726,4428,2026-04-09 10:36:39.067379,877.22,3,0.0,87.72,completed
4727,6545,2026-04-09 11:43:47.153902,471.11,2,0.0,0.0,completed
4728,17010,2026-04-09 13:06:25.781380,489.29,5,0.0,97.86,shipped
4729,18479,2026-04-09 17:53:11.204255,293.61,3,4.99,58.72,completed
4730,23678,2026-04-09 20:47:04.047661,112.78,2,4.99,11.28,shipped
4731,1845,2026-04-09 23:00:23.425413,689.04,3,4.99,0.0,completed
4732,1537,2026-04-09 23:30:11.198814,423.86,3,4.99,0.0,completed
4733,19552,2026-04-09 23:49:48.075772,385.28,2,0.0,38.53,shipped
4734,18512,2026-04-10 02:51:52.168286,658.81,4,4.99,0.0,cancelled
4735,22827,2026-04-10 04:11:41.796137,696.36,4,4.99,69.64,completed
4736,23819,2026-04-10 09:32:56.689282,231.62,2,4.99,0.0,completed
4737,4686,2026-04-10 09:50:03.011975,631.82,4,0.0,63.18,completed
4738,14087,2026-04-10 10:00:05.990998,596.13,4,0.0,0.0,completed
4739,8411,2026-04-10 11:31:09.406496,877.38,5,4.99,0.0,completed
4740,1350,2026-04-10 12:53:58.947939,301.92,2,0.0,0.0,completed
4741,7983,2026-04-10 14:30:24.925720,729.09,3,0.0,0.0,completed
4742,14557,2026-04-10 15:13:56.650030,480.38,2,0.0,72.06,completed
4743,6043,2026-04-10 20:19:19.931584,801.42,3,0.0,0.0,returned
4744,954,2026-04-10 20:58:48.449742,74.65,2,0.0,14.93,completed
4745,21627,2026-04-10 22:31:20.099844,518.48,4,0.0,51.85,shipped
4746,22185,2026-04-10 22:41:22.685537,1314.18,5,4.99,262.84,completed
4747,15804,2026-04-10 23:28:11.281969,444.6,2,4.99,0.0,completed
4748,12119,2026-04-11 00:27:08.773284,393.25,4,0.0,0.0,shipped
4749,12011,2026-04-11 03:18:22.717558,1260.06,5,9.99,126.01,completed
4750,21274,2026-04-11 05:20:01.213708,234.5,2,0.0,0.0,completed
4751,17119,2026-04-11 05:35:40.776973,1042.81,4,4.99,0.0,completed
4752,8709,2026-04-11 08:17:59.680894,579.11,4,4.99,86.87,completed
4753,17469,2026-04-11 12:24:07.086579,652.62,5,0.0,97.89,cancelled
4754,348,2026-04-11 17:49:38.302877,798.92,4,9.99,0.0,completed
4755,867,2026-04-11 19:25:47.373670,1099.07,4,9.99,0.0,completed
4756,9300,2026-04-11 21:13:43.958544,141.21,1,0.0,28.24,cancelled
4757,6590,2026-04-11 22:06:58.753874,794.44,3,0.0,0.0,completed
4758,10025,2026-04-11 23:06:41.118972,580.51,5,9.99,0.0,completed
4759,5383,2026-04-12 00:14:58.314964,38.49,1,4.99,0.0,cancelled
4760,16617,2026-04-12 02:07:00.391497,541.82,3,9.99,0.0,shipped
4761,1265,2026-04-12 04:00:18.753588,92.25,1,9.99,0.0,completed
4762,5154,2026-04-12 07:14:31.610070,675.12,3,0.0,0.0,shipped
4763,2814,2026-04-12 07:24:55.851623,246.75,1,0.0,0.0,completed
4764,11567,2026-04-12 07:47:43.121533,216.61,1,0.0,0.0,completed
4765,20574,2026-04-12 08:14:03.971273,104.72,1,9.99,0.0,cancelled
4766,15560,2026-04-12 08:47:07.616873,1378.57,5,0.0,0.0,completed
4767,13070,2026-04-12 10:00:46.209421,758.82,5,9.99,0.0,completed
4768,13932,2026-04-12 13:12:42.127691,345.93,1,9.99,69.19,cancelled
4769,605,2026-04-12 13:35:33.918074,803.01,3,9.99,160.6,shipped
4770,13633,2026-04-12 14:38:55.507828,450.21,4,4.99,0.0,cancelled
4771,19870,2026-04-12 17:09:01.317665,370.26,4,4.99,0.0,completed
4772,537,2026-04-12 17:10:16.977331,845.59,4,9.99,0.0,completed
4773,11362,2026-04-12 19:00:09.270317,428.52,3,9.99,85.7,completed
4774,9939,2026-04-12 19:42:27.546559,154.85,1,4.99,30.97,completed
4775,20882,2026-04-12 20:06:27.268745,280.43,1,4.99,42.06,completed
4776,20395,2026-04-12 20:37:48.128803,843.63,4,4.99,126.54,cancelled
4777,21367,2026-04-12 21:13:06.868617,50.36,1,9.99,0.0,completed
4778,7519,2026-04-13 04:15:59.035388,1042.49,5,0.0,0.0,completed
4779,13672,2026-04-13 05:11:14.531099,786.25,4,0.0,78.62,cancelled
4780,15685,2026-04-13 08:28:01.172471,396.72,3,4.99,0.0,completed
4781,17139,2026-04-13 09:41:51.980091,908.62,4,0.0,181.72,shipped
4782,22149,2026-04-13 10:12:04.199970,143.42,2,0.0,21.51,completed
4783,21920,2026-04-13 10:24:46.849272,724.36,3,9.99,72.44,completed
4784,21703,2026-04-13 12:50:09.101557,300.35,1,9.99,60.07,shipped
4785,20882,2026-04-13 13:15:09.980110,454.12,4,9.99,68.12,completed
4786,3695,2026-04-13 13:35:47.124725,1120.86,5,0.0,112.09,shipped
4787,22157,2026-04-13 17:19:15.939479,1069.44,5,0.0,0.0,completed
4788,6225,2026-04-13 17:55:26.708348,279.5,2,0.0,41.92,completed
4789,19696,2026-04-13 20:41:33.841643,376.31,2,0.0,0.0,cancelled
4790,22147,2026-04-13 21:37:47.007404,1016.18,5,0.0,203.24,completed
4791,16104,2026-04-13 23:07:00.247773,497.11,4,4.99,74.57,completed
4792,27,2026-04-13 23:16:47.526040,633.67,3,0.0,0.0,shipped
4793,21222,2026-04-13 23:18:08.785245,622.88,4,4.99,62.29,completed
4794,24645,2026-04-14 01:57:26.802534,595.85,3,9.99,0.0,completed
4795,7817,2026-04-14 03:23:42.777303,230.84,3,9.99,0.0,completed
4796,11395,2026-04-14 04:37:46.276958,529.24,2,0.0,52.92,cancelled
4797,8196,2026-04-14 05:19:43.007875,773.26,4,4.99,154.65,cancelled
4798,19794,2026-04-14 08:56:04.527371,346.66,1,4.99,0.0,completed
4799,14067,2026-04-14 10:13:07.978584,637.45,4,0.0,0.0,cancelled
4800,15323,2026-04-14 10:59:51.366950,677.17,4,9.99,135.43,completed
4801,19259,2026-04-14 12:35:56.038946,317.48,2,4.99,31.75,cancelled
4802,15584,2026-04-14 14:16:27.627958,123.35,2,9.99,12.34,completed
4803,12330,2026-04-14 15:00:56.255704,752.52,3,0.0,150.5,completed
4804,605,2026-04-14 15:13:29.098017,975.01,5,0.0,0.0,shipped
4805,5404,2026-04-14 16:07:29.334417,427.52,3,4.99,0.0,completed
4806,18366,2026-04-14 16:54:20.176557,1018.7,4,9.99,101.87,cancelled
4807,12698,2026-04-14 16:57:09.800232,298.79,1,4.99,0.0,completed
4808,18241,2026-04-14 17:48:13.960981,511.53,5,9.99,0.0,completed
4809,22771,2026-04-14 22:01:38.854985,979.02,5,9.99,97.9,completed
4810,24563,2026-04-15 01:03:55.042928,565.94,2,9.99,0.0,completed
4811,1320,2026-04-15 04:49:45.696577,1186.07,5,4.99,0.0,completed
4812,19469,2026-04-15 08:17:28.587178,431.16,3,0.0,0.0,completed
4813,19696,2026-04-15 09:02:16.291282,637.55,3,0.0,0.0,completed
4814,21521,2026-04-15 10:44:08.372447,787.78,5,9.99,0.0,shipped
4815,20913,2026-04-15 11:17:40.614212,229.73,2,0.0,45.95,completed
4816,4816,2026-04-15 14:58:40.199980,701.51,4,9.99,140.3,completed
4817,23899,2026-04-15 18:32:16.504254,260.45,1,4.99,0.0,cancelled
4818,4206,2026-04-15 18:51:53.541537,61.94,1,9.99,12.39,completed
4819,10177,2026-04-15 19:19:28.515721,608.58,4,4.99,60.86,shipped
4820,146,2026-04-15 23:35:25.812241,69.14,1,4.99,0.0,completed
4821,23939,2026-04-15 23:39:25.501574,549.4,3,9.99,0.0,completed
4822,10797,2026-04-16 00:01:24.017224,335.68,2,0.0,67.14,cancelled
4823,2335,2026-04-16 01:43:05.333947,628.03,4,0.0,0.0,cancelled
4824,18403,2026-04-16 04:52:32.805078,963.41,5,9.99,96.34,completed
4825,24613,2026-04-16 05:49:01.050069,197.96,1,0.0,29.69,shipped
4826,275,2026-04-16 09:57:35.507860,333.68,1,9.99,0.0,completed
4827,20450,2026-04-16 10:48:14.603432,390.75,2,9.99,58.61,cancelled
4828,15096,2026-04-16 11:04:59.215977,156.28,1,4.99,15.63,completed
4829,1951,2026-04-16 11:07:30.857624,865.62,4,4.99,86.56,completed
4830,8389,2026-04-16 11:29:43.969847,655.7,3,4.99,65.57,completed
4831,14978,2026-04-16 11:35:12.337761,1104.94,5,9.99,110.49,cancelled
4832,18198,2026-04-16 12:25:22.521380,222.76,3,9.99,22.28,shipped
4833,14919,2026-04-16 14:35:13.326409,767.08,3,0.0,153.42,cancelled
4834,8469,2026-04-16 14:35:29.530267,1392.53,5,9.99,0.0,completed
4835,21631,2026-04-16 19:11:03.814538,659.6,5,0.0,0.0,completed
4836,11510,2026-04-16 21:35:21.999422,421.35,2,0.0,42.14,completed
4837,10136,2026-04-16 22:03:06.611936,1062.54,5,9.99,0.0,completed
4838,3276,2026-04-16 23:07:30.359328,769.51,5,0.0,0.0,completed
4839,9640,2026-04-16 23:54:21.631591,610.67,2,9.99,61.07,cancelled
4840,12707,2026-04-17 00:11:53.170969,247.36,1,9.99,0.0,completed
4841,8640,2026-04-17 00:33:42.212100,858.97,4,9.99,0.0,completed
4842,446,2026-04-17 01:00:02.443968,826.94,5,0.0,0.0,completed
4843,21020,2026-04-17 03:02:44.279471,145.42,1,9.99,0.0,completed
4844,267,2026-04-17 03:53:29.359933,289.22,3,4.99,28.92,completed
4845,13755,2026-04-17 03:55:29.155509,246.22,1,0.0,24.62,completed
4846,6059,2026-04-17 04:46:16.643007,151.02,1,9.99,0.0,completed
4847,7989,2026-04-17 05:30:24.431448,362.66,2,0.0,36.27,cancelled
4848,14720,2026-04-17 06:08:16.708383,681.7,5,9.99,0.0,completed
4849,12230,2026-04-17 12:22:54.963832,635.67,3,9.99,0.0,completed
4850,8183,2026-04-17 12:28:57.505595,419.51,2,4.99,0.0,completed
4851,14536,2026-04-17 12:29:49.883402,195.45,2,0.0,29.32,shipped
4852,18312,2026-04-17 15:01:54.096695,435.72,2,0.0,43.57,completed
4853,15287,2026-04-17 20:14:25.003774,828.29,4,0.0,124.24,completed
4854,8034,2026-04-17 23:56:52.193317,460.99,3,4.99,92.2,completed
4855,17436,2026-04-18 02:10:08.431660,516.16,2,4.99,0.0,completed
4856,20271,2026-04-18 05:49:50.717024,473.9,2,4.99,71.08,completed
4857,662,2026-04-18 08:27:33.988906,309.65,1,9.99,46.45,cancelled
4858,4554,2026-04-18 09:55:11.437638,612.61,4,9.99,0.0,completed
4859,15247,2026-04-18 14:29:34.789603,215.56,3,0.0,0.0,completed
4860,18159,2026-04-18 14:50:52.508367,1141.67,4,9.99,171.25,cancelled
4861,22282,2026-04-18 15:58:58.529327,893.54,4,9.99,178.71,returned
4862,10568,2026-04-18 16:14:36.455476,279.6,2,4.99,27.96,shipped
4863,11143,2026-04-18 17:04:34.746975,541.26,3,0.0,108.25,completed
4864,6180,2026-04-18 19:48:12.160644,989.36,5,4.99,0.0,completed
4865,14801,2026-04-18 21:15:39.998195,123.65,2,0.0,18.55,shipped
4866,19456,2026-04-18 21:31:12.282399,207.32,1,4.99,0.0,completed
4867,16705,2026-04-18 22:36:16.671423,904.66,5,9.99,0.0,completed
4868,13554,2026-04-19 00:03:12.243032,211.96,1,9.99,0.0,completed
4869,21884,2026-04-19 00:06:22.460848,551.84,3,9.99,82.78,completed
4870,9852,2026-04-19 00:19:17.692219,52.2,2,9.99,0.0,completed
4871,13617,2026-04-19 02:18:35.612702,1015.32,5,9.99,101.53,shipped
4872,7634,2026-04-19 02:51:08.573526,887.36,4,9.99,88.74,cancelled
4873,11488,2026-04-19 03:14:28.615491,642.42,3,0.0,0.0,returned
4874,10193,2026-04-19 04:57:21.605449,613.08,3,4.99,0.0,cancelled
4875,21729,2026-04-19 05:01:04.823645,390.62,2,9.99,0.0,shipped
4876,11541,2026-04-19 05:47:07.572725,1102.79,4,0.0,0.0,shipped
4877,14046,2026-04-19 06:47:34.857628,699.53,4,4.99,0.0,completed
4878,11678,2026-04-19 07:28:15.642269,1156.23,5,9.99,115.62,completed
4879,17864,2026-04-19 07:56:16.956905,524.76,2,0.0,52.48,completed
4880,1298,2026-04-19 08:49:48.762732,900.84,4,0.0,0.0,completed
4881,5481,2026-04-19 10:39:42.017322,304.4,3,0.0,0.0,cancelled
4882,14268,2026-04-19 11:27:09.333154,401.63,3,4.99,0.0,completed
4883,944,2026-04-19 12:55:35.300651,980.74,4,4.99,0.0,cancelled
4884,15012,2026-04-19 14:56:43.528939,741.17,4,9.99,148.23,completed
4885,14538,2026-04-19 17:36:18.621924,1001.31,4,9.99,0.0,completed
4886,21048,2026-04-19 19:08:22.812315,464.13,3,0.0,69.62,shipped
4887,9722,2026-04-19 19:58:49.777904,359.86,2,9.99,35.99,completed
4888,13535,2026-04-20 00:20:34.016269,1181.72,5,9.99,118.17,completed
4889,6497,2026-04-20 01:31:27.685415,360.05,2,9.99,0.0,shipped
4890,8697,2026-04-20 01:57:09.251903,442.16,2,4.99,44.22,shipped
4891,2117,2026-04-20 04:04:42.486169,267.05,1,9.99,40.06,completed
4892,16313,2026-04-20 04:05:30.431186,996.08,5,9.99,99.61,completed
4893,22110,2026-04-20 04:13:41.489172,431.39,2,4.99,64.71,completed
4894,15488,2026-04-20 07:20:02.530657,271.08,1,9.99,0.0,completed
4895,21922,2026-04-20 09:35:46.394242,485.57,4,0.0,0.0,completed
4896,22635,2026-04-20 15:40:44.675037,462.36,2,9.99,0.0,completed
4897,19696,2026-04-20 16:16:22.422040,311.88,3,4.99,0.0,completed
4898,23352,2026-04-20 20:23:32.638633,74.81,2,0.0,0.0,cancelled
4899,22612,2026-04-20 20:42:31.387775,348.46,1,0.0,52.27,completed
4900,20272,2026-04-21 01:18:06.046222,889.41,5,4.99,0.0,shipped
4901,11466,2026-04-21 03:35:44.624272,535.71,3,9.99,53.57,shipped
4902,11624,2026-04-21 03:51:10.686803,193.79,1,4.99,19.38,completed
4903,8741,2026-04-21 04:35:26.947819,589.69,2,0.0,0.0,completed
4904,20984,2026-04-21 05:46:31.222523,1044.85,5,4.99,156.73,shipped
4905,4007,2026-04-21 10:06:13.011410,436.08,2,0.0,65.41,returned
4906,17349,2026-04-21 10:50:58.844168,342.07,1,9.99,51.31,completed
4907,5231,2026-04-21 11:35:37.169073,173.88,1,4.99,0.0,completed
4908,16329,2026-04-21 16:07:08.616567,306.66,1,9.99,46.0,completed
4909,9043,2026-04-21 16:52:49.055248,524.03,2,0.0,104.81,completed
4910,22389,2026-04-21 22:24:45.622275,1205.73,5,9.99,120.57,shipped
4911,12070,2026-04-21 23:13:00.591777,450.47,5,9.99,67.57,completed
4912,24596,2026-04-22 00:22:15.881178,783.14,4,0.0,0.0,completed
4913,18959,2026-04-22 00:43:27.129779,297.63,1,9.99,0.0,completed
4914,2696,2026-04-22 01:36:25.934535,524.66,3,0.0,0.0,cancelled
4915,16313,2026-04-22 05:09:42.994614,328.96,3,0.0,49.34,returned
4916,7299,2026-04-22 05:15:38.069019,256.84,1,9.99,0.0,completed
4917,16274,2026-04-22 05:19:24.066383,210.01,3,0.0,21.0,completed
4918,4990,2026-04-22 05:32:46.189274,1055.01,5,9.99,0.0,completed
4919,5874,2026-04-22 05:33:33.524071,668.19,3,4.99,100.23,cancelled
4920,17805,2026-04-22 07:05:58.798425,577.27,5,4.99,115.45,completed
4921,5101,2026-04-22 07:52:47.118720,668.38,3,4.99,0.0,shipped
4922,15132,2026-04-22 08:14:24.731062,22.63,1,4.99,4.53,completed
4923,22863,2026-04-22 11:15:19.023884,196.92,1,4.99,0.0,completed
4924,4489,2026-04-22 11:36:50.199526,804.53,5,9.99,80.45,completed
4925,8525,2026-04-22 13:13:51.293744,209.64,1,0.0,31.45,shipped
4926,13200,2026-04-22 23:29:33.298422,323.3,2,0.0,0.0,returned
4927,21266,2026-04-22 23:30:39.371517,246.78,1,4.99,37.02,completed
4928,12853,2026-04-23 00:03:11.216571,690.81,4,0.0,69.08,cancelled
4929,1743,2026-04-23 01:23:26.362322,892.87,5,0.0,89.29,shipped
4930,6962,2026-04-23 05:27:33.600836,687.32,5,4.99,137.46,completed
4931,18005,2026-04-23 08:51:44.528622,1201.25,5,4.99,0.0,completed
4932,10709,2026-04-23 10:07:31.507891,604.45,2,0.0,90.67,completed
4933,14112,2026-04-23 11:19:07.842494,284.84,1,4.99,0.0,completed
4934,15807,2026-04-23 12:31:53.811131,1047.86,4,9.99,157.18,returned
4935,5256,2026-04-23 12:36:22.588646,586.89,3,0.0,117.38,completed
4936,24418,2026-04-23 13:02:10.239113,420.64,3,9.99,84.13,cancelled
4937,13007,2026-04-23 13:34:25.803453,548.03,4,4.99,82.2,completed
4938,7416,2026-04-23 14:29:26.335123,832.02,4,9.99,124.8,completed
4939,5944,2026-04-23 16:40:26.178755,437.25,3,9.99,65.59,completed
4940,12286,2026-04-23 20:06:19.353117,292.96,1,9.99,0.0,completed
4941,2386,2026-04-23 22:43:30.894020,763.29,3,0.0,152.66,completed
4942,24128,2026-04-24 01:09:08.239788,740.65,4,9.99,111.1,cancelled
4943,5745,2026-04-24 02:17:30.604301,247.74,1,9.99,0.0,completed
4944,6611,2026-04-24 03:09:58.299843,34.13,1,0.0,0.0,shipped
4945,956,2026-04-24 03:15:20.596815,574.85,3,0.0,0.0,completed
4946,5149,2026-04-24 05:22:20.167497,280.33,2,9.99,42.05,completed
4947,21706,2026-04-24 06:02:07.598770,539.04,2,4.99,107.81,completed
4948,4481,2026-04-24 08:36:14.374515,207.45,1,9.99,0.0,completed
4949,860,2026-04-24 13:52:38.414980,676.23,4,0.0,0.0,cancelled
4950,5650,2026-04-24 16:20:06.922789,765.62,5,0.0,0.0,completed
4951,6800,2026-04-24 16:23:38.291855,132.56,1,4.99,0.0,completed
4952,13258,2026-04-24 16:28:43.967240,110.45,1,9.99,22.09,completed
4953,18879,2026-04-24 17:04:39.747995,1105.67,5,4.99,0.0,completed
4954,20889,2026-04-24 17:11:34.686972,808.34,3,9.99,0.0,cancelled
4955,23540,2026-04-24 20:54:09.860504,182.66,2,9.99,0.0,completed
4956,19674,2026-04-24 22:11:30.870501,508.11,3,4.99,76.22,completed
4957,7726,2026-04-25 01:46:01.796918,546.4,5,9.99,109.28,shipped
4958,18463,2026-04-25 02:25:34.547700,764.58,4,0.0,0.0,completed
4959,15353,2026-04-25 02:34:56.315240,396.75,4,9.99,0.0,returned
4960,13881,2026-04-25 07:39:29.576202,928.54,4,0.0,0.0,completed
4961,15202,2026-04-25 09:26:24.989207,1152.99,5,9.99,115.3,completed
4962,14529,2026-04-25 09:29:09.771109,1066.6,5,4.99,213.32,completed
4963,4756,2026-04-25 09:43:23.178863,530.88,3,9.99,0.0,shipped
4964,17864,2026-04-25 10:53:30.892096,18.8,1,0.0,0.0,completed
4965,4629,2026-04-25 12:50:24.556616,507.97,2,9.99,76.2,completed
4966,21218,2026-04-25 15:56:29.397792,975.65,4,4.99,0.0,shipped
4967,16847,2026-04-25 18:50:45.726459,469.11,3,9.99,70.37,completed
4968,11365,2026-04-25 20:39:37.148247,237.59,3,4.99,23.76,completed
4969,21020,2026-04-25 20:55:41.086671,282.54,2,4.99,56.51,completed
4970,15126,2026-04-26 00:36:27.045368,77.79,2,0.0,0.0,completed
4971,1704,2026-04-26 01:27:29.903790,255.62,2,4.99,0.0,shipped
4972,19393,2026-04-26 02:34:08.094067,549.72,3,0.0,54.97,completed
4973,18361,2026-04-26 03:16:11.927283,351.46,2,4.99,52.72,completed
4974,280,2026-04-26 06:12:34.968394,451.88,2,4.99,0.0,completed
4975,6840,2026-04-26 08:08:37.844414,745.06,4,9.99,111.76,completed
4976,12868,2026-04-26 08:12:31.446568,536.96,2,4.99,0.0,cancelled
4977,18668,2026-04-26 10:45:37.874659,827.42,5,0.0,165.48,completed
4978,7849,2026-04-26 11:05:11.125812,66.26,1,4.99,0.0,completed
4979,460,2026-04-26 14:01:05.327022,63.48,1,0.0,6.35,completed
4980,13081,2026-04-26 14:05:22.239402,73.48,1,0.0,0.0,completed
4981,8541,2026-04-26 14:17:14.265557,1083.64,4,9.99,216.73,completed
4982,2545,2026-04-26 15:44:22.092011,636.32,3,0.0,95.45,completed
4983,13789,2026-04-26 16:16:26.583437,660.04,5,4.99,0.0,completed
4984,2098,2026-04-26 16:27:29.076637,825.88,5,0.0,82.59,completed
4985,18479,2026-04-26 20:22:19.605711,632.86,3,4.99,0.0,returned
4986,2155,2026-04-26 20:52:53.838094,92.96,2,9.99,0.0,shipped
4987,5461,2026-04-26 21:04:32.520234,418.89,3,0.0,41.89,completed
4988,2768,2026-04-26 22:42:21.410660,862.65,5,9.99,129.4,completed
4989,23304,2026-04-26 23:07:48.160632,484.42,3,0.0,96.88,completed
4990,11362,2026-04-27 00:44:09.943600,612.09,3,9.99,0.0,shipped
4991,5803,2026-04-27 02:12:49.793154,690.62,4,0.0,0.0,completed
4992,22708,2026-04-27 04:39:31.786154,347.56,3,0.0,0.0,completed
4993,3339,2026-04-27 13:40:07.656188,370.7,4,0.0,74.14,completed
4994,5936,2026-04-27 14:35:39.172071,398.59,3,0.0,79.72,cancelled
4995,24058,2026-04-27 17:41:29.664738,314.93,1,9.99,62.99,completed
4996,11500,2026-04-27 20:46:30.080700,308.21,2,9.99,0.0,cancelled
4997,19241,2026-04-27 21:42:50.725393,521.75,4,0.0,0.0,cancelled
4998,5619,2026-04-27 22:16:38.791427,580.07,3,0.0,0.0,completed
4999,10754,2026-04-27 22:31:02.617600,338.94,3,4.99,0.0,completed
5000,5310,2026-04-27 22:57:55.760900,358.44,2,4.99,0.0,completed
5001,10526,2026-04-27 22:58:51.424459,758.11,3,9.99,0.0,returned
5002,21499,2026-04-27 23:40:14.099205,607.17,4,9.99,0.0,completed
5003,19323,2026-04-28 01:05:15.131335,629.77,4,4.99,0.0,cancelled
5004,19719,2026-04-28 03:27:17.784616,153.96,2,4.99,0.0,completed
5005,13368,2026-04-28 06:34:33.826163,303.81,2,9.99,30.38,completed
5006,12655,2026-04-28 08:22:34.578550,930.14,5,0.0,186.03,completed
5007,1125,2026-04-28 08:59:42.225773,404.74,3,0.0,0.0,completed
5008,13192,2026-04-28 09:45:50.837841,238.73,2,9.99,23.87,shipped
5009,14974,2026-04-28 10:37:25.197908,228.16,1,4.99,0.0,completed
5010,18685,2026-04-28 11:06:52.976284,504.43,2,0.0,100.89,completed
5011,20651,2026-04-28 11:50:43.153014,121.88,1,0.0,18.28,completed
5012,5594,2026-04-28 11:57:43.821363,890.72,5,4.99,133.61,cancelled
5013,1474,2026-04-28 14:50:19.742572,221.66,1,0.0,0.0,completed
5014,869,2026-04-28 16:46:44.152742,669.81,5,9.99,0.0,completed
5015,20853,2026-04-28 20:40:53.227738,719.34,3,0.0,71.93,completed
5016,16577,2026-04-28 21:04:39.878969,866.4,5,9.99,129.96,shipped
5017,13007,2026-04-29 00:39:52.531919,153.68,2,0.0,0.0,shipped
5018,14269,2026-04-29 00:57:18.477311,167.92,1,0.0,0.0,completed
5019,1901,2026-04-29 02:14:57.465431,34.63,1,4.99,3.46,completed
5020,15025,2026-04-29 02:17:53.044468,821.38,4,4.99,0.0,completed
5021,19000,2026-04-29 02:32:33.394648,462.34,2,4.99,0.0,completed
5022,24504,2026-04-29 02:42:23.801485,581.75,3,0.0,0.0,completed
5023,19928,2026-04-29 02:50:39.183549,660.29,5,4.99,0.0,shipped
5024,7235,2026-04-29 04:53:24.491500,268.82,1,0.0,0.0,completed
5025,16183,2026-04-29 05:28:15.052896,1013.68,5,9.99,202.74,completed
5026,23618,2026-04-29 09:04:57.640687,576.88,3,9.99,115.38,completed
5027,24178,2026-04-29 10:15:45.298331,651.36,5,0.0,0.0,completed
5028,15430,2026-04-29 14:09:43.802512,415.12,4,0.0,0.0,completed
5029,2696,2026-04-29 15:53:09.640785,622.21,3,0.0,0.0,completed
5030,12088,2026-04-29 16:46:56.000668,533.45,2,0.0,80.02,completed
5031,2126,2026-04-29 19:27:00.530157,127.7,1,4.99,0.0,completed
5032,14087,2026-04-29 22:15:17.496360,30.65,1,9.99,0.0,completed
5033,3695,2026-04-29 23:18:27.793520,151.97,1,4.99,22.8,shipped
5034,3639,2026-04-30 01:46:37.686717,1270.2,5,0.0,0.0,shipped
5035,1599,2026-04-30 03:22:37.803530,892.85,4,9.99,178.57,completed
5036,14731,2026-04-30 03:53:04.448925,500.4,2,0.0,0.0,completed
5037,16705,2026-04-30 03:53:41.500767,956.69,4,0.0,0.0,completed
5038,18934,2026-04-30 08:13:01.533379,337.27,1,9.99,67.45,completed
5039,7989,2026-04-30 08:53:36.947018,320.84,3,4.99,32.08,cancelled
5040,11891,2026-04-30 09:13:31.352662,788.15,5,4.99,0.0,completed
5041,655,2026-04-30 09:52:29.653587,904.77,5,4.99,0.0,completed
5042,18096,2026-04-30 10:41:21.330207,763.27,3,9.99,114.49,shipped
5043,21022,2026-04-30 14:49:08.365190,347.65,1,9.99,52.15,shipped
5044,14473,2026-04-30 15:40:08.308851,181.26,1,9.99,27.19,cancelled
5045,750,2026-04-30 16:13:51.112055,1134.02,5,4.99,170.1,completed
5046,19336,2026-04-30 16:44:12.239306,1347.89,5,0.0,0.0,completed
5047,13881,2026-04-30 17:41:17.715291,259.6,2,9.99,0.0,completed
5048,2267,2026-04-30 17:44:44.249450,409.66,2,4.99,81.93,completed
5049,10370,2026-04-30 18:50:29.255880,305.77,1,0.0,61.15,returned
5050,8079,2026-04-30 19:36:40.908660,320.92,2,0.0,0.0,completed
5051,14747,2026-04-30 19:40:09.609456,957.09,5,4.99,0.0,shipped
5052,1756,2026-04-30 22:06:47.038697,881.36,3,4.99,132.2,completed
5053,437,2026-04-30 22:26:05.323850,45.2,1,9.99,0.0,completed
5054,7397,2026-05-01 00:27:38.346621,1066.57,5,9.99,0.0,cancelled
5055,22430,2026-05-01 05:24:14.771345,1056.14,5,0.0,105.61,returned
5056,6894,2026-05-01 06:36:22.644216,774.75,4,4.99,154.95,cancelled
5057,5300,2026-05-01 06:43:08.969214,510.98,2,4.99,102.2,completed
5058,10165,2026-05-01 07:38:23.831051,818.83,4,9.99,0.0,completed
5059,3610,2026-05-01 07:56:27.008225,358.13,2,0.0,0.0,completed
5060,20575,2026-05-01 11:03:03.116844,698.91,5,9.99,0.0,completed
5061,10851,2026-05-01 12:54:28.236806,1035.06,5,0.0,0.0,completed
5062,901,2026-05-01 13:21:48.073999,661.33,5,9.99,132.27,completed
5063,1387,2026-05-01 14:17:40.925843,773.27,4,9.99,77.33,completed
5064,18552,2026-05-01 20:19:54.025251,611.09,3,0.0,0.0,cancelled
5065,4486,2026-05-01 21:33:59.881280,475.06,2,4.99,0.0,completed
5066,8863,2026-05-01 22:04:43.126514,714.14,4,9.99,0.0,completed
5067,13630,2026-05-01 22:20:49.821938,344.07,2,0.0,34.41,completed
5068,6097,2026-05-01 22:30:29.446694,418.77,5,4.99,62.82,returned
5069,527,2026-05-02 00:45:04.697076,832.17,5,9.99,0.0,completed
5070,23850,2026-05-02 01:27:26.528586,110.3,1,9.99,16.54,completed
5071,12655,2026-05-02 01:32:01.443796,1017.18,5,4.99,203.44,completed
5072,17548,2026-05-02 05:54:37.025046,530.34,4,9.99,53.03,completed
5073,10990,2026-05-02 09:58:55.709839,440.44,3,4.99,88.09,completed
5074,12312,2026-05-02 10:49:09.638428,499.89,3,9.99,0.0,completed
5075,11377,2026-05-02 11:47:41.329695,169.79,2,0.0,0.0,completed
5076,2839,2026-05-02 13:42:31.778392,818.0,4,0.0,122.7,completed
5077,23154,2026-05-02 14:39:51.887995,643.45,3,0.0,0.0,completed
5078,19941,2026-05-02 16:39:54.967919,820.03,5,0.0,164.01,shipped
5079,12395,2026-05-02 16:40:12.341513,512.74,2,9.99,0.0,cancelled
5080,10287,2026-05-02 17:25:16.493306,1058.08,5,9.99,211.62,completed
5081,341,2026-05-02 17:47:34.736029,1041.7,5,0.0,104.17,completed
5082,4658,2026-05-02 18:14:04.917670,765.89,5,4.99,153.18,completed
5083,1639,2026-05-02 22:35:03.425594,861.55,5,4.99,129.23,completed
5084,7692,2026-05-02 22:46:35.099554,38.14,1,9.99,0.0,completed
5085,15679,2026-05-03 01:37:39.503252,245.44,2,0.0,0.0,completed
5086,11807,2026-05-03 03:35:00.293445,454.76,3,4.99,0.0,completed
5087,23540,2026-05-03 06:52:41.693571,1063.6,5,9.99,0.0,shipped
5088,9716,2026-05-03 07:14:19.546238,897.71,5,0.0,179.54,cancelled
5089,3126,2026-05-03 10:42:15.002452,858.43,4,9.99,171.69,completed
5090,1355,2026-05-03 11:19:52.104866,891.1,4,4.99,133.66,completed
5091,15175,2026-05-03 12:07:10.435980,225.89,1,4.99,45.18,shipped
5092,8361,2026-05-03 12:42:39.405485,105.1,1,9.99,0.0,completed
5093,14009,2026-05-03 13:54:52.238860,813.26,4,0.0,0.0,shipped
5094,21841,2026-05-03 15:24:04.019330,242.91,2,0.0,0.0,shipped
5095,8989,2026-05-03 15:53:15.055850,122.83,1,4.99,0.0,returned
5096,2298,2026-05-03 16:25:04.651500,466.12,3,9.99,93.22,completed
5097,16868,2026-05-03 17:37:46.168352,520.19,3,9.99,52.02,completed
5098,129,2026-05-04 01:43:30.844954,535.66,5,4.99,53.57,completed
5099,14067,2026-05-04 03:28:26.121543,919.27,4,9.99,91.93,completed
5100,21188,2026-05-04 04:43:48.678731,703.28,3,9.99,0.0,completed
5101,14635,2026-05-04 05:25:12.751661,95.67,1,4.99,9.57,completed
5102,13247,2026-05-04 06:20:03.047800,509.0,4,9.99,0.0,completed
5103,19689,2026-05-04 07:54:27.997322,790.7,3,9.99,118.61,completed
5104,7569,2026-05-04 08:51:04.002719,754.07,4,4.99,0.0,completed
5105,4526,2026-05-04 12:05:59.079684,695.17,2,0.0,139.03,completed
5106,3948,2026-05-04 13:19:10.176080,589.54,5,9.99,88.43,completed
5107,23675,2026-05-04 13:40:48.327858,338.55,2,0.0,67.71,completed
5108,17249,2026-05-04 15:19:55.426091,137.37,1,9.99,0.0,completed
5109,21979,2026-05-04 15:53:55.047509,317.47,1,9.99,47.62,shipped
5110,3899,2026-05-04 16:15:37.597898,329.51,3,4.99,0.0,completed
5111,20277,2026-05-04 19:38:54.844629,230.25,1,0.0,34.54,completed
5112,1282,2026-05-04 20:39:28.693403,47.24,2,0.0,0.0,completed
5113,4228,2026-05-04 21:41:23.525229,509.53,4,0.0,0.0,completed
5114,8835,2026-05-04 23:54:35.273669,51.26,1,9.99,5.13,shipped
5115,13127,2026-05-05 00:25:30.353882,149.43,1,4.99,22.41,completed
5116,3229,2026-05-05 00:43:51.708523,123.36,1,9.99,0.0,completed
5117,9392,2026-05-05 02:09:36.698120,321.5,1,0.0,0.0,completed
5118,13070,2026-05-05 03:22:49.325385,601.02,3,0.0,60.1,cancelled
5119,15653,2026-05-05 03:42:40.422117,104.62,1,0.0,20.92,completed
5120,7043,2026-05-05 05:47:53.978297,695.26,3,4.99,104.29,returned
5121,17292,2026-05-05 07:25:20.280502,451.64,2,0.0,45.16,completed
5122,9844,2026-05-05 07:49:51.407792,177.01,1,9.99,26.55,shipped
5123,1000,2026-05-05 08:22:08.015008,154.18,3,4.99,30.84,completed
5124,9070,2026-05-05 09:55:28.060456,575.82,3,0.0,86.37,completed
5125,16282,2026-05-05 11:24:51.751028,735.8,4,0.0,0.0,completed
5126,19408,2026-05-05 13:29:13.635326,624.03,2,0.0,0.0,completed
5127,1639,2026-05-05 16:03:17.001345,531.67,3,9.99,79.75,completed
5128,9184,2026-05-05 17:05:13.699970,640.56,2,9.99,128.11,completed
5129,15132,2026-05-05 18:26:16.708035,811.32,3,0.0,0.0,shipped
5130,24245,2026-05-05 19:58:34.019809,918.13,5,9.99,91.81,completed
5131,15126,2026-05-05 20:13:48.851660,399.8,3,4.99,0.0,completed
5132,1131,2026-05-05 22:18:40.042736,766.83,4,9.99,0.0,completed
5133,20275,2026-05-05 23:15:49.915293,32.25,1,4.99,4.84,returned
5134,4148,2026-05-05 23:25:24.395555,223.92,1,0.0,0.0,completed
5135,24645,2026-05-06 02:38:02.082332,1115.95,4,4.99,223.19,shipped
5136,14677,2026-05-06 02:52:07.631229,165.24,2,9.99,0.0,cancelled
5137,24593,2026-05-06 04:40:40.599195,336.52,3,4.99,0.0,completed
5138,15940,2026-05-06 05:57:07.752039,462.78,2,9.99,92.56,shipped
5139,17274,2026-05-06 06:14:34.717366,1078.75,5,9.99,215.75,shipped
5140,16058,2026-05-06 08:07:46.925563,881.43,5,4.99,132.21,cancelled
5141,15722,2026-05-06 10:17:04.249024,262.57,2,9.99,26.26,shipped
5142,13341,2026-05-06 13:14:27.854858,517.75,5,4.99,77.66,completed
5143,11079,2026-05-06 17:42:10.255137,134.43,1,4.99,0.0,shipped
5144,24882,2026-05-06 18:43:48.118623,175.38,2,9.99,0.0,completed
5145,4420,2026-05-06 19:45:09.300591,181.9,1,4.99,0.0,completed
5146,23716,2026-05-06 21:31:19.884268,604.87,3,0.0,0.0,cancelled
5147,21482,2026-05-06 23:20:18.003755,183.0,1,4.99,36.6,completed
5148,15244,2026-05-07 01:37:38.398659,155.32,3,4.99,31.06,completed
5149,13127,2026-05-07 05:19:43.345026,650.13,3,9.99,0.0,shipped
5150,22708,2026-05-07 08:18:29.767721,323.97,4,4.99,0.0,completed
5151,7893,2026-05-07 11:57:38.708030,154.23,3,4.99,23.13,completed
5152,19172,2026-05-07 14:51:59.956712,777.69,5,9.99,155.54,shipped
5153,24674,2026-05-07 16:01:39.634679,325.2,1,0.0,0.0,completed
5154,12039,2026-05-07 16:30:38.981311,965.98,5,0.0,144.9,completed
5155,7253,2026-05-07 17:38:51.603653,708.6,4,0.0,0.0,completed
5156,15504,2026-05-07 21:27:18.788261,273.82,1,4.99,41.07,shipped
5157,7036,2026-05-07 22:01:56.075278,765.76,3,9.99,0.0,shipped
5158,11567,2026-05-08 01:06:07.294721,546.54,2,4.99,109.31,shipped
5159,18870,2026-05-08 01:36:59.569300,349.49,2,0.0,0.0,shipped
5160,23164,2026-05-08 01:38:45.812058,78.84,1,9.99,11.83,completed
5161,16094,2026-05-08 01:46:34.806063,349.38,1,4.99,0.0,completed
5162,15656,2026-05-08 01:48:28.624886,765.89,5,9.99,0.0,completed
5163,21367,2026-05-08 02:56:46.177354,343.88,2,9.99,0.0,completed
5164,23209,2026-05-08 08:08:14.916751,502.98,2,9.99,0.0,completed
5165,5427,2026-05-08 09:17:19.807575,696.2,3,0.0,0.0,completed
5166,1791,2026-05-08 09:53:26.373994,157.18,1,9.99,23.58,completed
5167,18384,2026-05-08 10:46:32.121503,325.17,3,0.0,32.52,returned
5168,5365,2026-05-08 11:34:08.020944,375.22,3,4.99,37.52,completed
5169,24077,2026-05-08 12:22:27.367576,784.81,5,4.99,0.0,completed
5170,4525,2026-05-08 17:02:45.404120,666.07,4,4.99,0.0,returned
5171,8146,2026-05-08 20:03:25.892568,876.47,5,9.99,0.0,shipped
5172,13630,2026-05-08 22:48:31.796131,128.13,1,9.99,0.0,completed
5173,21779,2026-05-08 23:45:47.255218,250.6,1,4.99,50.12,completed
5174,8610,2026-05-08 23:57:57.695881,533.95,3,4.99,0.0,shipped
5175,12911,2026-05-09 01:00:11.637284,233.84,1,0.0,23.38,completed
5176,4324,2026-05-09 01:01:38.618127,636.84,3,0.0,0.0,completed
5177,19552,2026-05-09 02:23:47.555282,247.19,1,0.0,0.0,shipped
5178,13196,2026-05-09 05:20:17.134565,711.73,5,4.99,106.76,completed
5179,23869,2026-05-09 05:45:03.070479,426.31,3,4.99,0.0,completed
5180,1955,2026-05-09 07:09:48.101600,358.82,2,4.99,0.0,completed
5181,3991,2026-05-09 09:21:42.521066,402.42,3,9.99,60.36,shipped
5182,22762,2026-05-09 09:39:39.771346,415.7,2,9.99,0.0,completed
5183,1495,2026-05-09 11:26:31.372234,605.37,3,0.0,121.07,completed
5184,9201,2026-05-09 11:39:33.038226,264.18,1,4.99,0.0,cancelled
5185,21494,2026-05-09 11:44:30.822485,681.58,4,9.99,0.0,completed
5186,20385,2026-05-09 13:28:00.988527,291.12,2,4.99,43.67,cancelled
5187,2111,2026-05-09 14:03:52.713217,204.38,4,0.0,0.0,completed
5188,4420,2026-05-09 15:13:21.903984,460.9,4,9.99,46.09,completed
5189,4151,2026-05-09 15:44:33.677568,53.28,1,9.99,0.0,completed
5190,8981,2026-05-09 17:38:44.929988,326.05,1,0.0,0.0,completed
5191,4825,2026-05-09 18:35:37.261375,176.99,1,4.99,0.0,cancelled
5192,14467,2026-05-09 19:46:38.763442,772.01,4,4.99,77.2,shipped
5193,15374,2026-05-09 20:49:45.784718,451.33,3,0.0,0.0,cancelled
5194,21527,2026-05-09 22:07:55.156184,569.32,2,4.99,0.0,completed
5195,13018,2026-05-09 22:41:20.816420,419.82,2,4.99,0.0,cancelled
5196,9903,2026-05-10 00:54:11.634788,390.85,2,0.0,78.17,completed
5197,3969,2026-05-10 01:12:47.699903,116.39,2,0.0,11.64,cancelled
5198,3929,2026-05-10 01:13:55.915542,1121.12,5,0.0,224.22,completed
5199,15939,2026-05-10 02:21:53.072668,335.86,1,4.99,0.0,cancelled
5200,17853,2026-05-10 03:37:54.373833,765.69,5,0.0,76.57,completed
5201,24202,2026-05-10 04:16:42.964935,133.17,1,4.99,0.0,completed
5202,13412,2026-05-10 05:40:59.073906,1146.14,4,4.99,229.23,shipped
5203,3844,2026-05-10 09:22:33.871783,1258.78,5,9.99,0.0,shipped
5204,21301,2026-05-10 10:24:28.318290,127.89,1,9.99,0.0,returned
5205,6323,2026-05-10 12:24:45.192091,385.98,2,9.99,57.9,completed
5206,16617,2026-05-10 18:54:29.282384,306.72,2,4.99,61.34,completed
5207,1662,2026-05-10 20:32:46.379381,771.35,4,0.0,77.14,completed
5208,3288,2026-05-10 23:24:54.826427,108.45,1,0.0,0.0,completed
5209,21178,2026-05-11 06:51:30.556186,532.52,3,9.99,0.0,completed
5210,17663,2026-05-11 08:09:51.331795,825.97,4,4.99,165.19,completed
5211,10112,2026-05-11 09:02:17.867552,649.6,4,0.0,0.0,completed
5212,21998,2026-05-11 11:44:09.113266,188.6,1,9.99,18.86,completed
5213,18755,2026-05-11 17:14:18.355903,271.94,2,9.99,0.0,shipped
5214,13618,2026-05-11 18:22:55.468920,526.79,3,0.0,79.02,shipped
5215,10617,2026-05-11 18:29:44.547451,141.96,1,0.0,0.0,shipped
5216,9863,2026-05-11 18:37:48.853095,431.87,2,0.0,43.19,cancelled
5217,4128,2026-05-11 18:50:53.582443,62.5,2,0.0,6.25,cancelled
5218,15398,2026-05-11 19:50:44.149216,48.73,1,4.99,4.87,completed
5219,6167,2026-05-11 20:27:24.883336,1207.29,5,4.99,0.0,completed
5220,17590,2026-05-11 22:13:29.486804,814.45,3,4.99,0.0,completed
5221,2355,2026-05-11 22:36:14.825630,44.37,1,9.99,6.66,shipped
5222,15483,2026-05-12 00:51:50.226282,1227.07,5,9.99,0.0,completed
5223,22034,2026-05-12 02:47:11.545419,316.09,2,0.0,31.61,shipped
5224,6297,2026-05-12 03:44:05.140535,788.16,4,4.99,118.22,completed
5225,22232,2026-05-12 05:28:01.442887,936.87,4,9.99,187.37,cancelled
5226,19945,2026-05-12 07:54:45.290748,181.31,1,4.99,0.0,completed
5227,24998,2026-05-12 08:13:53.614106,83.69,1,0.0,16.74,shipped
5228,22454,2026-05-12 09:24:35.377929,574.74,3,4.99,86.21,completed
5229,24681,2026-05-12 09:30:13.344817,1004.12,4,9.99,0.0,completed
5230,12548,2026-05-12 10:20:16.561507,775.69,3,4.99,116.35,completed
5231,21001,2026-05-12 15:59:38.196504,388.01,2,9.99,38.8,shipped
5232,11858,2026-05-12 17:11:56.101235,754.55,5,4.99,0.0,completed
5233,24372,2026-05-12 19:16:44.332809,870.4,5,9.99,130.56,cancelled
5234,20433,2026-05-12 20:08:40.247127,599.39,4,0.0,0.0,completed
5235,16284,2026-05-12 21:54:10.624153,296.92,1,0.0,44.54,shipped
5236,1889,2026-05-12 22:01:14.126943,382.44,2,9.99,0.0,completed
5237,9010,2026-05-13 02:05:59.202300,267.04,2,4.99,0.0,completed
5238,7350,2026-05-13 04:49:22.569078,280.27,1,0.0,0.0,cancelled
5239,12918,2026-05-13 06:30:23.164933,660.5,4,4.99,66.05,completed
5240,6273,2026-05-13 06:36:51.427878,871.36,4,0.0,87.14,completed
5241,15420,2026-05-13 07:10:47.651598,358.88,2,0.0,35.89,completed
5242,10697,2026-05-13 10:20:13.114460,192.79,2,9.99,38.56,shipped
5243,23811,2026-05-13 11:13:10.407837,292.88,3,0.0,0.0,returned
5244,6592,2026-05-13 11:17:16.334547,580.46,3,4.99,0.0,completed
5245,17830,2026-05-13 12:40:37.379872,204.02,1,0.0,0.0,shipped
5246,3229,2026-05-13 12:55:23.308388,1052.02,5,9.99,0.0,completed
5247,21408,2026-05-13 14:57:23.993012,962.76,5,0.0,192.55,completed
5248,13500,2026-05-13 19:04:03.134097,315.54,3,4.99,0.0,completed
5249,13645,2026-05-13 20:15:36.683677,402.83,3,4.99,80.57,shipped
5250,11858,2026-05-13 21:25:28.598545,891.38,4,9.99,0.0,completed
5251,3899,2026-05-13 21:49:07.854557,295.39,3,4.99,0.0,completed
5252,17738,2026-05-13 22:21:01.657298,675.01,3,4.99,67.5,completed
5253,3366,2026-05-14 00:17:13.658688,210.5,1,0.0,0.0,cancelled
5254,7313,2026-05-14 02:26:11.982459,1051.5,5,4.99,105.15,completed
5255,24875,2026-05-14 04:44:33.095771,22.1,1,4.99,4.42,completed
5256,2554,2026-05-14 08:48:05.621578,131.82,1,0.0,0.0,shipped
5257,13993,2026-05-14 08:59:05.012169,565.21,3,4.99,113.04,completed
5258,8355,2026-05-14 09:27:33.697996,610.73,3,0.0,0.0,cancelled
5259,3229,2026-05-14 09:56:09.417008,695.39,3,0.0,69.54,completed
5260,7984,2026-05-14 11:31:51.853685,404.79,3,4.99,0.0,completed
5261,14079,2026-05-14 12:22:10.268712,345.74,1,0.0,34.57,shipped
5262,13727,2026-05-14 13:37:20.434753,938.57,5,4.99,140.79,shipped
5263,8266,2026-05-14 16:42:04.125819,592.11,2,0.0,0.0,completed
5264,17054,2026-05-14 17:08:33.601778,435.01,4,4.99,87.0,completed
5265,10960,2026-05-14 18:25:01.109069,555.54,3,0.0,111.11,completed
5266,3958,2026-05-14 18:46:34.516429,1115.02,5,4.99,223.0,completed
5267,18838,2026-05-14 20:32:58.397382,277.83,1,0.0,0.0,completed
5268,1955,2026-05-14 22:21:02.205460,771.25,3,9.99,115.69,completed
5269,4553,2026-05-14 22:58:55.295212,958.53,5,9.99,95.85,completed
5270,14710,2026-05-14 23:43:47.044871,495.56,3,4.99,0.0,shipped
5271,19650,2026-05-15 02:52:32.778575,294.94,3,0.0,0.0,completed
5272,15120,2026-05-15 04:26:54.729028,363.52,3,4.99,0.0,completed
5273,6689,2026-05-15 09:55:16.959980,314.03,2,9.99,0.0,completed
5274,12603,2026-05-15 10:07:27.936634,71.45,1,9.99,7.15,completed
5275,17853,2026-05-15 11:45:03.537376,345.73,2,4.99,51.86,cancelled
5276,3146,2026-05-15 12:41:33.176375,584.53,4,4.99,0.0,returned
5277,11851,2026-05-15 16:54:22.589802,552.09,2,4.99,0.0,completed
5278,4175,2026-05-15 17:09:40.547277,392.11,3,9.99,0.0,completed
5279,22704,2026-05-15 19:59:20.571893,611.04,3,0.0,0.0,cancelled
5280,9180,2026-05-15 20:32:30.641630,484.1,3,9.99,0.0,completed
5281,2530,2026-05-15 21:50:59.851157,837.17,4,9.99,167.43,shipped
5282,3608,2026-05-15 22:43:40.405879,322.97,4,9.99,0.0,completed
5283,5165,2026-05-15 23:24:43.410524,263.56,1,0.0,0.0,completed
5284,15540,2026-05-16 02:43:47.934816,339.66,1,0.0,50.95,shipped
5285,7996,2026-05-16 04:29:19.754397,800.82,5,9.99,0.0,completed
5286,17861,2026-05-16 04:47:27.851894,1101.61,5,0.0,165.24,cancelled
5287,19696,2026-05-16 04:49:34.897678,587.97,3,4.99,88.2,completed
5288,21272,2026-05-16 05:11:34.587559,754.15,5,9.99,150.83,shipped
5289,22566,2026-05-16 06:19:27.111039,349.26,3,0.0,52.39,completed
5290,16813,2026-05-16 06:48:29.643309,521.26,3,9.99,0.0,shipped
5291,16905,2026-05-16 08:15:29.060937,499.63,2,9.99,0.0,shipped
5292,8222,2026-05-16 08:18:49.387210,650.37,3,0.0,130.07,completed
5293,13554,2026-05-16 09:01:17.586531,733.19,4,0.0,0.0,completed
5294,15685,2026-05-16 12:47:23.236369,593.55,4,0.0,0.0,completed
5295,343,2026-05-16 12:50:38.258392,958.28,4,0.0,143.74,completed
5296,3493,2026-05-16 13:05:07.010867,677.06,3,9.99,0.0,shipped
5297,7312,2026-05-16 13:53:12.875202,693.33,4,9.99,0.0,completed
5298,4514,2026-05-16 14:14:46.986932,303.06,3,9.99,0.0,completed
5299,2730,2026-05-16 15:34:05.150779,343.61,2,4.99,0.0,completed
5300,7272,2026-05-16 17:15:59.083487,544.41,3,9.99,108.88,completed
5301,13914,2026-05-16 18:01:34.981502,916.09,5,9.99,0.0,completed
5302,4218,2026-05-16 18:28:18.554584,24.73,1,0.0,0.0,cancelled
5303,18680,2026-05-16 21:56:28.622438,232.2,3,4.99,0.0,completed
5304,387,2026-05-16 21:58:40.433540,199.25,1,0.0,29.89,completed
5305,4952,2026-05-16 23:56:02.438575,610.1,3,9.99,91.52,completed
5306,8588,2026-05-17 00:09:26.105441,321.3,1,4.99,64.26,shipped
5307,10193,2026-05-17 00:46:45.029100,708.12,3,0.0,70.81,completed
5308,24331,2026-05-17 01:18:34.142088,458.77,3,0.0,68.82,completed
5309,5160,2026-05-17 03:02:47.485084,383.16,2,0.0,0.0,shipped
5310,11734,2026-05-17 05:08:57.394222,628.47,3,4.99,0.0,shipped
5311,4145,2026-05-17 05:42:37.543155,436.27,2,9.99,43.63,completed
5312,13338,2026-05-17 06:30:19.227817,290.55,2,4.99,0.0,completed
5313,15042,2026-05-17 06:35:00.213303,789.58,5,0.0,0.0,shipped
5314,1835,2026-05-17 07:02:42.061748,1109.62,5,0.0,221.92,completed
5315,393,2026-05-17 07:13:01.213111,313.33,2,0.0,0.0,completed
5316,14989,2026-05-17 07:25:52.707487,536.36,4,4.99,0.0,completed
5317,12836,2026-05-17 08:10:39.444165,514.06,3,4.99,102.81,completed
5318,18463,2026-05-17 08:39:16.389406,356.01,2,9.99,35.6,shipped
5319,9612,2026-05-17 08:52:51.283215,340.39,1,9.99,0.0,completed
5320,13068,2026-05-17 08:53:43.913212,325.63,4,0.0,0.0,completed
5321,17150,2026-05-17 09:27:19.101053,895.54,5,4.99,179.11,completed
5322,11430,2026-05-17 10:44:00.517043,186.97,2,4.99,0.0,completed
5323,19055,2026-05-17 14:04:46.985115,693.02,4,0.0,69.3,completed
5324,493,2026-05-17 14:55:29.332413,294.29,2,4.99,44.14,completed
5325,20622,2026-05-17 15:16:33.799750,23.81,1,9.99,4.76,shipped
5326,15667,2026-05-17 18:01:35.578884,964.69,4,4.99,192.94,completed
5327,4800,2026-05-17 18:33:42.350023,864.67,4,0.0,0.0,cancelled
5328,4537,2026-05-17 18:56:13.642178,903.48,4,9.99,0.0,shipped
5329,6781,2026-05-17 19:14:08.099632,980.14,4,9.99,0.0,cancelled
5330,16750,2026-05-17 21:35:54.114338,897.99,5,9.99,89.8,completed
5331,21397,2026-05-17 21:50:45.915235,317.8,4,9.99,0.0,completed
5332,17037,2026-05-18 00:35:06.340883,26.5,1,9.99,5.3,completed
5333,19078,2026-05-18 01:51:49.554973,516.48,3,4.99,51.65,shipped
5334,12918,2026-05-18 11:45:35.573826,447.54,2,0.0,0.0,cancelled
5335,4451,2026-05-18 11:57:29.276757,603.95,5,0.0,0.0,shipped
5336,13630,2026-05-18 12:09:38.713573,504.84,3,9.99,50.48,returned
5337,17015,2026-05-18 13:41:35.259580,321.42,3,9.99,0.0,completed
5338,10808,2026-05-18 13:58:32.551370,492.2,3,9.99,49.22,completed
5339,10427,2026-05-18 14:01:47.141587,866.59,5,9.99,0.0,completed
5340,6678,2026-05-18 16:49:26.242379,571.42,3,0.0,0.0,completed
5341,5346,2026-05-18 19:06:50.967984,84.38,1,4.99,0.0,completed
5342,5350,2026-05-18 19:51:25.779660,244.58,1,0.0,36.69,completed
5343,14170,2026-05-18 20:05:03.030985,159.65,2,4.99,15.97,completed
5344,13830,2026-05-18 20:28:30.838104,399.78,3,9.99,0.0,completed
5345,23052,2026-05-18 22:51:55.279458,761.28,5,4.99,0.0,completed
5346,19624,2026-05-18 23:28:52.347544,668.7,2,4.99,0.0,completed
5347,15156,2026-05-19 00:10:51.617920,503.14,5,9.99,0.0,shipped
5348,12674,2026-05-19 03:49:57.609815,80.97,1,0.0,0.0,shipped
5349,16847,2026-05-19 04:46:43.754858,414.72,2,0.0,0.0,cancelled
5350,16869,2026-05-19 06:17:30.918829,1517.85,5,4.99,0.0,completed
5351,5350,2026-05-19 07:41:56.509848,438.81,3,9.99,0.0,cancelled
5352,1724,2026-05-19 07:51:24.273382,693.95,3,0.0,0.0,completed
5353,2930,2026-05-19 09:36:59.890578,701.43,3,0.0,105.21,completed
5354,14043,2026-05-19 10:15:12.049411,552.17,3,9.99,110.43,cancelled
5355,21512,2026-05-19 11:00:55.744298,123.84,1,4.99,18.58,completed
5356,7729,2026-05-19 11:05:19.097072,20.24,1,0.0,3.04,cancelled
5357,2072,2026-05-19 16:59:10.623819,580.78,2,0.0,87.12,completed
5358,5221,2026-05-19 17:58:08.926019,606.77,5,9.99,0.0,completed
5359,138,2026-05-19 18:01:58.754673,347.6,2,0.0,34.76,shipped
5360,22690,2026-05-19 22:01:26.088999,511.53,4,0.0,102.31,completed
5361,23005,2026-05-19 22:04:10.186584,222.81,1,4.99,33.42,cancelled
5362,21358,2026-05-20 01:17:50.481139,944.02,4,4.99,188.8,returned
5363,10568,2026-05-20 01:51:37.803293,443.59,3,9.99,44.36,completed
5364,24181,2026-05-20 01:57:01.299486,410.44,2,0.0,0.0,completed
5365,15398,2026-05-20 02:14:43.040211,567.72,2,9.99,0.0,completed
5366,1887,2026-05-20 02:58:32.461398,906.5,4,9.99,0.0,shipped
5367,16152,2026-05-20 03:33:08.014005,188.85,1,9.99,0.0,completed
5368,5216,2026-05-20 04:40:38.611093,356.89,2,4.99,71.38,completed
5369,2703,2026-05-20 09:26:17.153686,603.02,2,0.0,120.6,completed
5370,5076,2026-05-20 11:15:05.504403,230.44,1,0.0,0.0,returned
5371,15241,2026-05-20 11:23:30.731263,450.48,3,9.99,90.1,completed
5372,3071,2026-05-20 11:41:17.525036,721.13,4,4.99,72.11,completed
5373,24993,2026-05-20 12:08:10.052690,557.06,4,4.99,0.0,cancelled
5374,24833,2026-05-20 12:26:34.163843,633.08,4,0.0,0.0,completed
5375,19532,2026-05-20 15:11:38.539751,198.47,1,0.0,39.69,completed
5376,24685,2026-05-20 18:53:48.316432,898.52,4,9.99,0.0,completed
5377,13116,2026-05-20 20:19:50.716407,185.87,1,0.0,0.0,completed
5378,13554,2026-05-20 21:03:01.698138,355.08,3,4.99,0.0,completed
5379,8338,2026-05-20 23:20:44.976551,158.94,1,0.0,15.89,completed
5380,12603,2026-05-21 02:50:17.249604,909.92,5,4.99,90.99,cancelled
5381,9903,2026-05-21 03:16:33.636630,804.52,5,4.99,80.45,completed
5382,4999,2026-05-21 03:35:53.269483,515.7,2,4.99,0.0,completed
5383,17730,2026-05-21 03:37:21.217304,325.47,2,9.99,0.0,completed
5384,22708,2026-05-21 04:13:56.479250,376.8,2,9.99,0.0,completed
5385,548,2026-05-21 04:18:07.062041,541.22,2,4.99,54.12,completed
5386,8219,2026-05-21 08:56:02.795120,868.48,5,0.0,130.27,completed
5387,2756,2026-05-21 10:53:21.712583,415.84,4,9.99,41.58,cancelled
5388,6031,2026-05-21 11:09:50.924421,290.43,1,0.0,0.0,completed
5389,24388,2026-05-21 12:09:53.316670,386.26,3,9.99,57.94,completed
5390,10216,2026-05-21 14:44:23.855576,665.52,2,4.99,66.55,completed
5391,3429,2026-05-21 17:18:35.208473,923.78,5,4.99,138.57,completed
5392,13299,2026-05-21 18:19:38.950059,524.36,2,9.99,0.0,completed
5393,15804,2026-05-21 18:43:56.174795,828.85,4,4.99,82.89,cancelled
5394,10510,2026-05-21 20:23:30.990613,279.85,2,4.99,0.0,completed
5395,15132,2026-05-21 21:07:41.538585,482.45,3,4.99,0.0,completed
5396,22817,2026-05-21 22:31:29.281227,466.85,2,0.0,93.37,completed
5397,21515,2026-05-21 22:48:12.492256,656.67,3,4.99,0.0,completed
5398,6398,2026-05-21 23:28:33.627139,449.42,2,4.99,0.0,completed
5399,5397,2026-05-22 01:53:30.646539,115.8,1,9.99,0.0,completed
5400,21300,2026-05-22 04:34:22.236339,321.72,1,9.99,0.0,returned
5401,22261,2026-05-22 04:54:34.660064,194.59,1,0.0,38.92,shipped
5402,7247,2026-05-22 06:24:13.696366,638.28,5,4.99,0.0,shipped
5403,23514,2026-05-22 06:58:54.204714,926.1,4,0.0,0.0,completed
5404,2763,2026-05-22 07:27:04.089955,912.57,5,0.0,91.26,completed
5405,130,2026-05-22 08:02:16.125315,950.07,5,9.99,190.01,cancelled
5406,22617,2026-05-22 08:20:43.245575,1011.22,5,4.99,0.0,completed
5407,8306,2026-05-22 08:30:43.653658,345.21,1,0.0,34.52,completed
5408,5022,2026-05-22 08:54:13.246696,462.24,3,9.99,92.45,completed
5409,28,2026-05-22 09:34:24.593108,120.34,2,4.99,12.03,shipped
5410,18385,2026-05-22 11:52:17.055063,375.38,4,9.99,0.0,completed
5411,9375,2026-05-22 12:10:05.874657,184.76,1,4.99,18.48,shipped
5412,2152,2026-05-22 12:45:16.796410,286.75,3,4.99,0.0,completed
5413,1637,2026-05-22 13:55:04.457912,269.21,1,0.0,0.0,completed
5414,393,2026-05-22 15:47:18.311009,545.57,4,0.0,109.11,completed
5415,2267,2026-05-22 17:38:09.228232,445.84,4,4.99,89.17,completed
5416,18198,2026-05-22 18:06:51.751694,435.98,2,0.0,43.6,shipped
5417,10396,2026-05-22 18:38:34.436977,587.53,4,9.99,0.0,completed
5418,3578,2026-05-22 19:24:22.985552,944.91,5,0.0,0.0,shipped
5419,18879,2026-05-22 20:33:06.543988,164.49,1,9.99,0.0,shipped
5420,10101,2026-05-22 21:34:31.190027,864.05,5,9.99,129.61,completed
5421,123,2026-05-23 00:22:05.535170,251.91,3,9.99,37.79,completed
5422,19959,2026-05-23 01:51:41.503047,918.87,4,9.99,0.0,cancelled
5423,21266,2026-05-23 03:06:46.063952,650.43,4,4.99,0.0,completed
5424,20945,2026-05-23 05:31:35.673270,27.86,1,4.99,5.57,cancelled
5425,15462,2026-05-23 06:00:50.626236,591.43,3,4.99,118.29,completed
5426,21266,2026-05-23 06:14:01.781273,1093.78,5,0.0,109.38,completed
5427,1573,2026-05-23 08:00:14.948906,553.39,2,9.99,83.01,completed
5428,19709,2026-05-23 08:43:33.417396,344.5,3,4.99,34.45,completed
5429,5324,2026-05-23 12:12:29.429065,105.34,1,4.99,21.07,completed
5430,2763,2026-05-23 14:30:12.689912,1230.79,5,0.0,0.0,completed
5431,937,2026-05-23 14:46:51.993167,286.3,1,9.99,0.0,completed
5432,16737,2026-05-23 15:19:06.202923,700.52,3,0.0,0.0,completed
5433,14542,2026-05-23 15:25:07.774434,793.25,5,4.99,79.33,shipped
5434,22566,2026-05-23 15:31:10.419467,668.95,3,0.0,133.79,completed
5435,9032,2026-05-23 15:44:03.256922,248.58,1,9.99,24.86,completed
5436,15457,2026-05-23 15:44:31.616796,572.31,3,4.99,0.0,completed
5437,8492,2026-05-23 16:16:56.412846,778.77,4,4.99,155.75,completed
5438,10415,2026-05-23 16:51:51.973527,380.09,2,9.99,57.01,shipped
5439,5193,2026-05-23 18:26:15.575327,551.13,3,4.99,0.0,completed
5440,6791,2026-05-23 18:41:33.761517,693.48,2,4.99,69.35,completed
5441,5929,2026-05-23 19:44:29.528968,339.36,2,4.99,67.87,completed
5442,5470,2026-05-23 21:19:06.953286,294.84,2,9.99,29.48,shipped
5443,15339,2026-05-23 22:32:36.471103,855.07,5,0.0,0.0,completed
5444,13481,2026-05-24 01:16:12.272450,499.42,3,4.99,99.88,shipped
5445,7141,2026-05-24 01:43:12.676603,721.54,5,4.99,72.15,completed
5446,24126,2026-05-24 07:56:54.544876,150.75,1,4.99,0.0,completed
5447,18289,2026-05-24 08:56:39.046766,1069.16,5,4.99,0.0,returned
5448,13186,2026-05-24 11:45:17.159244,764.81,4,4.99,76.48,completed
5449,15462,2026-05-24 11:47:41.788623,453.16,4,9.99,67.97,shipped
5450,22232,2026-05-24 17:29:39.282295,744.31,4,4.99,74.43,shipped
5451,1605,2026-05-24 21:19:52.887702,793.87,5,9.99,79.39,completed
5452,11252,2026-05-24 21:50:07.231216,760.63,3,0.0,0.0,cancelled
5453,15543,2026-05-24 21:58:15.560685,185.47,1,0.0,0.0,completed
5454,6274,2026-05-25 00:51:41.840024,363.4,3,9.99,0.0,completed
5455,7606,2026-05-25 01:14:59.524320,762.22,3,9.99,152.44,completed
5456,21863,2026-05-25 01:33:30.399600,797.72,3,9.99,79.77,cancelled
5457,17128,2026-05-25 01:50:13.413189,289.36,1,9.99,0.0,cancelled
5458,19512,2026-05-25 03:21:49.936020,363.2,3,0.0,72.64,shipped
5459,4990,2026-05-25 03:39:54.798206,222.93,1,4.99,33.44,completed
5460,20088,2026-05-25 09:22:20.302402,843.34,4,9.99,168.67,completed
5461,15066,2026-05-25 09:24:05.068176,1107.74,5,9.99,221.55,shipped
5462,8111,2026-05-25 10:51:00.482036,1005.48,4,0.0,100.55,shipped
5463,23862,2026-05-25 10:53:37.604951,823.41,3,0.0,82.34,completed
5464,6465,2026-05-25 11:47:55.969476,266.45,2,4.99,53.29,completed
5465,2526,2026-05-25 15:19:11.626860,855.39,5,4.99,0.0,completed
5466,15441,2026-05-25 15:34:55.726780,953.96,5,9.99,95.4,completed
5467,17853,2026-05-25 18:13:24.522734,1005.07,5,4.99,0.0,shipped
5468,23376,2026-05-25 19:26:38.233241,770.14,5,4.99,115.52,completed
5469,12673,2026-05-25 19:33:21.473672,220.6,1,0.0,0.0,returned
5470,18592,2026-05-25 21:34:47.567021,283.91,1,0.0,56.78,shipped
5471,8164,2026-05-25 23:49:58.131392,602.57,3,9.99,120.51,completed
5472,23579,2026-05-26 00:08:36.731544,848.53,3,4.99,0.0,shipped
5473,6652,2026-05-26 01:15:12.413650,989.43,5,9.99,197.89,completed
5474,560,2026-05-26 04:28:27.206343,1118.78,5,4.99,0.0,shipped
5475,19252,2026-05-26 05:03:22.261307,162.42,1,4.99,24.36,completed
5476,11275,2026-05-26 09:30:48.847522,429.34,3,0.0,85.87,returned
5477,10049,2026-05-26 10:31:31.118932,869.12,4,0.0,0.0,cancelled
5478,4747,2026-05-26 13:33:19.114798,466.1,2,4.99,69.92,completed
5479,6359,2026-05-26 13:56:50.321260,645.13,3,4.99,96.77,shipped
5480,23210,2026-05-26 19:41:22.176475,372.52,4,0.0,0.0,shipped
5481,14056,2026-05-26 21:14:27.490644,601.52,4,4.99,0.0,completed
5482,14514,2026-05-26 21:22:25.394922,462.96,3,9.99,0.0,completed
5483,11688,2026-05-26 21:40:17.376143,726.24,5,0.0,145.25,completed
5484,18629,2026-05-26 22:55:11.997898,771.51,3,4.99,0.0,completed
5485,14600,2026-05-27 01:08:49.718776,864.31,4,0.0,129.65,returned
5486,9305,2026-05-27 04:35:38.298283,683.67,3,0.0,0.0,completed
5487,19791,2026-05-27 05:29:03.216833,915.63,5,0.0,0.0,completed
5488,23677,2026-05-27 07:53:22.831222,563.49,3,9.99,0.0,completed
5489,24116,2026-05-27 08:43:38.810525,645.78,3,0.0,129.16,cancelled
5490,18872,2026-05-27 10:30:16.741432,599.62,4,9.99,0.0,completed
5491,6494,2026-05-27 11:13:08.424045,528.75,3,9.99,0.0,returned
5492,23776,2026-05-27 12:56:29.030082,766.61,3,0.0,114.99,completed
5493,2898,2026-05-27 14:40:19.362119,75.44,1,4.99,0.0,completed
5494,19063,2026-05-27 15:33:19.153149,1190.61,5,9.99,0.0,completed
5495,15147,2026-05-27 17:31:20.709264,447.67,2,4.99,67.15,shipped
5496,24828,2026-05-27 18:41:22.732466,177.19,1,4.99,17.72,cancelled
5497,21979,2026-05-27 19:04:13.117627,161.28,2,0.0,0.0,completed
5498,11724,2026-05-27 19:43:57.392718,989.84,5,0.0,0.0,completed
5499,15436,2026-05-27 20:30:55.725320,77.0,1,4.99,7.7,completed
5500,19451,2026-05-27 22:07:44.767045,206.03,1,9.99,0.0,completed
5501,7611,2026-05-27 22:37:50.601318,19.06,1,4.99,1.91,completed
5502,9075,2026-05-27 22:54:27.555129,349.05,2,0.0,0.0,completed
5503,7595,2026-05-27 23:11:53.867179,289.84,1,4.99,0.0,shipped
5504,20795,2026-05-28 00:57:27.319420,381.38,2,9.99,0.0,completed
5505,5503,2026-05-28 02:17:24.891989,621.7,2,4.99,0.0,completed
5506,956,2026-05-28 03:35:11.024658,702.26,4,9.99,140.45,shipped
5507,4324,2026-05-28 07:09:21.861759,532.62,3,9.99,0.0,shipped
5508,21922,2026-05-28 08:28:43.278261,743.14,4,4.99,0.0,cancelled
5509,3075,2026-05-28 09:46:29.552616,1220.15,5,0.0,183.02,cancelled
5510,7093,2026-05-28 10:53:51.092620,197.52,1,0.0,0.0,completed
5511,14902,2026-05-28 13:47:51.009725,745.63,4,9.99,0.0,cancelled
5512,18620,2026-05-28 15:29:05.129909,822.96,4,4.99,123.44,completed
5513,19271,2026-05-28 16:06:17.265559,330.67,3,0.0,0.0,completed
5514,17482,2026-05-28 16:19:19.466872,743.71,3,9.99,0.0,completed
5515,24686,2026-05-28 17:02:16.745520,871.7,5,9.99,0.0,cancelled
5516,21646,2026-05-28 19:49:53.407384,110.28,1,9.99,0.0,completed
5517,7396,2026-05-28 22:35:11.328107,579.76,3,0.0,115.95,completed
5518,2108,2026-05-28 23:50:00.583048,826.65,3,0.0,0.0,returned
5519,16618,2026-05-29 00:44:14.221706,584.43,3,9.99,87.66,shipped
5520,8422,2026-05-29 00:58:46.884314,690.5,4,4.99,0.0,completed
5521,12304,2026-05-29 02:10:07.608662,244.41,1,0.0,24.44,completed
5522,8641,2026-05-29 03:42:08.519952,591.48,2,4.99,0.0,shipped
5523,15685,2026-05-29 05:31:26.295872,278.06,1,0.0,0.0,completed
5524,6765,2026-05-29 05:54:01.655129,637.62,3,0.0,0.0,completed
5525,19236,2026-05-29 08:49:47.339909,704.74,3,9.99,105.71,cancelled
5526,5441,2026-05-29 09:32:10.051197,766.08,5,0.0,114.91,returned
5527,24942,2026-05-29 09:42:24.740779,619.42,3,0.0,0.0,shipped
5528,13209,2026-05-29 10:37:14.920720,162.45,1,0.0,0.0,shipped
5529,13554,2026-05-29 13:12:37.191802,1075.69,5,9.99,215.14,completed
5530,10695,2026-05-29 15:13:55.991843,571.85,3,9.99,57.19,completed
5531,2554,2026-05-29 17:29:09.250706,843.77,4,9.99,0.0,completed
5532,17879,2026-05-29 19:08:03.683788,916.99,5,9.99,0.0,cancelled
5533,11053,2026-05-29 21:42:17.827722,198.05,1,9.99,29.71,cancelled
5534,24245,2026-05-29 22:34:20.569999,1252.96,5,0.0,125.3,completed
5535,14315,2026-05-29 22:45:27.609229,875.41,4,0.0,87.54,completed
5536,2908,2026-05-29 23:52:32.410376,115.61,2,9.99,0.0,completed
5537,15404,2026-05-30 01:46:53.787529,679.41,4,9.99,67.94,completed
5538,7312,2026-05-30 04:05:12.091514,643.2,4,9.99,128.64,completed
5539,1406,2026-05-30 06:49:36.121271,259.31,1,4.99,0.0,completed
5540,17235,2026-05-30 07:52:52.409338,707.53,5,0.0,0.0,completed
5541,6903,2026-05-30 08:15:25.938375,196.09,1,0.0,0.0,completed
5542,21990,2026-05-30 13:32:36.079855,693.06,4,9.99,138.61,cancelled
5543,12811,2026-05-30 14:40:39.061061,57.22,1,4.99,11.44,shipped
5544,10187,2026-05-30 16:52:58.490080,1017.3,5,4.99,0.0,completed
5545,1187,2026-05-30 16:56:26.690193,91.94,2,4.99,0.0,shipped
5546,7446,2026-05-30 19:49:40.676812,918.9,4,9.99,183.78,completed
5547,9903,2026-05-30 22:59:10.291130,1345.26,5,9.99,269.05,completed
5548,16935,2026-05-30 23:50:27.842916,573.05,4,9.99,114.61,completed
5549,13336,2026-05-31 00:06:31.491637,1138.13,4,0.0,0.0,completed
5550,11561,2026-05-31 00:15:34.901156,180.29,1,0.0,0.0,cancelled
5551,13833,2026-05-31 02:45:10.792949,19.25,1,4.99,3.85,shipped
5552,4494,2026-05-31 02:49:51.117169,90.39,1,9.99,0.0,completed
5553,21319,2026-05-31 05:14:51.779585,127.68,1,4.99,25.54,completed
5554,20245,2026-05-31 06:39:12.885000,915.22,4,0.0,137.28,completed
5555,12597,2026-05-31 07:30:09.743543,296.42,1,0.0,0.0,completed
5556,18585,2026-05-31 07:51:11.361457,401.64,3,9.99,40.16,completed
5557,888,2026-05-31 10:41:39.102515,520.48,2,9.99,0.0,cancelled
5558,7350,2026-05-31 10:45:44.205028,849.66,3,0.0,0.0,returned
5559,20508,2026-05-31 11:56:22.018154,238.11,1,9.99,0.0,cancelled
5560,20789,2026-05-31 13:36:47.090654,35.25,1,4.99,0.0,completed
5561,23352,2026-05-31 14:17:18.241000,620.23,4,0.0,0.0,completed
5562,178,2026-05-31 14:52:20.517515,606.2,5,4.99,121.24,completed
5563,343,2026-05-31 16:02:38.835123,193.48,3,0.0,0.0,completed
5564,23900,2026-05-31 17:43:08.153459,464.65,3,4.99,0.0,completed
5565,1282,2026-05-31 17:57:37.850220,92.86,1,9.99,0.0,completed
5566,7842,2026-05-31 19:22:31.049129,424.93,2,0.0,42.49,shipped
5567,18407,2026-05-31 21:07:46.279748,861.82,4,4.99,0.0,completed
5568,7592,2026-05-31 21:23:44.046290,533.63,3,0.0,80.04,shipped
5569,2839,2026-05-31 22:14:54.059346,593.77,3,0.0,118.75,completed
5570,4003,2026-06-01 00:01:06.046008,348.77,2,9.99,52.32,completed
5571,9123,2026-06-01 00:50:42.589132,83.28,1,4.99,16.66,completed
5572,19555,2026-06-01 00:57:25.145074,1000.3,5,9.99,0.0,shipped
5573,18147,2026-06-01 04:41:42.681859,913.11,4,0.0,91.31,completed
5574,10801,2026-06-01 07:10:43.898822,922.62,3,0.0,0.0,completed
5575,6801,2026-06-01 07:25:42.968508,962.33,4,4.99,0.0,completed
5576,3356,2026-06-01 08:11:17.236664,520.64,3,9.99,0.0,completed
5577,19823,2026-06-01 10:44:08.440073,330.25,4,9.99,0.0,completed
5578,11124,2026-06-01 11:00:50.330326,609.19,4,0.0,91.38,completed
5579,6796,2026-06-01 12:39:37.606096,863.25,4,0.0,86.33,cancelled
5580,9076,2026-06-01 12:53:06.557380,226.16,4,9.99,0.0,completed
5581,9917,2026-06-01 12:59:25.998331,1016.74,5,4.99,0.0,shipped
5582,2533,2026-06-01 13:36:46.828683,27.0,1,0.0,0.0,completed
5583,21642,2026-06-01 15:22:16.482849,498.59,5,0.0,0.0,shipped
5584,12295,2026-06-01 17:08:16.132380,333.46,1,4.99,0.0,completed
5585,8551,2026-06-01 18:27:27.005317,969.71,5,9.99,145.46,completed
5586,21858,2026-06-01 18:36:55.635907,215.52,2,9.99,21.55,cancelled
5587,22806,2026-06-01 22:03:24.892253,236.19,1,4.99,0.0,completed
5588,14800,2026-06-02 02:28:05.103156,83.38,1,4.99,16.68,completed
5589,13299,2026-06-02 02:37:41.089466,139.68,2,0.0,13.97,completed
5590,11378,2026-06-02 04:19:14.287282,1033.96,4,0.0,155.09,completed
5591,12918,2026-06-02 06:19:26.246423,644.54,3,0.0,0.0,completed
5592,23675,2026-06-02 07:01:08.230215,980.11,4,9.99,0.0,returned
5593,7706,2026-06-02 08:28:53.229923,630.81,4,9.99,0.0,completed
5594,11074,2026-06-02 09:49:08.179870,214.71,1,0.0,0.0,completed
5595,20063,2026-06-02 10:52:41.559360,837.36,3,4.99,83.74,shipped
5596,19004,2026-06-02 17:07:07.906301,1198.58,5,4.99,0.0,shipped
5597,12983,2026-06-02 17:38:25.127395,745.58,4,0.0,0.0,shipped
5598,17930,2026-06-02 20:49:09.202195,178.7,2,0.0,0.0,completed
5599,19267,2026-06-03 00:52:02.945420,263.61,1,9.99,0.0,shipped
5600,17930,2026-06-03 01:16:48.066977,367.9,3,9.99,0.0,completed
5601,12733,2026-06-03 03:31:07.631578,110.72,1,9.99,0.0,completed
5602,5814,2026-06-03 04:16:46.457953,285.19,3,0.0,0.0,completed
5603,22449,2026-06-03 04:40:33.048976,695.21,3,0.0,69.52,shipped
5604,14282,2026-06-03 05:33:53.756612,958.25,4,0.0,95.83,completed
5605,3957,2026-06-03 05:35:45.234266,176.7,1,0.0,35.34,shipped
5606,5258,2026-06-03 07:44:59.477691,649.02,4,4.99,129.8,completed
5607,7397,2026-06-03 09:07:24.705484,674.53,4,4.99,67.45,cancelled
5608,20718,2026-06-03 10:15:07.636654,984.18,4,9.99,147.63,completed
5609,11139,2026-06-03 10:32:26.701279,399.95,2,0.0,0.0,cancelled
5610,15738,2026-06-03 12:04:44.785512,982.64,4,4.99,98.26,completed
5611,3429,2026-06-03 12:40:31.725164,288.63,2,0.0,28.86,completed
5612,17349,2026-06-03 14:19:54.561115,481.13,3,4.99,0.0,shipped
5613,22262,2026-06-03 14:59:01.013875,840.68,4,9.99,0.0,completed
5614,17546,2026-06-03 15:22:24.637570,519.94,3,0.0,103.99,completed
5615,12005,2026-06-03 16:49:41.776459,397.76,2,4.99,79.55,completed
5616,9099,2026-06-03 16:50:44.681348,399.62,3,4.99,0.0,returned
5617,15755,2026-06-03 17:30:18.417921,955.64,4,9.99,191.13,completed
5618,24843,2026-06-03 18:48:20.039658,796.98,4,0.0,0.0,shipped
5619,1367,2026-06-03 19:13:06.497831,975.12,4,9.99,97.51,completed
5620,5365,2026-06-03 20:40:18.191994,447.2,2,0.0,67.08,completed
5621,3704,2026-06-03 20:42:36.787885,949.93,5,0.0,189.99,completed
5622,9605,2026-06-03 22:00:42.538728,602.02,3,0.0,90.3,completed
5623,15857,2026-06-03 22:14:31.381384,713.25,4,4.99,106.99,shipped
5624,16387,2026-06-04 00:32:00.372657,508.78,4,0.0,0.0,shipped
5625,7547,2026-06-04 00:32:16.737930,1085.65,5,4.99,0.0,completed
5626,5066,2026-06-04 01:24:00.232615,160.71,1,0.0,32.14,completed
5627,12279,2026-06-04 02:14:44.948102,771.88,5,4.99,0.0,completed
5628,21626,2026-06-04 05:09:06.571455,1088.45,4,0.0,0.0,completed
5629,12395,2026-06-04 05:24:12.377086,120.74,1,0.0,18.11,completed
5630,13605,2026-06-04 05:48:40.074600,1019.34,4,4.99,0.0,completed
5631,12737,2026-06-04 09:20:37.294686,994.84,5,9.99,0.0,completed
5632,18106,2026-06-04 10:46:26.136017,426.65,3,4.99,0.0,completed
5633,3472,2026-06-04 12:22:51.937710,258.43,1,9.99,25.84,completed
5634,388,2026-06-04 12:56:29.167335,917.64,5,0.0,137.65,completed
5635,16566,2026-06-04 19:18:30.976358,571.09,2,0.0,57.11,cancelled
5636,21289,2026-06-04 19:50:20.115929,550.72,3,4.99,55.07,cancelled
5637,20914,2026-06-04 20:34:52.168104,476.6,2,9.99,0.0,completed
5638,22191,2026-06-04 20:45:11.030927,23.47,1,9.99,2.35,completed
5639,18011,2026-06-04 21:26:34.125902,652.39,3,0.0,0.0,completed
5640,65,2026-06-04 22:44:08.888466,954.39,5,4.99,143.16,returned
5641,13601,2026-06-05 00:48:40.193985,968.43,4,0.0,96.84,shipped
5642,9572,2026-06-05 02:08:36.913573,661.23,5,4.99,66.12,shipped
5643,21659,2026-06-05 02:28:15.386996,769.57,4,4.99,0.0,completed
5644,9834,2026-06-05 08:01:12.548173,398.3,2,4.99,79.66,shipped
5645,15958,2026-06-05 08:05:43.779259,81.89,1,9.99,8.19,completed
5646,3727,2026-06-05 10:37:46.670092,403.03,3,0.0,0.0,completed
5647,8268,2026-06-05 13:20:24.102998,934.0,4,9.99,140.1,completed
5648,4134,2026-06-05 15:25:54.881891,633.83,3,4.99,95.07,completed
5649,4113,2026-06-05 16:49:11.182301,468.12,2,9.99,46.81,cancelled
5650,20827,2026-06-05 20:57:08.930864,1122.53,5,9.99,0.0,completed
5651,15428,2026-06-05 22:16:23.068309,1070.25,5,0.0,107.03,completed
5652,15015,2026-06-05 22:59:30.762871,490.96,3,9.99,98.19,shipped
5653,13429,2026-06-05 23:30:15.229643,1062.22,5,0.0,0.0,completed
5654,23634,2026-06-05 23:38:50.530987,327.67,2,0.0,0.0,completed
5655,18454,2026-06-06 00:58:14.194374,853.82,4,4.99,0.0,completed
5656,7231,2026-06-06 01:28:14.542921,664.52,3,0.0,132.9,completed
5657,3587,2026-06-06 03:43:15.674294,519.24,2,4.99,0.0,completed
5658,2299,2026-06-06 05:55:24.115192,580.74,5,0.0,0.0,returned
5659,5096,2026-06-06 06:39:07.962009,324.9,2,9.99,0.0,completed
5660,4811,2026-06-06 08:27:15.569917,139.32,1,4.99,20.9,completed
5661,15552,2026-06-06 10:38:07.679929,441.64,3,0.0,0.0,cancelled
5662,19241,2026-06-06 12:33:32.824067,608.8,4,0.0,60.88,completed
5663,1355,2026-06-06 14:32:53.510934,321.87,1,0.0,0.0,shipped
5664,24877,2026-06-06 14:34:07.061791,1019.76,4,4.99,0.0,completed
5665,23283,2026-06-06 16:28:23.673130,309.92,1,4.99,0.0,completed
5666,6446,2026-06-06 19:07:52.845009,1060.79,5,9.99,0.0,completed
5667,3295,2026-06-06 19:56:57.003809,813.13,5,4.99,0.0,completed
5668,9434,2026-06-06 21:45:17.212667,444.56,3,9.99,0.0,completed
5669,21465,2026-06-07 00:28:52.202722,544.07,5,4.99,0.0,completed
5670,6926,2026-06-07 02:06:23.202182,862.23,5,9.99,0.0,shipped
5671,19032,2026-06-07 02:59:36.594769,611.79,3,9.99,61.18,completed
5672,24131,2026-06-07 09:02:05.695718,470.08,2,9.99,94.02,completed
5673,13299,2026-06-07 09:42:57.132668,156.57,1,9.99,0.0,returned
5674,12781,2026-06-07 10:53:58.578213,131.2,3,4.99,0.0,completed
5675,9162,2026-06-07 13:38:03.219132,745.42,3,4.99,0.0,completed
5676,24133,2026-06-07 18:58:27.620013,234.59,2,0.0,0.0,completed
5677,17830,2026-06-07 19:49:54.131992,922.4,5,4.99,138.36,completed
5678,15707,2026-06-07 21:07:22.436491,283.11,2,4.99,56.62,completed
5679,12923,2026-06-07 21:19:57.282746,696.66,3,9.99,69.67,completed
5680,22490,2026-06-08 02:25:45.104192,239.74,2,0.0,47.95,shipped
5681,9534,2026-06-08 03:06:51.778896,704.57,3,9.99,140.91,completed
5682,20067,2026-06-08 03:35:48.832954,1058.71,5,9.99,0.0,returned
5683,18668,2026-06-08 05:58:27.994165,832.84,3,0.0,0.0,cancelled
5684,17859,2026-06-08 07:57:08.759450,129.0,1,9.99,25.8,cancelled
5685,22200,2026-06-08 08:40:44.196268,592.37,4,4.99,0.0,completed
5686,4733,2026-06-08 11:09:54.854769,312.25,2,0.0,0.0,shipped
5687,3075,2026-06-08 13:35:00.317238,565.92,4,4.99,0.0,shipped
5688,15058,2026-06-08 13:36:11.490559,316.43,1,4.99,63.29,cancelled
5689,12820,2026-06-08 14:05:01.660732,1237.45,4,9.99,0.0,shipped
5690,8624,2026-06-08 20:30:46.028461,248.42,1,9.99,0.0,completed
5691,18879,2026-06-08 21:03:54.482576,284.8,3,9.99,28.48,shipped
5692,7261,2026-06-08 23:05:55.671128,533.42,3,9.99,106.68,completed
5693,15151,2026-06-08 23:57:08.892273,409.34,2,9.99,0.0,completed
5694,537,2026-06-09 00:17:32.697632,275.47,1,4.99,0.0,completed
5695,2793,2026-06-09 03:09:26.289660,913.01,4,0.0,0.0,completed
5696,12140,2026-06-09 04:32:24.233406,515.23,3,0.0,0.0,returned
5697,8049,2026-06-09 04:42:19.312063,748.92,4,4.99,112.34,cancelled
5698,10310,2026-06-09 07:14:35.033669,427.06,2,0.0,0.0,completed
5699,4402,2026-06-09 08:03:01.314713,651.58,3,0.0,0.0,completed
5700,6605,2026-06-09 08:18:15.480847,582.13,4,4.99,0.0,completed
5701,5797,2026-06-09 08:42:48.706491,530.81,2,9.99,106.16,completed
5702,14538,2026-06-09 09:29:27.276788,930.25,5,4.99,186.05,completed
5703,5503,2026-06-09 09:32:12.966670,1013.5,5,4.99,0.0,shipped
5704,19117,2026-06-09 10:27:44.531397,259.35,1,4.99,0.0,shipped
5705,24496,2026-06-09 12:15:25.693377,678.53,2,0.0,135.71,completed
5706,1004,2026-06-09 13:12:23.982245,223.94,2,9.99,22.39,shipped
5707,858,2026-06-09 13:55:30.379806,726.53,5,0.0,0.0,shipped
5708,22916,2026-06-09 14:24:29.424343,696.5,5,4.99,0.0,shipped
5709,23687,2026-06-09 15:07:29.609263,846.94,5,9.99,84.69,shipped
5710,5545,2026-06-09 16:16:36.264311,518.16,2,9.99,51.82,completed
5711,20271,2026-06-09 16:17:00.149081,462.74,2,9.99,46.27,completed
5712,22708,2026-06-09 18:05:31.337156,455.72,2,4.99,45.57,completed
5713,3872,2026-06-09 19:01:06.397494,128.11,1,9.99,12.81,completed
5714,14911,2026-06-09 19:53:51.805132,179.72,1,4.99,0.0,completed
5715,6372,2026-06-09 20:49:58.778682,692.38,3,0.0,0.0,completed
5716,4220,2026-06-10 00:27:03.217576,305.57,1,9.99,0.0,completed
5717,15501,2026-06-10 01:22:06.220519,324.82,1,9.99,64.96,completed
5718,5101,2026-06-10 01:42:34.655056,71.93,1,0.0,10.79,completed
5719,15147,2026-06-10 02:11:37.952789,109.7,2,0.0,21.94,completed
5720,16498,2026-06-10 02:11:43.063042,436.3,2,9.99,43.63,completed
5721,14738,2026-06-10 02:13:19.989914,732.3,4,9.99,0.0,completed
5722,6652,2026-06-10 03:04:18.717761,158.96,2,9.99,23.84,completed
5723,24681,2026-06-10 03:36:05.783525,191.83,2,4.99,0.0,completed
5724,19497,2026-06-10 06:02:09.992651,677.52,5,9.99,67.75,shipped
5725,671,2026-06-10 07:23:46.470592,148.24,1,4.99,14.82,shipped
5726,24608,2026-06-10 07:53:28.793524,757.86,5,0.0,0.0,completed
5727,21575,2026-06-10 10:25:27.978455,498.33,5,0.0,49.83,completed
5728,3847,2026-06-10 11:31:17.549505,428.82,3,4.99,0.0,completed
5729,23791,2026-06-10 12:14:36.564677,141.47,2,4.99,21.22,completed
5730,42,2026-06-10 15:00:41.405219,290.35,1,0.0,29.04,completed
5731,3239,2026-06-10 16:33:51.286747,321.77,1,9.99,32.18,completed
5732,8207,2026-06-10 17:23:09.920374,926.05,5,9.99,138.91,cancelled
5733,2719,2026-06-10 18:10:18.126988,1007.79,5,9.99,100.78,completed
5734,21232,2026-06-10 18:11:10.069302,427.29,2,9.99,42.73,completed
5735,13666,2026-06-10 18:25:24.422682,86.54,2,0.0,12.98,returned
5736,24674,2026-06-10 19:40:42.417583,815.28,5,0.0,0.0,cancelled
5737,20025,2026-06-10 20:20:39.931069,293.85,2,0.0,0.0,completed
5738,9755,2026-06-10 21:10:04.320437,404.24,2,9.99,0.0,completed
5739,12343,2026-06-11 02:11:27.922134,314.37,1,4.99,0.0,completed
5740,15058,2026-06-11 07:16:34.414171,540.47,5,9.99,54.05,completed
5741,18959,2026-06-11 08:41:25.709596,216.28,1,4.99,0.0,completed
5742,16301,2026-06-11 09:06:51.183296,398.36,2,9.99,0.0,cancelled
5743,21306,2026-06-11 14:02:27.641718,167.66,1,4.99,33.53,shipped
5744,735,2026-06-11 15:48:30.536400,670.09,5,4.99,0.0,completed
5745,10829,2026-06-11 16:13:16.913763,276.67,1,4.99,0.0,completed
5746,16492,2026-06-11 17:26:21.557935,120.25,2,4.99,0.0,completed
5747,24406,2026-06-11 18:08:33.822957,1074.71,4,0.0,0.0,completed
5748,3065,2026-06-11 21:54:20.904553,295.62,2,0.0,0.0,completed
5749,3229,2026-06-11 23:20:34.706379,191.17,1,9.99,0.0,shipped
5750,275,2026-06-11 23:36:12.506061,623.21,3,9.99,62.32,completed
5751,5420,2026-06-12 08:38:13.917484,769.96,5,0.0,115.49,completed
5752,6273,2026-06-12 09:53:27.699979,479.35,3,0.0,71.9,shipped
5753,19268,2026-06-12 10:10:31.995095,585.98,3,4.99,0.0,completed
5754,16171,2026-06-12 14:11:44.649165,635.22,3,9.99,0.0,completed
5755,9052,2026-06-12 20:45:02.854827,895.44,4,0.0,0.0,completed
5756,22999,2026-06-12 20:57:42.003815,924.81,4,0.0,0.0,completed
5757,6089,2026-06-12 21:31:52.730744,851.12,4,4.99,0.0,completed
5758,3789,2026-06-12 22:01:47.332568,713.74,4,9.99,0.0,completed
5759,24386,2026-06-12 23:33:10.664565,329.98,1,4.99,0.0,shipped
5760,14629,2026-06-13 00:27:03.704994,1233.34,5,4.99,123.33,shipped
5761,493,2026-06-13 00:40:54.512357,738.64,3,4.99,0.0,shipped
5762,792,2026-06-13 00:48:56.216448,266.68,2,9.99,53.34,returned
5763,9310,2026-06-13 01:35:02.877161,889.09,4,0.0,133.36,cancelled
5764,23630,2026-06-13 03:20:04.823503,15.5,1,9.99,0.0,returned
5765,23796,2026-06-13 03:22:40.841996,66.76,1,9.99,0.0,completed
5766,1731,2026-06-13 04:05:58.154844,449.52,3,4.99,67.43,completed
5767,17864,2026-06-13 04:34:11.245243,179.28,1,4.99,26.89,returned
5768,11856,2026-06-13 05:03:43.797898,336.62,2,4.99,0.0,completed
5769,12613,2026-06-13 06:45:37.513130,334.86,2,0.0,0.0,completed
5770,10006,2026-06-13 08:43:17.380858,653.22,5,0.0,0.0,completed
5771,5182,2026-06-13 08:48:35.804379,630.15,3,4.99,126.03,completed
5772,6382,2026-06-13 09:11:30.773981,1145.84,5,4.99,0.0,cancelled
5773,22147,2026-06-13 10:23:01.808460,950.37,5,0.0,190.07,completed
5774,20990,2026-06-13 13:11:31.204054,334.85,1,0.0,50.23,completed
5775,12370,2026-06-13 13:29:12.055026,683.38,4,9.99,0.0,completed
5776,11376,2026-06-13 13:52:08.151173,443.14,3,9.99,66.47,completed
5777,19498,2026-06-13 14:11:56.993040,701.43,4,4.99,0.0,completed
5778,22708,2026-06-13 14:46:56.790469,839.79,3,9.99,125.97,cancelled
5779,17069,2026-06-13 15:28:31.850057,742.17,4,4.99,0.0,shipped
5780,24467,2026-06-13 17:05:14.789488,203.17,2,9.99,0.0,shipped
5781,4733,2026-06-13 17:14:59.932164,706.43,3,9.99,0.0,completed
5782,16321,2026-06-13 17:50:44.360174,429.78,3,0.0,0.0,shipped
5783,7341,2026-06-13 20:02:04.467611,267.5,3,0.0,53.5,cancelled
5784,24183,2026-06-13 20:09:39.776188,309.17,3,0.0,0.0,completed
5785,15411,2026-06-13 20:22:58.971108,509.61,4,4.99,0.0,completed
5786,1633,2026-06-13 21:38:21.938571,448.54,3,9.99,67.28,completed
5787,5470,2026-06-13 22:45:41.811834,563.42,3,4.99,112.68,shipped
5788,393,2026-06-13 23:47:15.666685,173.87,2,9.99,0.0,cancelled
5789,17415,2026-06-14 00:56:35.802371,293.1,1,9.99,29.31,cancelled
5790,10452,2026-06-14 07:35:57.691313,271.11,1,9.99,27.11,cancelled
5791,1151,2026-06-14 09:00:07.181616,213.19,1,4.99,42.64,shipped
5792,139,2026-06-14 09:01:11.409932,1155.68,5,0.0,0.0,shipped
5793,13735,2026-06-14 10:33:34.161206,710.86,3,0.0,0.0,shipped
5794,18664,2026-06-14 10:41:05.275035,303.07,2,9.99,0.0,cancelled
5795,9903,2026-06-14 11:39:25.949398,483.92,3,9.99,96.78,completed
5796,17112,2026-06-14 11:45:06.751999,333.2,1,4.99,49.98,shipped
5797,24810,2026-06-14 12:02:46.600819,689.04,4,9.99,103.36,shipped
5798,2355,2026-06-14 12:57:09.098437,229.57,1,0.0,0.0,completed
5799,3288,2026-06-14 14:12:43.492460,163.07,1,0.0,24.46,completed
5800,19630,2026-06-14 15:19:43.019378,978.02,5,9.99,146.7,shipped
5801,24621,2026-06-14 16:51:13.660345,254.32,1,4.99,38.15,cancelled
5802,11782,2026-06-14 17:27:18.325076,150.94,2,4.99,0.0,completed
5803,10570,2026-06-14 18:33:10.731354,658.72,3,9.99,131.74,completed
5804,15940,2026-06-14 19:32:11.680115,255.43,2,4.99,51.09,completed
5805,6051,2026-06-14 20:02:56.969563,118.61,2,9.99,17.79,completed
5806,21001,2026-06-15 00:32:10.518389,1214.96,5,4.99,0.0,completed
5807,19208,2026-06-15 00:55:47.370680,143.73,1,4.99,0.0,completed
5808,14840,2026-06-15 01:10:27.886894,868.17,3,0.0,0.0,completed
5809,22562,2026-06-15 01:46:21.313778,1255.09,5,9.99,0.0,completed
5810,4136,2026-06-15 03:48:28.738291,880.13,5,9.99,88.01,cancelled
5811,12713,2026-06-15 03:58:30.096307,617.93,2,9.99,61.79,completed
5812,22118,2026-06-15 04:59:29.114827,287.99,1,9.99,43.2,cancelled
5813,3079,2026-06-15 05:02:57.909573,635.16,4,4.99,127.03,shipped
5814,5139,2026-06-15 05:53:00.799672,280.23,1,4.99,0.0,completed
5815,19375,2026-06-15 08:34:31.711617,219.36,1,9.99,0.0,completed
5816,20908,2026-06-15 08:38:34.784808,1087.89,5,9.99,0.0,completed
5817,6192,2026-06-15 11:40:08.148143,450.19,2,0.0,45.02,completed
5818,7873,2026-06-15 12:52:29.981681,146.41,1,4.99,21.96,returned
5819,4772,2026-06-15 15:58:18.575562,967.62,5,0.0,145.14,completed
5820,22657,2026-06-15 16:50:24.066522,749.8,4,4.99,112.47,completed
5821,4374,2026-06-15 18:36:48.075518,872.38,5,0.0,87.24,completed
5822,14676,2026-06-15 20:31:04.098064,895.08,4,9.99,89.51,completed
5823,2703,2026-06-15 23:18:38.338493,267.52,1,4.99,0.0,completed
5824,16228,2026-06-16 04:50:38.071859,225.41,2,4.99,33.81,cancelled
5825,4052,2026-06-16 05:44:19.852713,394.3,2,9.99,78.86,completed
5826,21089,2026-06-16 09:13:23.187690,1042.69,4,0.0,208.54,completed
5827,14007,2026-06-16 10:19:27.037955,441.47,4,0.0,44.15,completed
5828,21129,2026-06-16 14:02:50.554798,834.92,4,0.0,0.0,completed
5829,17458,2026-06-16 14:18:21.277273,828.2,4,0.0,82.82,completed
5830,24504,2026-06-16 15:13:19.129160,285.64,2,4.99,0.0,completed
5831,21996,2026-06-16 15:22:22.952444,281.34,1,9.99,0.0,completed
5832,24764,2026-06-16 15:27:18.047524,1022.53,5,9.99,0.0,completed
5833,8295,2026-06-16 17:15:34.657494,26.65,1,4.99,5.33,completed
5834,4049,2026-06-16 19:30:04.055013,293.86,2,4.99,0.0,completed
5835,19699,2026-06-16 20:17:48.871248,208.63,2,9.99,41.73,shipped
5836,20246,2026-06-16 22:10:13.425785,854.82,5,0.0,170.96,completed
5837,11970,2026-06-16 22:15:24.180502,348.81,4,9.99,69.76,completed
5838,21022,2026-06-16 22:20:33.526633,336.96,1,9.99,0.0,returned
5839,7628,2026-06-16 22:59:02.488661,344.23,1,4.99,51.63,completed
5840,5365,2026-06-17 00:35:45.160880,371.61,2,0.0,0.0,shipped
5841,13562,2026-06-17 03:27:00.052047,78.89,1,9.99,7.89,completed
5842,552,2026-06-17 04:09:16.642099,659.09,3,9.99,0.0,cancelled
5843,23294,2026-06-17 04:45:24.826838,238.5,1,4.99,0.0,completed
5844,12918,2026-06-17 04:53:55.207479,711.83,5,9.99,142.37,completed
5845,605,2026-06-17 04:54:39.609524,909.09,4,4.99,90.91,shipped
5846,15681,2026-06-17 05:04:58.866460,372.95,2,0.0,0.0,completed
5847,4784,2026-06-17 05:35:15.350366,297.29,2,0.0,0.0,cancelled
5848,22038,2026-06-17 06:43:13.664937,279.27,2,0.0,0.0,cancelled
5849,17803,2026-06-17 08:21:02.395779,677.23,2,4.99,135.45,completed
5850,23008,2026-06-17 08:55:13.938123,407.28,5,4.99,81.46,completed
5851,20288,2026-06-17 09:18:43.173385,540.99,2,0.0,54.1,cancelled
5852,10634,2026-06-17 09:30:06.485995,769.29,3,4.99,0.0,completed
5853,23793,2026-06-17 10:56:06.491356,910.35,5,4.99,91.04,completed
5854,15039,2026-06-17 11:07:59.132399,339.92,3,4.99,0.0,completed
5855,9484,2026-06-17 11:26:00.422021,1055.98,5,9.99,0.0,completed
5856,6945,2026-06-17 12:23:25.042431,115.99,1,0.0,23.2,completed
5857,10962,2026-06-17 15:02:17.400504,651.65,4,0.0,130.33,returned
5858,8511,2026-06-17 17:12:02.782281,338.06,2,9.99,0.0,completed
5859,11362,2026-06-17 18:30:29.026006,181.45,1,0.0,36.29,completed
5860,17695,2026-06-17 18:57:30.341728,137.37,1,9.99,0.0,shipped
5861,20000,2026-06-17 20:55:35.553489,455.85,5,0.0,45.59,completed
5862,16005,2026-06-17 21:10:53.475449,268.24,2,9.99,40.24,completed
5863,10768,2026-06-17 21:20:47.347748,845.63,4,9.99,0.0,completed
5864,24638,2026-06-17 21:24:19.664904,324.8,1,9.99,48.72,completed
5865,18298,2026-06-17 21:25:50.684056,455.31,2,4.99,0.0,completed
5866,15398,2026-06-17 21:47:33.366596,236.1,1,4.99,0.0,completed
5867,10835,2026-06-17 22:47:51.385959,250.84,1,0.0,0.0,completed
5868,6712,2026-06-17 23:59:31.674379,466.18,2,9.99,0.0,completed
5869,5182,2026-06-18 02:53:05.123717,750.85,4,4.99,150.17,completed
5870,2108,2026-06-18 03:26:39.554911,953.14,4,0.0,142.97,returned
5871,15457,2026-06-18 03:33:36.301241,321.23,1,4.99,0.0,completed
5872,2472,2026-06-18 06:00:10.145929,457.83,2,0.0,91.57,completed
5873,19071,2026-06-18 08:14:43.356065,1025.17,5,4.99,0.0,completed
5874,20159,2026-06-18 09:02:29.542508,908.6,4,0.0,0.0,completed
5875,21063,2026-06-18 12:22:24.572110,77.89,2,9.99,15.58,completed
5876,3087,2026-06-18 13:44:51.779929,597.45,2,9.99,59.75,completed
5877,24826,2026-06-18 14:38:04.045641,1079.62,5,9.99,0.0,shipped
5878,15880,2026-06-18 19:58:11.123180,1295.84,5,9.99,259.17,shipped
5879,10493,2026-06-18 20:35:36.615996,337.86,2,0.0,0.0,completed
5880,15957,2026-06-18 20:55:47.300846,966.0,5,9.99,0.0,cancelled
5881,7649,2026-06-18 22:22:24.239440,1227.06,5,4.99,122.71,completed
5882,13816,2026-06-18 23:29:11.408640,952.48,5,0.0,0.0,cancelled
5883,6953,2026-06-19 00:47:40.755510,324.22,1,4.99,0.0,cancelled
5884,18953,2026-06-19 02:21:36.136238,192.9,2,4.99,0.0,cancelled
5885,14586,2026-06-19 06:15:53.708406,651.43,3,0.0,130.29,completed
5886,17615,2026-06-19 08:22:45.149871,487.53,3,4.99,0.0,shipped
5887,23099,2026-06-19 08:31:55.996821,53.44,1,0.0,0.0,cancelled
5888,309,2026-06-19 09:47:49.183427,243.32,2,0.0,0.0,returned
5889,24764,2026-06-19 12:04:14.385093,887.84,5,0.0,0.0,completed
5890,10731,2026-06-19 12:17:16.931703,651.84,4,4.99,0.0,returned
5891,13106,2026-06-19 12:39:10.257976,674.26,3,0.0,101.14,completed
5892,5428,2026-06-19 14:16:03.304105,740.86,5,4.99,0.0,completed
5893,20271,2026-06-19 15:17:38.147669,866.61,4,9.99,173.32,completed
5894,9423,2026-06-19 17:36:44.888804,118.88,1,9.99,0.0,completed
5895,15755,2026-06-19 18:44:10.156364,1055.81,4,4.99,0.0,completed
5896,20373,2026-06-19 18:47:22.103854,842.88,5,0.0,0.0,completed
5897,4612,2026-06-19 20:11:19.383894,518.38,2,9.99,0.0,completed
5898,5716,2026-06-19 21:31:07.593887,234.41,3,9.99,35.16,completed
5899,16246,2026-06-19 21:34:00.743439,720.28,5,9.99,0.0,completed
5900,11430,2026-06-19 21:55:04.876632,642.46,4,0.0,0.0,completed
5901,23301,2026-06-19 22:42:20.545439,163.29,2,0.0,0.0,completed
5902,14108,2026-06-19 23:06:15.349078,865.11,4,9.99,129.77,completed
5903,14793,2026-06-20 00:20:34.945252,516.33,2,0.0,103.27,completed
5904,20599,2026-06-20 00:38:57.261428,541.55,2,0.0,108.31,completed
5905,19364,2026-06-20 00:57:45.069314,958.37,5,0.0,0.0,returned
5906,9882,2026-06-20 01:04:57.474767,781.26,4,9.99,78.13,completed
5907,12658,2026-06-20 03:56:39.214908,515.31,2,9.99,0.0,completed
5908,20251,2026-06-20 04:35:25.963280,193.62,1,0.0,0.0,cancelled
5909,13247,2026-06-20 04:46:14.224566,823.25,4,9.99,164.65,completed
5910,3294,2026-06-20 06:32:03.232010,409.14,3,9.99,81.83,completed
5911,14600,2026-06-20 06:37:39.760535,869.95,3,4.99,130.49,shipped
5912,15226,2026-06-20 09:52:17.077969,692.46,4,0.0,103.87,completed
5913,20182,2026-06-20 11:25:03.499339,369.55,2,9.99,0.0,completed
5914,19650,2026-06-20 13:27:24.179165,579.14,2,0.0,115.83,cancelled
5915,3229,2026-06-20 17:05:38.351239,974.77,5,9.99,146.22,completed
5916,20978,2026-06-20 18:53:11.467650,542.71,2,4.99,54.27,shipped
5917,14090,2026-06-20 19:29:52.348423,791.92,4,9.99,0.0,returned
5918,8303,2026-06-20 19:59:38.646071,662.53,5,9.99,0.0,shipped
5919,15193,2026-06-20 21:37:38.461554,164.24,1,0.0,16.42,returned
5920,10855,2026-06-20 21:43:50.601293,479.46,2,4.99,95.89,completed
5921,12105,2026-06-20 22:43:01.841387,554.95,2,0.0,55.5,completed
5922,17534,2026-06-20 22:50:25.216856,206.38,2,9.99,20.64,completed
5923,1355,2026-06-21 01:42:42.214145,350.21,2,0.0,52.53,shipped
5924,15685,2026-06-21 01:58:49.391840,1180.7,5,4.99,0.0,completed
5925,1864,2026-06-21 02:35:42.159294,297.66,2,0.0,59.53,completed
5926,12010,2026-06-21 02:43:49.941834,147.87,1,4.99,0.0,completed
5927,15953,2026-06-21 02:57:10.494620,103.98,1,9.99,10.4,completed
5928,20413,2026-06-21 03:22:54.464234,22.8,1,9.99,0.0,cancelled
5929,24628,2026-06-21 05:46:04.667058,411.89,3,9.99,41.19,shipped
5930,16052,2026-06-21 07:46:41.427697,966.47,5,0.0,0.0,completed
5931,21829,2026-06-21 08:54:41.848975,257.48,2,0.0,0.0,completed
5932,21926,2026-06-21 09:45:02.031366,803.18,3,4.99,0.0,completed
5933,16211,2026-06-21 11:54:41.086699,596.99,4,4.99,119.4,completed
5934,4420,2026-06-21 14:48:00.967659,496.83,2,9.99,0.0,completed
5935,4174,2026-06-21 16:24:30.858199,540.11,5,4.99,0.0,completed
5936,2202,2026-06-21 16:35:11.297793,260.11,1,4.99,0.0,completed
5937,15681,2026-06-21 17:30:03.871512,958.98,3,0.0,191.8,shipped
5938,23952,2026-06-21 20:29:05.209021,346.34,2,0.0,0.0,completed
5939,671,2026-06-21 21:38:12.440042,404.84,4,4.99,0.0,completed
5940,7445,2026-06-21 23:42:34.518370,317.64,2,9.99,0.0,completed
5941,3220,2026-06-22 01:55:27.781638,412.02,2,0.0,82.4,completed
5942,21860,2026-06-22 02:50:22.224851,797.91,4,4.99,0.0,completed
5943,1344,2026-06-22 03:05:49.283553,283.28,2,0.0,0.0,completed
5944,21415,2026-06-22 03:21:53.103872,656.92,2,0.0,131.38,completed
5945,2285,2026-06-22 03:44:11.907297,364.18,2,4.99,54.63,completed
5946,8871,2026-06-22 04:28:18.603384,89.19,1,0.0,0.0,completed
5947,18156,2026-06-22 04:44:51.107414,122.88,1,4.99,0.0,cancelled
5948,12392,2026-06-22 06:21:22.551230,916.79,5,9.99,183.36,completed
5949,3028,2026-06-22 06:40:48.969170,778.02,3,0.0,116.7,completed
5950,22389,2026-06-22 13:25:39.952017,772.94,4,4.99,77.29,completed
5951,12140,2026-06-22 13:31:58.911937,172.91,2,4.99,0.0,completed
5952,24077,2026-06-22 13:52:00.082191,460.46,4,4.99,46.05,completed
5953,13966,2026-06-22 14:05:39.480362,88.68,1,4.99,0.0,completed
5954,22853,2026-06-22 14:34:34.512336,101.64,1,4.99,10.16,completed
5955,11290,2026-06-22 16:32:49.067806,452.2,2,9.99,0.0,completed
5956,19498,2026-06-22 16:58:53.176569,459.78,3,9.99,91.96,completed
5957,922,2026-06-22 17:44:32.326965,148.41,1,4.99,14.84,completed
5958,24908,2026-06-22 18:29:29.810949,246.79,1,0.0,0.0,completed
5959,2324,2026-06-22 21:05:52.639317,340.53,1,0.0,0.0,shipped
5960,147,2026-06-22 23:07:36.037499,755.86,4,4.99,113.38,cancelled
5961,17222,2026-06-22 23:09:54.786203,508.02,3,4.99,50.8,completed
5962,13107,2026-06-22 23:12:57.446112,708.86,4,4.99,141.77,returned
5963,20567,2026-06-23 00:18:55.281695,164.35,1,9.99,0.0,completed
5964,21829,2026-06-23 00:19:22.611963,937.52,3,9.99,93.75,completed
5965,21834,2026-06-23 02:11:50.554266,669.09,5,9.99,100.36,cancelled
5966,22513,2026-06-23 02:19:56.866165,452.13,2,9.99,67.82,completed
5967,9829,2026-06-23 02:44:51.120867,717.59,5,4.99,0.0,completed
5968,1577,2026-06-23 03:23:56.044135,364.94,2,0.0,54.74,completed
5969,15105,2026-06-23 03:25:37.190125,201.36,2,9.99,0.0,completed
5970,2288,2026-06-23 06:48:02.156197,45.53,1,4.99,0.0,shipped
5971,8650,2026-06-23 06:57:45.485117,461.28,4,4.99,0.0,completed
5972,12742,2026-06-23 10:52:58.274887,1174.8,5,9.99,0.0,completed
5973,12622,2026-06-23 12:53:56.018363,606.63,3,4.99,0.0,completed
5974,24657,2026-06-23 13:22:23.974127,886.88,4,4.99,88.69,cancelled
5975,2577,2026-06-23 14:52:30.779281,957.38,5,0.0,143.61,completed
5976,12073,2026-06-23 14:59:59.358838,704.27,5,9.99,0.0,completed
5977,13299,2026-06-23 15:47:37.568056,224.21,1,4.99,44.84,completed
5978,4932,2026-06-23 15:48:46.925104,408.62,2,4.99,81.72,completed
5979,5942,2026-06-23 16:18:21.982675,851.41,3,0.0,85.14,completed
5980,10806,2026-06-23 16:46:05.249270,1054.74,5,4.99,105.47,shipped
5981,18305,2026-06-23 19:48:44.642867,373.99,2,9.99,0.0,completed
5982,22702,2026-06-23 21:55:55.059332,304.63,2,0.0,0.0,returned
5983,4525,2026-06-23 22:42:03.248381,207.55,1,4.99,0.0,completed
5984,2084,2026-06-23 23:38:18.595818,429.41,2,0.0,0.0,completed
5985,19656,2026-06-23 23:48:30.582932,929.65,4,9.99,139.45,cancelled
5986,15151,2026-06-24 00:41:23.170146,310.57,1,9.99,0.0,returned
5987,13290,2026-06-24 00:54:19.108905,609.71,5,9.99,60.97,completed
5988,10227,2026-06-24 03:13:31.556921,558.24,2,4.99,0.0,completed
5989,8196,2026-06-24 04:34:14.537218,114.63,1,4.99,0.0,completed
5990,11146,2026-06-24 06:10:35.712608,462.06,3,0.0,0.0,completed
5991,12279,2026-06-24 06:34:43.308529,288.94,2,0.0,43.34,completed
5992,14387,2026-06-24 07:51:38.828921,73.12,1,9.99,14.62,shipped
5993,18691,2026-06-24 08:06:40.769262,457.29,2,0.0,91.46,completed
5994,4232,2026-06-24 09:00:20.440883,998.82,5,0.0,149.82,completed
5995,1577,2026-06-24 09:45:39.504098,539.67,2,9.99,80.95,completed
5996,24813,2026-06-24 10:53:10.491549,316.94,3,9.99,31.69,shipped
5997,6061,2026-06-24 13:03:05.349932,647.29,4,4.99,97.09,completed
5998,15363,2026-06-24 13:24:48.212942,455.03,3,9.99,0.0,completed
5999,9886,2026-06-24 15:20:19.318791,263.71,2,4.99,26.37,returned
6000,15924,2026-06-24 15:21:16.159308,419.02,3,9.99,83.8,completed
6001,22230,2026-06-24 16:11:24.481539,77.1,1,0.0,15.42,completed
6002,7898,2026-06-24 17:15:45.490735,222.29,3,4.99,44.46,returned
6003,12875,2026-06-24 19:37:50.812632,830.3,5,9.99,124.54,completed
6004,21543,2026-06-24 20:35:44.989366,259.76,1,4.99,38.96,cancelled
6005,11004,2026-06-24 22:53:17.320575,254.56,1,4.99,0.0,shipped
6006,2255,2026-06-24 23:11:20.015784,422.92,2,9.99,0.0,cancelled
6007,17249,2026-06-24 23:17:13.791705,254.21,2,4.99,0.0,completed
6008,11193,2026-06-24 23:51:52.024596,464.33,2,4.99,46.43,completed
6009,5108,2026-06-24 23:53:37.429579,441.28,2,0.0,0.0,completed
6010,10030,2026-06-25 00:03:56.302328,168.73,1,0.0,0.0,shipped
6011,4007,2026-06-25 00:09:48.278927,341.47,1,0.0,51.22,cancelled
6012,10962,2026-06-25 00:37:45.317789,103.6,1,4.99,10.36,completed
6013,11376,2026-06-25 05:34:10.684043,945.05,5,4.99,141.76,completed
6014,1417,2026-06-25 09:55:32.812784,267.61,1,0.0,0.0,completed
6015,15590,2026-06-25 10:44:40.086037,453.53,2,4.99,90.71,completed
6016,17230,2026-06-25 12:17:58.812375,511.08,3,0.0,76.66,cancelled
6017,18264,2026-06-25 13:23:12.868292,19.46,1,4.99,0.0,completed
6018,10813,2026-06-25 16:37:12.060955,66.57,1,0.0,0.0,completed
6019,20678,2026-06-25 16:46:27.625126,194.92,3,4.99,0.0,completed
6020,254,2026-06-25 17:07:57.179780,721.1,4,4.99,0.0,completed
6021,6402,2026-06-25 17:18:58.808162,1516.44,5,4.99,303.29,cancelled
6022,13472,2026-06-25 19:42:05.106605,412.7,2,4.99,82.54,completed
6023,23753,2026-06-25 20:46:23.162072,857.03,3,9.99,85.7,completed
6024,11970,2026-06-25 22:42:45.562924,866.13,5,9.99,129.92,completed
6025,14376,2026-06-26 00:05:36.269251,158.43,1,0.0,0.0,completed
6026,19650,2026-06-26 00:43:01.585670,881.2,5,4.99,0.0,completed
6027,4840,2026-06-26 02:39:38.995894,757.36,4,0.0,75.74,shipped
6028,12319,2026-06-26 05:03:22.546582,233.17,1,0.0,34.98,completed
6029,18786,2026-06-26 06:25:20.130646,269.36,2,4.99,26.94,completed
6030,8254,2026-06-26 06:45:06.436908,276.25,2,9.99,0.0,shipped
6031,6661,2026-06-26 08:53:42.838878,755.25,3,0.0,151.05,completed
6032,12212,2026-06-26 11:11:21.899151,376.64,2,4.99,0.0,cancelled
6033,21512,2026-06-26 14:09:09.695081,257.96,1,4.99,0.0,completed
6034,22887,2026-06-26 19:41:37.867405,869.87,5,0.0,86.99,completed
6035,12717,2026-06-26 21:02:29.233081,495.37,2,9.99,49.54,completed
6036,9408,2026-06-26 22:38:41.489119,858.25,4,0.0,0.0,returned
6037,22378,2026-06-27 01:50:46.055237,333.56,1,4.99,33.36,completed
6038,1955,2026-06-27 02:11:01.775313,1394.38,5,0.0,209.16,cancelled
6039,10415,2026-06-27 02:53:34.586684,474.52,4,4.99,47.45,shipped
6040,13568,2026-06-27 02:56:24.139099,132.42,2,0.0,13.24,completed
6041,10738,2026-06-27 04:19:06.416451,552.2,3,0.0,0.0,completed
6042,11540,2026-06-27 05:21:34.221066,706.52,3,9.99,105.98,shipped
6043,6038,2026-06-27 06:13:11.086760,289.33,1,9.99,43.4,completed
6044,17128,2026-06-27 08:31:25.678978,370.87,2,9.99,37.09,cancelled
6045,12263,2026-06-27 10:52:17.668993,811.91,3,0.0,121.79,shipped
6046,3959,2026-06-27 11:10:41.722850,879.45,3,9.99,0.0,completed
6047,8551,2026-06-27 12:00:49.143303,337.62,2,0.0,0.0,completed
6048,16320,2026-06-27 19:21:59.830200,153.42,2,4.99,15.34,cancelled
6049,9391,2026-06-27 19:26:54.905371,574.23,4,9.99,0.0,completed
6050,19328,2026-06-27 21:47:44.784742,310.18,1,4.99,0.0,completed
6051,7772,2026-06-28 01:17:13.094620,77.95,1,0.0,11.69,completed
6052,5096,2026-06-28 03:59:38.371144,285.93,2,9.99,0.0,completed
6053,1064,2026-06-28 04:26:26.456314,1081.67,5,0.0,0.0,returned
6054,5627,2026-06-28 06:34:22.179422,943.99,3,0.0,0.0,completed
6055,15832,2026-06-28 07:29:58.036075,401.7,3,0.0,60.25,completed
6056,10474,2026-06-28 08:16:38.376918,256.1,1,0.0,25.61,returned
6057,13502,2026-06-28 08:17:02.572608,328.87,3,0.0,32.89,cancelled
6058,23115,2026-06-28 10:31:38.406364,494.59,3,4.99,0.0,shipped
6059,6368,2026-06-28 11:21:57.115772,661.76,4,0.0,0.0,completed
6060,20587,2026-06-28 14:18:06.425456,1185.8,5,9.99,0.0,completed
6061,8141,2026-06-28 14:59:12.538986,814.66,4,4.99,122.2,completed
6062,2898,2026-06-28 16:07:08.339489,500.72,2,9.99,0.0,returned
6063,18775,2026-06-28 16:43:10.400845,441.71,3,4.99,0.0,completed
6064,3969,2026-06-28 17:17:27.694178,855.26,5,0.0,171.05,completed
6065,10275,2026-06-28 18:28:02.724125,301.84,1,9.99,45.28,cancelled
6066,11801,2026-06-28 18:37:10.100082,584.46,4,9.99,116.89,cancelled
6067,20720,2026-06-28 18:40:42.723561,1002.57,4,9.99,150.39,completed
6068,18403,2026-06-28 19:25:14.153901,832.66,4,0.0,124.9,completed
6069,11937,2026-06-28 21:26:38.941861,805.79,5,4.99,0.0,shipped
6070,21957,2026-06-28 22:27:17.288989,699.17,4,9.99,0.0,completed
6071,19184,2026-06-28 22:46:21.664696,988.96,5,4.99,98.9,completed
6072,537,2026-06-28 23:13:51.667071,262.92,4,4.99,0.0,completed
6073,21829,2026-06-29 04:10:41.417092,1198.93,5,0.0,0.0,completed
6074,24816,2026-06-29 05:08:00.455280,327.62,1,0.0,32.76,completed
6075,8401,2026-06-29 08:49:40.497242,584.47,3,0.0,116.89,completed
6076,7106,2026-06-29 09:04:50.233171,517.82,2,4.99,0.0,completed
6077,24333,2026-06-29 10:36:04.369841,461.0,3,4.99,0.0,completed
6078,270,2026-06-29 11:37:00.546676,688.52,4,0.0,0.0,completed
6079,9937,2026-06-29 11:56:32.104529,308.35,2,0.0,0.0,cancelled
6080,3717,2026-06-29 11:56:33.191627,1049.47,5,9.99,209.89,returned
6081,16679,2026-06-29 12:05:21.252314,338.06,2,4.99,0.0,cancelled
6082,1051,2026-06-29 12:52:51.182708,655.92,3,4.99,65.59,cancelled
6083,14912,2026-06-29 13:08:43.957826,453.71,3,4.99,0.0,completed
6084,18802,2026-06-29 13:49:46.159690,717.03,3,4.99,107.55,returned
6085,19078,2026-06-29 14:33:13.745643,165.03,1,4.99,33.01,completed
6086,17967,2026-06-29 15:54:01.779667,452.17,3,0.0,45.22,completed
6087,24956,2026-06-29 18:54:16.790366,261.67,1,9.99,0.0,completed
6088,17015,2026-06-29 19:41:08.523042,642.81,4,0.0,64.28,shipped
6089,14016,2026-06-29 19:56:51.220534,453.83,2,9.99,0.0,completed
6090,14086,2026-06-29 20:06:07.317754,171.84,1,0.0,34.37,completed
6091,837,2026-06-29 20:11:35.519029,289.53,1,4.99,0.0,completed
6092,18264,2026-06-29 21:47:05.670049,153.5,1,4.99,0.0,completed
6093,22262,2026-06-29 23:41:20.359259,634.67,2,4.99,63.47,completed
6094,9818,2026-06-30 01:17:43.604158,879.45,5,0.0,0.0,completed
6095,18400,2026-06-30 01:49:10.567052,640.83,4,9.99,96.12,completed
6096,18848,2026-06-30 03:53:14.757145,562.97,3,4.99,0.0,completed
6097,17308,2026-06-30 05:18:53.103781,915.68,4,4.99,0.0,shipped
6098,24653,2026-06-30 06:53:46.831425,751.79,5,0.0,0.0,completed
6099,20025,2026-06-30 09:41:33.148037,701.7,5,9.99,105.26,completed
6100,19422,2026-06-30 10:12:52.441683,558.19,3,9.99,83.73,completed
6101,24055,2026-06-30 10:50:46.035034,696.36,4,4.99,69.64,completed
6102,24999,2026-06-30 11:56:37.963296,678.87,3,4.99,67.89,completed
6103,6779,2026-06-30 15:31:06.625481,166.92,1,0.0,0.0,completed
6104,10944,2026-06-30 18:47:15.901076,173.2,1,0.0,0.0,completed
6105,11970,2026-06-30 19:05:24.466487,143.62,1,9.99,14.36,completed
6106,6114,2026-06-30 20:20:49.942713,49.12,1,9.99,0.0,completed
6107,18847,2026-06-30 21:47:00.457252,204.94,1,9.99,20.49,completed
6108,23222,2026-06-30 21:56:52.226194,587.68,3,9.99,0.0,completed
6109,4478,2026-06-30 22:51:08.197828,669.09,4,0.0,0.0,cancelled
6110,14766,2026-06-30 23:06:08.540688,292.18,2,0.0,29.22,completed
6111,17798,2026-06-30 23:57:00.313160,601.5,4,4.99,0.0,completed
6112,5321,2026-07-01 01:55:10.793668,428.94,3,4.99,64.34,completed
6113,1743,2026-07-01 04:55:04.836739,148.99,2,0.0,0.0,completed
6114,21474,2026-07-01 05:07:54.901834,293.67,2,0.0,0.0,shipped
6115,21473,2026-07-01 05:32:05.707825,349.83,2,4.99,34.98,completed
6116,20671,2026-07-01 05:37:08.279844,909.35,5,0.0,90.94,shipped
6117,3508,2026-07-01 07:08:45.159343,468.84,3,4.99,0.0,completed
6118,20246,2026-07-01 07:53:07.803453,635.85,3,0.0,0.0,completed
6119,1569,2026-07-01 07:58:30.131117,369.59,2,0.0,36.96,completed
6120,22399,2026-07-01 11:40:53.112818,485.09,5,4.99,72.76,completed
6121,6464,2026-07-01 13:25:05.993507,388.72,2,4.99,77.74,completed
6122,1714,2026-07-01 13:29:57.922505,1168.52,4,4.99,116.85,completed
6123,14793,2026-07-01 15:01:50.009822,240.15,2,9.99,0.0,shipped
6124,1741,2026-07-01 17:54:02.214811,768.42,3,9.99,0.0,completed
6125,14462,2026-07-01 18:15:55.376296,844.02,5,4.99,0.0,completed
6126,12330,2026-07-01 20:40:02.940684,621.19,5,0.0,0.0,shipped
6127,2758,2026-07-01 20:53:18.736329,407.68,2,9.99,81.54,completed
6128,4042,2026-07-01 22:27:25.107522,187.56,2,4.99,0.0,shipped
6129,6473,2026-07-01 22:46:35.368181,465.02,3,4.99,69.75,completed
6130,2525,2026-07-01 23:31:33.269235,1196.41,5,0.0,239.28,shipped
6131,12243,2026-07-01 23:56:32.281267,234.43,1,4.99,0.0,completed
6132,2152,2026-07-02 02:00:39.787535,424.32,3,4.99,84.86,completed
6133,9833,2026-07-02 02:37:16.922626,99.13,1,9.99,19.83,completed
6134,1514,2026-07-02 04:41:30.012016,575.65,4,0.0,115.13,completed
6135,23457,2026-07-02 05:23:02.139425,715.37,5,9.99,0.0,completed
6136,4437,2026-07-02 05:55:13.891366,647.62,4,4.99,0.0,shipped
6137,4096,2026-07-02 06:01:25.125265,717.59,3,0.0,107.64,completed
6138,10108,2026-07-02 06:10:00.742149,651.53,3,9.99,97.73,completed
6139,17693,2026-07-02 09:33:59.438531,319.81,3,9.99,31.98,completed
6140,13649,2026-07-02 10:14:30.842620,932.36,3,4.99,0.0,completed
6141,2864,2026-07-02 11:11:23.791996,665.09,3,9.99,0.0,cancelled
6142,20188,2026-07-02 11:15:55.226640,325.47,1,9.99,0.0,completed
6143,6821,2026-07-02 12:45:06.190775,649.56,4,4.99,0.0,completed
6144,13131,2026-07-02 13:48:48.408086,298.97,3,9.99,29.9,completed
6145,22666,2026-07-02 14:43:37.733852,443.21,4,9.99,0.0,cancelled
6146,19133,2026-07-02 15:39:21.512686,292.51,1,4.99,0.0,returned
6147,21488,2026-07-02 16:47:17.992712,360.02,2,0.0,54.0,completed
6148,24068,2026-07-02 17:21:32.859899,765.53,5,0.0,153.11,completed
6149,10310,2026-07-02 19:55:23.722853,51.16,1,4.99,0.0,completed
6150,4740,2026-07-02 19:57:29.217653,402.71,3,4.99,60.41,returned
6151,20674,2026-07-02 20:38:19.236384,782.26,4,9.99,117.34,completed
6152,8834,2026-07-02 21:57:02.750983,457.97,2,0.0,0.0,completed
6153,20914,2026-07-02 22:01:33.874935,829.73,4,9.99,0.0,completed
6154,21196,2026-07-02 22:52:45.923371,321.27,1,4.99,64.25,completed
6155,16909,2026-07-02 23:07:31.573859,486.72,3,0.0,73.01,completed
6156,13167,2026-07-02 23:43:19.819537,833.72,5,0.0,83.37,completed
6157,8099,2026-07-03 00:00:18.461515,969.34,4,9.99,0.0,shipped
6158,5742,2026-07-03 01:21:23.578604,286.71,1,4.99,57.34,completed
6159,13563,2026-07-03 01:54:56.664597,664.44,3,0.0,132.89,completed
6160,6981,2026-07-03 02:27:41.982105,697.99,3,9.99,0.0,completed
6161,6473,2026-07-03 02:38:36.254332,477.01,3,4.99,0.0,completed
6162,23845,2026-07-03 02:55:13.882759,634.37,5,0.0,63.44,completed
6163,1131,2026-07-03 03:36:31.614809,382.6,3,4.99,0.0,completed
6164,20088,2026-07-03 04:54:20.871612,493.0,4,0.0,0.0,completed
6165,11739,2026-07-03 05:16:49.207423,544.82,4,4.99,0.0,completed
6166,8389,2026-07-03 06:48:02.068691,709.59,4,9.99,0.0,completed
6167,13070,2026-07-03 06:49:25.478176,714.84,3,9.99,0.0,completed
6168,10806,2026-07-03 11:09:35.719366,341.46,1,9.99,51.22,shipped
6169,12046,2026-07-03 11:16:43.415661,28.53,1,9.99,2.85,completed
6170,16490,2026-07-03 12:14:31.715368,1010.57,4,9.99,101.06,completed
6171,19226,2026-07-03 12:26:57.777297,51.45,1,9.99,0.0,shipped
6172,16758,2026-07-03 13:05:59.977616,209.93,1,0.0,20.99,completed
6173,16306,2026-07-03 14:55:27.694296,98.29,1,9.99,0.0,completed
6174,12596,2026-07-03 15:58:07.943083,307.07,1,9.99,0.0,shipped
6175,24416,2026-07-03 18:22:40.653887,948.66,5,0.0,0.0,completed
6176,15166,2026-07-03 18:42:59.652591,757.23,3,9.99,151.45,completed
6177,8099,2026-07-03 21:08:24.060866,98.83,1,0.0,9.88,completed
6178,14387,2026-07-03 21:26:13.060983,260.7,1,4.99,0.0,completed
6179,2045,2026-07-03 22:40:39.992804,1099.74,5,0.0,0.0,completed
6180,9897,2026-07-03 23:57:42.024767,528.93,2,9.99,79.34,completed
6181,11807,2026-07-04 00:46:12.915534,562.14,5,0.0,0.0,completed
6182,3619,2026-07-04 01:34:46.059209,722.06,4,4.99,0.0,shipped
6183,10714,2026-07-04 03:21:45.889277,68.31,1,9.99,6.83,completed
6184,16279,2026-07-04 03:31:22.877386,29.8,1,9.99,5.96,completed
6185,18147,2026-07-04 04:02:47.722275,791.84,4,9.99,0.0,completed
6186,4257,2026-07-04 04:28:39.468425,746.17,3,0.0,0.0,returned
6187,11078,2026-07-04 05:29:33.720110,469.02,3,0.0,70.35,shipped
6188,2255,2026-07-04 05:48:29.890745,111.33,1,0.0,0.0,completed
6189,16566,2026-07-04 05:55:59.041989,270.88,1,9.99,54.18,completed
6190,21383,2026-07-04 08:52:28.060867,492.63,3,0.0,73.89,completed
6191,5663,2026-07-04 09:15:18.120040,159.26,1,9.99,0.0,shipped
6192,3087,2026-07-04 11:11:31.728659,573.78,3,4.99,114.76,completed
6193,10472,2026-07-04 11:50:18.844853,372.84,2,4.99,0.0,returned
6194,224,2026-07-04 13:57:40.630414,228.03,3,9.99,22.8,completed
6195,15758,2026-07-04 14:18:21.523632,659.39,2,9.99,0.0,completed
6196,7795,2026-07-04 16:36:46.756809,303.87,1,0.0,0.0,completed
6197,2545,2026-07-04 17:55:53.185010,280.33,1,0.0,56.07,completed
6198,8010,2026-07-04 18:38:07.011142,374.16,4,0.0,74.83,completed
6199,814,2026-07-04 23:11:32.913823,609.98,3,4.99,122.0,completed
6200,12827,2026-07-04 23:38:14.062021,321.18,2,0.0,0.0,completed
6201,966,2026-07-05 01:23:39.769728,197.53,1,4.99,0.0,completed
6202,21270,2026-07-05 01:34:48.767044,122.71,2,0.0,0.0,completed
6203,17938,2026-07-05 01:46:42.472974,553.81,3,0.0,0.0,completed
6204,10579,2026-07-05 02:41:20.969465,657.69,4,0.0,0.0,completed
6205,247,2026-07-05 06:59:21.646113,417.42,2,4.99,0.0,completed
6206,10335,2026-07-05 07:33:59.132537,84.6,1,4.99,0.0,shipped
6207,2891,2026-07-05 09:54:05.877403,177.04,1,4.99,26.56,cancelled
6208,18655,2026-07-05 10:53:56.327237,42.12,1,9.99,0.0,completed
6209,19236,2026-07-05 12:01:57.600412,280.49,2,0.0,28.05,completed
6210,17228,2026-07-05 14:09:42.041549,86.89,1,4.99,17.38,completed
6211,224,2026-07-05 17:07:04.344224,678.96,4,4.99,0.0,completed
6212,17615,2026-07-05 19:06:04.100125,524.42,3,0.0,0.0,completed
6213,4143,2026-07-05 20:13:56.848666,438.13,2,0.0,0.0,completed
6214,17864,2026-07-05 20:36:55.918532,760.14,5,9.99,152.03,completed
6215,9612,2026-07-05 20:39:57.460187,99.34,2,0.0,0.0,shipped
6216,11614,2026-07-05 22:05:21.747340,1026.19,5,0.0,0.0,shipped
6217,17738,2026-07-05 22:12:23.050638,370.21,2,4.99,0.0,completed
6218,15616,2026-07-05 22:45:13.673999,1037.39,5,0.0,0.0,shipped
6219,14793,2026-07-05 23:18:34.160532,892.12,5,9.99,0.0,completed
6220,13649,2026-07-05 23:26:48.847511,504.6,3,0.0,0.0,completed
6221,12105,2026-07-05 23:34:41.772176,542.86,4,4.99,0.0,completed
6222,11614,2026-07-06 00:02:27.039103,505.56,2,0.0,0.0,cancelled
6223,24169,2026-07-06 00:05:16.997129,542.14,4,0.0,108.43,shipped
6224,7836,2026-07-06 00:25:47.064656,506.11,3,9.99,0.0,completed
6225,984,2026-07-06 03:15:48.278640,1236.63,5,4.99,0.0,completed
6226,21392,2026-07-06 04:07:22.811379,1023.62,4,0.0,153.54,completed
6227,9966,2026-07-06 04:12:33.218976,45.78,1,4.99,0.0,completed
6228,6521,2026-07-06 04:32:09.636227,122.16,2,4.99,0.0,completed
6229,12882,2026-07-06 04:46:20.206573,613.87,3,4.99,0.0,returned
6230,13288,2026-07-06 05:07:58.408923,397.39,2,4.99,79.48,completed
6231,10754,2026-07-06 06:47:35.546082,937.16,5,4.99,0.0,cancelled
6232,10472,2026-07-06 07:34:47.481944,463.18,2,0.0,0.0,completed
6233,6629,2026-07-06 08:45:25.482344,997.99,4,4.99,199.6,completed
6234,19339,2026-07-06 09:39:12.792895,25.52,1,4.99,0.0,cancelled
6235,14087,2026-07-06 09:57:09.393449,839.78,4,0.0,0.0,completed
6236,13562,2026-07-06 11:09:36.850651,915.58,3,9.99,137.34,completed
6237,17663,2026-07-06 13:06:20.689602,1388.51,5,4.99,208.28,completed
6238,19220,2026-07-06 14:25:44.481111,608.63,5,0.0,0.0,completed
6239,671,2026-07-06 15:12:31.302994,932.3,4,0.0,186.46,completed
6240,1811,2026-07-06 17:16:42.675159,427.88,3,9.99,64.18,completed
6241,5344,2026-07-06 17:41:49.986399,999.55,4,0.0,99.95,shipped
6242,18264,2026-07-06 18:03:35.713618,791.31,5,9.99,158.26,cancelled
6243,13900,2026-07-06 18:57:39.712924,748.57,4,0.0,74.86,completed
6244,7772,2026-07-06 19:03:57.293767,319.46,1,0.0,63.89,completed
6245,8423,2026-07-06 20:53:14.475980,1230.61,5,4.99,246.12,shipped
6246,10978,2026-07-06 23:11:54.532577,181.94,1,0.0,27.29,cancelled
6247,19306,2026-07-06 23:37:28.144525,403.12,5,9.99,0.0,cancelled
6248,3899,2026-07-07 00:59:32.647143,279.81,2,0.0,0.0,shipped
6249,17287,2026-07-07 01:00:30.039920,300.69,4,4.99,0.0,completed
6250,19519,2026-07-07 01:03:34.511982,67.33,1,9.99,0.0,completed
6251,15840,2026-07-07 02:31:52.712497,390.69,2,0.0,58.6,completed
6252,19291,2026-07-07 03:44:30.863151,1009.72,4,9.99,0.0,completed
6253,6174,2026-07-07 03:45:53.098097,1168.76,5,0.0,116.88,completed
6254,10697,2026-07-07 06:03:49.171947,161.6,2,0.0,0.0,cancelled
6255,11561,2026-07-07 06:38:52.625660,282.89,1,9.99,28.29,completed
6256,7003,2026-07-07 06:50:51.018138,989.05,4,4.99,98.91,completed
6257,16946,2026-07-07 07:47:32.240469,610.73,3,9.99,0.0,completed
6258,12487,2026-07-07 08:53:14.334132,180.31,1,4.99,36.06,cancelled
6259,16829,2026-07-07 09:17:03.969623,727.84,5,9.99,109.18,completed
6260,11315,2026-07-07 09:52:21.207516,837.43,5,0.0,0.0,completed
6261,15371,2026-07-07 12:10:52.193931,786.03,5,9.99,0.0,cancelled
6262,937,2026-07-07 12:32:31.957119,916.68,5,0.0,0.0,completed
6263,12835,2026-07-07 14:13:14.661908,765.32,5,4.99,153.06,completed
6264,1037,2026-07-07 14:29:44.844834,130.51,1,9.99,0.0,completed
6265,9834,2026-07-07 14:31:53.809405,411.69,4,9.99,82.34,completed
6266,17262,2026-07-07 14:41:37.909170,620.03,4,0.0,0.0,shipped
6267,24764,2026-07-07 16:52:57.825099,131.11,1,0.0,19.67,completed
6268,7795,2026-07-07 17:47:24.680384,642.93,4,9.99,128.59,completed
6269,2283,2026-07-07 18:52:39.074838,418.51,3,9.99,83.7,completed
6270,7013,2026-07-07 19:25:40.203021,870.33,4,9.99,0.0,completed
6271,16191,2026-07-07 19:46:56.508139,1046.21,4,4.99,0.0,completed
6272,3900,2026-07-07 21:06:42.833871,513.07,4,4.99,102.61,completed
6273,14930,2026-07-07 21:26:40.384668,42.49,1,0.0,6.37,cancelled
6274,22191,2026-07-07 22:02:07.372835,593.4,4,9.99,59.34,completed
6275,10224,2026-07-07 23:29:28.347832,235.75,3,4.99,35.36,completed
6276,17322,2026-07-07 23:49:45.135480,204.44,3,0.0,20.44,completed
6277,16387,2026-07-08 02:49:05.499401,1197.28,5,0.0,0.0,completed
6278,21639,2026-07-08 02:55:17.508086,237.06,2,4.99,47.41,completed
6279,10727,2026-07-08 06:56:58.728277,266.35,2,0.0,53.27,completed
6280,5366,2026-07-08 08:12:54.332227,655.46,3,9.99,98.32,returned
6281,2745,2026-07-08 08:25:55.216552,70.95,1,0.0,14.19,completed
6282,9086,2026-07-08 08:33:42.021809,319.29,4,4.99,31.93,shipped
6283,4979,2026-07-08 09:22:52.041952,395.92,3,9.99,0.0,completed
6284,9396,2026-07-08 09:46:50.899822,248.47,1,4.99,0.0,completed
6285,7272,2026-07-08 10:35:16.121577,312.7,1,9.99,0.0,completed
6286,23005,2026-07-08 10:42:33.434848,89.5,1,0.0,0.0,completed
6287,9548,2026-07-08 11:49:03.078277,604.42,3,4.99,90.66,cancelled
6288,12655,2026-07-08 13:02:09.656173,728.51,3,4.99,0.0,completed
6289,13577,2026-07-08 15:05:46.108570,405.55,3,4.99,40.56,completed
6290,7795,2026-07-08 16:09:26.162841,309.42,1,4.99,0.0,returned
6291,13860,2026-07-08 16:43:48.817643,489.91,4,9.99,48.99,completed
6292,9302,2026-07-08 17:11:43.686667,200.36,1,0.0,20.04,completed
6293,16038,2026-07-08 17:26:36.189925,975.0,5,0.0,0.0,shipped
6294,6287,2026-07-08 18:45:02.462776,528.58,2,9.99,79.29,completed
6295,22060,2026-07-08 18:48:58.800721,383.53,2,0.0,0.0,returned
6296,8798,2026-07-08 18:49:11.831559,900.48,5,4.99,0.0,completed
6297,16690,2026-07-08 19:15:35.636713,907.9,4,0.0,90.79,returned
6298,19372,2026-07-08 22:15:44.613228,251.29,2,4.99,50.26,shipped
6299,23244,2026-07-08 22:55:07.687181,610.31,3,0.0,0.0,completed
6300,2566,2026-07-08 23:31:48.710281,255.02,1,0.0,0.0,completed
6301,20700,2026-07-09 02:07:40.357872,1300.73,5,4.99,260.15,cancelled
6302,11782,2026-07-09 04:10:55.606961,90.08,1,0.0,13.51,completed
6303,20421,2026-07-09 10:18:19.303300,490.27,5,0.0,0.0,completed
6304,16313,2026-07-09 13:35:52.279247,317.62,3,9.99,0.0,shipped
6305,20763,2026-07-09 13:51:44.700173,100.15,1,9.99,0.0,completed
6306,12382,2026-07-09 14:35:21.756770,51.05,1,9.99,0.0,completed
6307,224,2026-07-09 14:55:18.010248,526.39,3,0.0,78.96,completed
6308,24229,2026-07-09 17:02:19.281742,346.13,2,4.99,0.0,completed
6309,12280,2026-07-09 17:13:11.745903,478.47,2,4.99,0.0,completed
6310,6970,2026-07-09 17:32:37.648873,533.62,2,4.99,0.0,cancelled
6311,15763,2026-07-09 18:33:55.603842,707.67,4,9.99,0.0,cancelled
6312,24796,2026-07-09 19:02:24.105718,428.48,2,4.99,42.85,completed
6313,22690,2026-07-09 20:59:04.178766,810.64,5,9.99,81.06,completed
6314,10602,2026-07-09 21:36:38.467054,989.59,4,0.0,0.0,completed
6315,19923,2026-07-09 22:48:13.488042,221.74,1,9.99,44.35,completed
6316,21706,2026-07-09 22:59:34.822251,492.86,2,9.99,0.0,completed
6317,9250,2026-07-09 23:07:41.679270,508.0,3,4.99,101.6,cancelled
6318,16889,2026-07-09 23:22:51.754972,494.91,3,0.0,98.98,returned
6319,8034,2026-07-10 00:30:41.793701,1314.75,5,0.0,0.0,completed
6320,12081,2026-07-10 01:11:52.964120,433.23,3,4.99,43.32,completed
6321,18708,2026-07-10 01:41:09.876078,457.49,2,9.99,0.0,cancelled
6322,22582,2026-07-10 02:19:28.389985,189.54,2,9.99,0.0,completed
6323,13116,2026-07-10 03:22:29.348628,644.16,3,9.99,0.0,completed
6324,12932,2026-07-10 04:33:32.350418,1226.73,5,0.0,0.0,completed
6325,21364,2026-07-10 07:29:23.083146,1176.61,5,9.99,176.49,completed
6326,20188,2026-07-10 09:29:33.590164,430.79,2,4.99,0.0,cancelled
6327,385,2026-07-10 09:46:49.563609,308.15,3,4.99,0.0,completed
6328,24580,2026-07-10 09:54:11.169315,171.45,1,0.0,34.29,completed
6329,2866,2026-07-10 11:48:20.680152,806.49,5,0.0,161.3,completed
6330,11954,2026-07-10 14:18:19.178411,786.73,3,9.99,0.0,completed
6331,16875,2026-07-10 14:54:56.251358,682.58,5,9.99,102.39,cancelled
6332,15763,2026-07-10 16:28:30.819289,617.88,3,0.0,123.58,completed
6333,2386,2026-07-10 17:49:21.326805,453.4,2,0.0,45.34,cancelled
6334,9835,2026-07-10 20:20:55.384391,1188.93,5,0.0,118.89,completed
6335,8423,2026-07-10 22:28:05.800524,740.53,5,0.0,74.05,completed
6336,20889,2026-07-10 22:37:41.942720,732.82,4,4.99,146.56,completed
6337,6851,2026-07-10 22:54:42.174687,539.92,4,0.0,107.98,completed
6338,3714,2026-07-11 00:39:57.261831,596.81,3,9.99,119.36,completed
6339,12875,2026-07-11 01:10:31.122660,762.15,3,0.0,114.32,cancelled
6340,1351,2026-07-11 01:32:46.592865,111.85,2,9.99,16.78,completed
6341,12109,2026-07-11 02:09:57.129778,493.61,3,0.0,74.04,completed
6342,14718,2026-07-11 02:46:42.536469,821.01,3,9.99,164.2,completed
6343,9302,2026-07-11 04:10:59.219270,509.86,2,4.99,0.0,completed
6344,5076,2026-07-11 04:21:28.418806,1302.98,5,4.99,0.0,shipped
6345,5256,2026-07-11 04:46:34.170982,728.3,4,4.99,0.0,completed
6346,16577,2026-07-11 05:02:48.606435,180.49,3,0.0,0.0,completed
6347,19945,2026-07-11 05:28:40.341198,656.01,4,9.99,0.0,completed
6348,15430,2026-07-11 05:48:49.424833,328.21,3,0.0,65.64,completed
6349,24938,2026-07-11 06:19:13.264718,956.74,5,0.0,143.51,completed
6350,19773,2026-07-11 07:40:00.075943,655.73,3,4.99,65.57,completed
6351,22148,2026-07-11 07:55:12.649625,617.99,3,4.99,92.7,completed
6352,9151,2026-07-11 08:07:51.351129,273.55,2,4.99,54.71,completed
6353,8423,2026-07-11 08:19:12.334421,959.33,4,4.99,191.87,completed
6354,17994,2026-07-11 10:00:49.115810,813.14,3,0.0,81.31,returned
6355,18406,2026-07-11 12:07:29.799843,213.24,1,4.99,0.0,completed
6356,10801,2026-07-11 13:21:56.604777,429.21,2,0.0,64.38,completed
6357,22844,2026-07-11 13:31:53.608623,597.83,5,4.99,119.57,completed
6358,11937,2026-07-11 13:43:55.620912,654.42,3,0.0,0.0,cancelled
6359,13860,2026-07-11 14:47:24.758838,455.97,2,9.99,0.0,completed
6360,8423,2026-07-11 15:01:32.134105,1227.98,5,0.0,184.2,completed
6361,4277,2026-07-11 15:54:38.989634,539.15,2,0.0,53.91,completed
6362,21829,2026-07-11 16:13:52.780449,411.05,3,0.0,82.21,completed
6363,7617,2026-07-11 17:35:16.402333,188.78,1,4.99,18.88,cancelled
6364,9548,2026-07-11 18:23:20.948213,1006.33,5,4.99,0.0,cancelled
6365,19810,2026-07-11 19:07:41.297600,645.75,3,0.0,0.0,shipped
6366,12584,2026-07-11 19:14:55.586019,671.42,4,4.99,0.0,completed
6367,7447,2026-07-11 19:22:43.666858,407.52,3,9.99,0.0,completed
6368,16748,2026-07-11 20:49:46.215919,112.94,1,4.99,0.0,completed
6369,11709,2026-07-11 20:55:23.258074,914.52,5,9.99,182.9,completed
6370,15787,2026-07-11 21:28:24.217561,336.83,1,4.99,0.0,completed
6371,4405,2026-07-11 21:44:34.960666,914.52,5,9.99,182.9,completed
6372,18373,2026-07-11 22:11:35.472167,484.79,2,9.99,72.72,completed
6373,4918,2026-07-12 02:48:32.422369,787.03,3,0.0,0.0,completed
6374,20535,2026-07-12 03:55:47.534526,658.34,3,0.0,98.75,completed
6375,12571,2026-07-12 05:57:46.759554,784.45,5,0.0,78.45,completed
6376,20515,2026-07-12 06:08:33.082834,233.68,2,0.0,35.05,shipped
6377,19686,2026-07-12 06:16:53.360812,878.23,5,9.99,87.82,completed
6378,21909,2026-07-12 06:27:52.226431,349.81,1,0.0,0.0,completed
6379,13192,2026-07-12 08:31:39.631996,870.04,4,0.0,0.0,completed
6380,2809,2026-07-12 10:59:54.638433,610.53,3,0.0,122.11,completed
6381,17525,2026-07-12 11:13:12.277009,618.35,4,9.99,92.75,cancelled
6382,14755,2026-07-12 13:10:58.373081,208.88,2,9.99,20.89,completed
6383,13563,2026-07-12 15:37:45.566326,181.86,1,4.99,36.37,completed
6384,10801,2026-07-12 15:38:14.387222,470.55,3,4.99,70.58,completed
6385,18315,2026-07-12 17:41:47.039436,278.09,2,0.0,0.0,completed
6386,12295,2026-07-12 17:58:07.100982,823.54,4,4.99,0.0,completed
6387,20495,2026-07-12 22:32:06.410336,27.03,1,9.99,0.0,cancelled
6388,1982,2026-07-13 00:16:49.925179,1101.89,4,4.99,0.0,cancelled
6389,4840,2026-07-13 00:30:20.901895,432.54,2,0.0,43.25,cancelled
6390,23352,2026-07-13 00:38:01.236688,359.08,3,9.99,71.82,shipped
6391,13591,2026-07-13 02:32:51.751504,543.27,3,9.99,54.33,completed
6392,2405,2026-07-13 03:40:57.055560,247.04,2,0.0,37.06,shipped
6393,6379,2026-07-13 05:34:42.411243,801.82,4,0.0,0.0,cancelled
6394,6217,2026-07-13 06:15:57.938015,359.41,4,0.0,0.0,completed
6395,12212,2026-07-13 06:20:07.339294,1210.13,5,0.0,121.01,shipped
6396,9668,2026-07-13 07:46:49.320580,281.83,2,9.99,0.0,completed
6397,6791,2026-07-13 08:03:37.074729,113.25,1,9.99,0.0,completed
6398,24805,2026-07-13 10:07:33.693969,292.25,3,0.0,29.23,completed
6399,13899,2026-07-13 10:35:29.987723,731.12,5,4.99,73.11,completed
6400,14903,2026-07-13 10:48:01.700633,428.57,2,4.99,42.86,shipped
6401,4676,2026-07-13 11:41:28.432359,664.13,4,4.99,132.83,shipped
6402,17853,2026-07-13 12:49:51.174564,22.48,1,4.99,0.0,completed
6403,14858,2026-07-13 12:58:32.179277,938.83,4,4.99,187.77,completed
6404,12487,2026-07-13 13:56:40.564262,233.52,1,9.99,46.7,completed
6405,837,2026-07-13 15:52:45.684074,156.28,1,0.0,31.26,completed
6406,16391,2026-07-13 15:52:57.012629,250.75,1,0.0,0.0,shipped
6407,2300,2026-07-13 17:12:21.762633,259.88,1,4.99,38.98,completed
6408,18629,2026-07-13 18:04:10.298252,1323.18,5,4.99,198.48,completed
6409,2654,2026-07-13 20:04:29.051453,847.39,3,0.0,0.0,completed
6410,18924,2026-07-13 20:20:09.750116,718.96,4,9.99,143.79,cancelled
6411,21325,2026-07-14 01:55:12.671533,403.8,2,9.99,80.76,cancelled
6412,20244,2026-07-14 04:27:21.995615,1031.16,5,0.0,103.12,completed
6413,1594,2026-07-14 04:30:03.553054,136.23,1,4.99,0.0,cancelled
6414,5949,2026-07-14 05:05:56.420411,764.24,4,4.99,152.85,completed
6415,13940,2026-07-14 05:06:32.667777,236.4,2,4.99,47.28,completed
6416,14138,2026-07-14 05:12:53.045507,172.31,1,9.99,17.23,completed
6417,14858,2026-07-14 05:17:32.058509,726.52,4,4.99,72.65,completed
6418,23608,2026-07-14 05:33:16.216773,342.33,2,0.0,0.0,completed
6419,12220,2026-07-14 05:45:59.238541,116.26,1,9.99,0.0,completed
6420,10910,2026-07-14 05:48:33.296564,565.73,3,0.0,56.57,completed
6421,4514,2026-07-14 07:34:23.215242,754.86,4,0.0,0.0,cancelled
6422,21678,2026-07-14 08:01:07.228311,989.56,5,9.99,0.0,completed
6423,22316,2026-07-14 10:10:22.791002,771.99,4,4.99,154.4,completed
6424,9245,2026-07-14 10:13:42.202089,783.09,5,0.0,78.31,completed
6425,12880,2026-07-14 11:01:18.117248,698.14,4,9.99,0.0,completed
6426,4893,2026-07-14 12:16:13.286097,293.35,2,4.99,0.0,completed
6427,6061,2026-07-14 13:06:31.042732,177.08,2,9.99,26.56,completed
6428,17230,2026-07-14 14:16:44.936300,790.43,5,9.99,118.56,completed
6429,22878,2026-07-14 14:24:45.423305,856.33,3,4.99,171.27,cancelled
6430,2891,2026-07-14 15:05:15.169617,489.17,2,9.99,0.0,completed
6431,18822,2026-07-14 16:24:23.191684,350.98,2,9.99,0.0,shipped
6432,11762,2026-07-14 18:39:52.178599,800.5,4,0.0,0.0,completed
6433,713,2026-07-14 19:18:20.049858,461.93,2,9.99,69.29,cancelled
6434,10511,2026-07-14 19:27:25.350770,905.22,4,4.99,90.52,completed
6435,2654,2026-07-14 21:37:58.151093,1218.04,5,0.0,182.71,completed
6436,21141,2026-07-14 21:49:33.678072,663.99,4,4.99,99.6,shipped
6437,24608,2026-07-14 21:55:14.810445,856.89,4,0.0,0.0,completed
6438,22149,2026-07-14 23:41:57.644701,1022.26,4,0.0,204.45,completed
6439,10634,2026-07-15 00:45:24.130528,640.5,5,4.99,96.08,completed
6440,24128,2026-07-15 00:53:50.932334,763.74,4,9.99,0.0,completed
6441,9548,2026-07-15 01:01:58.290963,705.18,5,4.99,0.0,completed
6442,2036,2026-07-15 01:09:48.304467,605.05,2,4.99,90.76,cancelled
6443,14473,2026-07-15 01:29:33.227515,742.09,5,9.99,0.0,completed
6444,17866,2026-07-15 02:09:39.746522,548.0,3,9.99,109.6,completed
6445,5246,2026-07-15 06:15:48.585910,729.07,3,4.99,0.0,returned
6446,8201,2026-07-15 06:31:45.126335,64.38,1,0.0,0.0,cancelled
6447,11583,2026-07-15 08:12:31.774574,435.39,3,4.99,43.54,shipped
6448,4448,2026-07-15 08:14:03.351422,456.49,2,4.99,0.0,cancelled
6449,17349,2026-07-15 09:06:08.238391,134.03,1,9.99,0.0,completed
6450,1645,2026-07-15 10:30:47.541472,274.73,2,9.99,27.47,completed
6451,24540,2026-07-15 10:52:26.254133,1092.41,5,0.0,0.0,completed
6452,818,2026-07-15 11:04:17.632417,637.36,4,9.99,127.47,cancelled
6453,6307,2026-07-15 11:08:14.064312,261.84,2,0.0,0.0,returned
6454,5583,2026-07-15 11:22:19.467764,952.16,4,9.99,95.22,completed
6455,7984,2026-07-15 12:35:06.383347,619.13,4,9.99,92.87,completed
6456,20288,2026-07-15 12:42:15.061768,849.8,5,4.99,127.47,shipped
6457,14183,2026-07-15 14:05:19.748104,601.97,4,9.99,120.39,cancelled
6458,17298,2026-07-15 14:16:25.422665,453.18,4,0.0,0.0,returned
6459,4629,2026-07-15 15:59:44.013009,326.03,3,9.99,0.0,shipped
6460,11203,2026-07-15 16:58:04.165260,730.66,4,4.99,0.0,completed
6461,1752,2026-07-15 17:15:24.995651,509.74,2,0.0,0.0,completed
6462,19976,2026-07-15 17:52:46.796249,161.34,1,0.0,32.27,shipped
6463,14376,2026-07-15 22:04:54.293375,1175.78,5,0.0,235.16,returned
6464,19582,2026-07-15 22:15:40.002172,158.14,1,9.99,0.0,completed
6465,7981,2026-07-15 22:46:50.531389,507.11,4,0.0,101.42,completed
6466,16423,2026-07-15 23:05:34.674728,368.99,2,4.99,55.35,completed
6467,20509,2026-07-15 23:37:44.742818,458.06,2,4.99,0.0,shipped
6468,10819,2026-07-16 00:14:45.144786,196.87,2,4.99,0.0,completed
6469,20936,2026-07-16 00:21:53.707737,221.69,1,9.99,0.0,shipped
6470,19799,2026-07-16 01:32:59.659719,927.07,4,0.0,0.0,completed
6471,15067,2026-07-16 02:39:48.012681,635.01,4,0.0,127.0,shipped
6472,17535,2026-07-16 04:19:24.632362,590.82,4,4.99,118.16,cancelled
6473,15925,2026-07-16 05:30:10.761135,799.55,3,4.99,0.0,completed
6474,23579,2026-07-16 06:15:53.638219,609.19,4,9.99,0.0,completed
6475,10193,2026-07-16 06:16:05.961509,854.49,5,4.99,128.17,completed
6476,20485,2026-07-16 07:09:25.296532,92.18,1,4.99,0.0,completed
6477,1178,2026-07-16 08:09:02.812093,696.03,4,9.99,139.21,completed
6478,224,2026-07-16 08:55:38.861523,211.88,1,9.99,0.0,completed
6479,411,2026-07-16 09:14:03.335146,904.89,5,0.0,135.73,completed
6480,8423,2026-07-16 09:24:15.598127,674.62,3,4.99,134.92,completed
6481,6645,2026-07-16 10:58:04.489441,1000.69,3,0.0,0.0,completed
6482,16920,2026-07-16 11:02:25.383269,276.18,2,4.99,0.0,completed
6483,23540,2026-07-16 11:05:50.258724,800.35,3,4.99,80.04,completed
6484,17222,2026-07-16 11:19:59.971518,344.29,1,9.99,0.0,completed
6485,15350,2026-07-16 12:17:22.187546,1153.86,5,0.0,0.0,completed
6486,8652,2026-07-16 12:29:04.493312,181.09,1,9.99,27.16,cancelled
6487,17373,2026-07-16 16:58:59.470713,147.07,1,9.99,0.0,completed
6488,10699,2026-07-16 17:02:20.300544,723.65,3,4.99,144.73,completed
6489,7013,2026-07-16 18:34:38.012144,278.57,1,0.0,0.0,completed
6490,9274,2026-07-16 19:58:14.859763,467.75,2,0.0,0.0,shipped
6491,16791,2026-07-16 21:05:07.031541,797.8,4,4.99,119.67,shipped
6492,157,2026-07-16 21:33:44.369868,735.28,3,0.0,147.06,cancelled
6493,21518,2026-07-16 21:42:53.505208,138.44,1,0.0,0.0,completed
6494,782,2026-07-16 22:21:11.271337,534.17,2,0.0,0.0,completed
6495,5527,2026-07-16 23:06:42.661797,571.35,4,0.0,0.0,completed
6496,22102,2026-07-17 00:06:01.946193,237.36,2,9.99,0.0,completed
6497,8201,2026-07-17 00:24:25.275247,698.49,4,4.99,0.0,cancelled
6498,18383,2026-07-17 01:41:04.647748,107.53,1,4.99,16.13,completed
6499,23153,2026-07-17 02:37:13.684541,477.97,2,9.99,0.0,cancelled
6500,22326,2026-07-17 03:11:11.235381,556.49,4,4.99,55.65,shipped
6501,5821,2026-07-17 06:16:51.983564,215.87,2,4.99,0.0,completed
6502,22894,2026-07-17 06:25:06.029830,559.48,2,4.99,0.0,completed
6503,4036,2026-07-17 08:23:50.549489,666.69,5,9.99,0.0,completed
6504,16859,2026-07-17 09:25:57.316064,31.16,1,0.0,3.12,shipped
6505,12487,2026-07-17 09:40:08.432397,387.5,2,4.99,77.5,completed
6506,15000,2026-07-17 10:24:09.425297,332.4,3,4.99,0.0,cancelled
6507,8266,2026-07-17 10:48:26.359125,609.75,3,4.99,121.95,shipped
6508,17454,2026-07-17 11:26:58.518065,531.41,3,4.99,0.0,shipped
6509,20297,2026-07-17 12:34:28.898163,706.31,5,0.0,0.0,completed
6510,1611,2026-07-17 12:47:42.176004,763.93,4,0.0,0.0,cancelled
6511,18478,2026-07-17 15:16:30.568147,280.15,2,4.99,42.02,returned
6512,4534,2026-07-17 15:54:32.654469,346.91,3,9.99,0.0,completed
6513,21006,2026-07-17 15:58:31.576635,507.21,4,0.0,101.44,completed
6514,4431,2026-07-17 16:13:26.121250,833.5,5,4.99,0.0,cancelled
6515,14558,2026-07-17 16:45:18.167206,161.23,2,0.0,0.0,completed
6516,9800,2026-07-17 17:05:25.315321,778.67,5,4.99,116.8,completed
6517,5735,2026-07-17 18:18:35.470905,1124.7,4,9.99,0.0,completed
6518,7272,2026-07-17 19:05:31.575751,877.07,5,0.0,131.56,completed
6519,3892,2026-07-17 19:34:23.377630,641.44,3,0.0,0.0,completed
6520,2125,2026-07-17 20:52:12.759005,206.05,1,4.99,0.0,completed
6521,17349,2026-07-18 01:10:36.381012,335.14,4,9.99,33.51,completed
6522,11096,2026-07-18 02:09:16.043764,971.62,5,0.0,97.16,completed
6523,16251,2026-07-18 03:03:29.791205,666.29,3,4.99,0.0,completed
6524,16326,2026-07-18 03:45:51.239318,151.07,1,4.99,0.0,cancelled
6525,1918,2026-07-18 05:19:13.735013,143.13,2,4.99,14.31,shipped
6526,13180,2026-07-18 09:21:20.332756,235.56,1,9.99,0.0,completed
6527,18586,2026-07-18 09:30:18.079275,365.43,2,4.99,36.54,shipped
6528,18874,2026-07-18 10:20:27.050443,662.27,5,4.99,99.34,completed
6529,16272,2026-07-18 10:53:25.589038,308.02,2,4.99,0.0,completed
6530,12304,2026-07-18 10:55:43.647106,805.38,5,4.99,161.08,completed
6531,2433,2026-07-18 11:56:35.582163,26.49,1,0.0,0.0,completed
6532,1108,2026-07-18 12:15:27.113171,787.66,5,9.99,78.77,completed
6533,24320,2026-07-18 12:58:31.973311,440.11,2,4.99,0.0,completed
6534,4263,2026-07-18 13:45:28.002820,656.3,3,0.0,0.0,shipped
6535,18842,2026-07-18 14:03:11.039495,683.52,5,0.0,102.53,completed
6536,19264,2026-07-18 14:41:05.000304,479.45,4,9.99,0.0,completed
6537,4242,2026-07-18 15:03:22.119726,975.88,4,9.99,146.38,completed
6538,19364,2026-07-18 15:03:58.531193,865.26,3,4.99,0.0,cancelled
6539,12533,2026-07-18 15:52:03.654964,1268.75,5,0.0,0.0,completed
6540,21907,2026-07-18 18:43:56.160357,608.16,3,0.0,91.22,completed
6541,10172,2026-07-18 18:59:56.158463,555.6,3,4.99,55.56,completed
6542,12333,2026-07-18 21:02:56.059222,401.66,2,4.99,40.17,completed
6543,22893,2026-07-18 21:19:10.543483,986.7,4,0.0,0.0,cancelled
6544,24401,2026-07-18 21:24:52.045025,15.12,1,4.99,0.0,returned
6545,15151,2026-07-19 00:44:55.824541,914.44,3,0.0,137.17,cancelled
6546,17027,2026-07-19 01:58:37.076877,398.48,2,4.99,79.7,completed
6547,23652,2026-07-19 02:10:09.171926,808.61,4,0.0,0.0,completed
6548,4675,2026-07-19 03:09:06.229439,841.22,3,4.99,0.0,cancelled
6549,13577,2026-07-19 03:14:58.380569,918.58,4,4.99,0.0,completed
6550,3165,2026-07-19 06:47:10.757829,952.36,5,9.99,142.85,completed
6551,24663,2026-07-19 07:02:53.730598,446.03,3,4.99,0.0,shipped
6552,13468,2026-07-19 08:05:31.656559,726.56,3,0.0,72.66,shipped
6553,6494,2026-07-19 08:12:27.033541,1128.24,5,0.0,0.0,completed
6554,10327,2026-07-19 08:47:34.599463,800.79,4,9.99,0.0,completed
6555,9978,2026-07-19 09:03:55.673338,365.12,3,4.99,0.0,completed
6556,24434,2026-07-19 09:37:45.516320,289.41,1,9.99,57.88,completed
6557,10699,2026-07-19 10:23:07.077872,806.69,3,0.0,0.0,cancelled
6558,12902,2026-07-19 10:30:04.015642,478.26,2,0.0,71.74,shipped
6559,14903,2026-07-19 11:45:07.851875,873.55,4,9.99,131.03,shipped
6560,5246,2026-07-19 12:02:29.380378,904.07,4,4.99,0.0,shipped
6561,1166,2026-07-19 12:40:19.235230,667.36,4,9.99,0.0,completed
6562,2887,2026-07-19 15:47:31.380579,629.48,4,4.99,62.95,completed
6563,706,2026-07-19 17:40:54.035924,579.26,3,9.99,115.85,completed
6564,13651,2026-07-19 18:15:20.088164,795.6,5,9.99,0.0,completed
6565,6929,2026-07-19 19:26:34.081941,487.42,3,0.0,48.74,shipped
6566,13982,2026-07-19 19:40:41.737065,238.8,1,4.99,0.0,completed
6567,11053,2026-07-19 20:18:52.682878,1047.52,4,4.99,0.0,completed
6568,18113,2026-07-19 20:33:39.969351,219.42,1,4.99,0.0,shipped
6569,23301,2026-07-19 20:39:07.926977,1111.98,5,4.99,111.2,completed
6570,23936,2026-07-19 20:40:21.988189,830.92,5,9.99,166.18,cancelled
6571,6790,2026-07-19 20:47:03.724562,589.62,3,9.99,58.96,completed
6572,5031,2026-07-19 21:06:48.998836,334.29,2,0.0,0.0,completed
6573,20957,2026-07-19 21:07:24.443043,838.39,4,0.0,83.84,returned
6574,5692,2026-07-19 21:09:02.273523,467.98,3,4.99,93.6,completed
6575,7099,2026-07-19 23:10:53.397799,276.01,1,4.99,0.0,cancelled
6576,18383,2026-07-19 23:55:26.014919,283.27,2,4.99,56.65,completed
6577,24677,2026-07-20 01:15:32.720862,273.26,2,4.99,0.0,cancelled
6578,5713,2026-07-20 01:36:56.203361,503.53,2,0.0,100.71,cancelled
6579,17498,2026-07-20 04:36:10.159140,217.26,2,0.0,0.0,cancelled
6580,7368,2026-07-20 05:07:11.786125,48.08,1,0.0,0.0,completed
6581,19849,2026-07-20 05:53:14.999969,438.91,3,0.0,65.84,completed
6582,2887,2026-07-20 06:37:27.993821,871.18,5,0.0,174.24,completed
6583,19095,2026-07-20 08:49:26.166760,397.11,4,0.0,0.0,completed
6584,24717,2026-07-20 08:57:05.615790,231.1,3,9.99,34.66,shipped
6585,1280,2026-07-20 09:01:53.164971,428.87,2,4.99,0.0,shipped
6586,20438,2026-07-20 10:06:26.486665,427.94,2,0.0,64.19,completed
6587,9140,2026-07-20 12:32:07.066336,246.67,1,0.0,0.0,completed
6588,2559,2026-07-20 13:28:47.339867,815.98,5,9.99,163.2,returned
6589,2983,2026-07-20 13:43:18.602223,272.73,2,4.99,54.55,completed
6590,24562,2026-07-20 14:52:24.930420,256.36,1,9.99,0.0,completed
6591,6934,2026-07-20 15:45:02.138899,563.51,5,9.99,84.53,shipped
6592,11098,2026-07-20 16:35:34.173741,281.83,2,9.99,42.27,completed
6593,9057,2026-07-20 16:59:48.704413,264.87,1,4.99,0.0,completed
6594,7984,2026-07-20 18:16:42.604064,754.27,5,9.99,75.43,returned
6595,1362,2026-07-20 18:47:38.426238,370.08,3,9.99,0.0,completed
6596,4003,2026-07-20 20:00:56.412247,164.48,2,0.0,0.0,shipped
6597,10584,2026-07-20 20:35:55.388489,930.24,5,0.0,0.0,completed
6598,24728,2026-07-20 21:24:20.606488,277.15,2,9.99,0.0,completed
6599,9161,2026-07-20 21:55:34.523604,822.82,4,9.99,82.28,shipped
6600,3161,2026-07-20 22:12:02.007984,433.42,2,9.99,0.0,completed
6601,20963,2026-07-20 22:19:50.587988,202.41,2,4.99,30.36,completed
6602,2745,2026-07-20 22:25:56.519646,333.58,2,0.0,66.72,shipped
6603,17322,2026-07-20 22:54:11.141859,255.51,2,0.0,51.1,returned
6604,22548,2026-07-20 23:49:56.023210,608.3,4,9.99,91.24,completed
6605,4061,2026-07-21 00:19:03.796588,275.56,1,9.99,0.0,completed
6606,2768,2026-07-21 00:24:29.803225,553.8,5,0.0,0.0,completed
6607,8832,2026-07-21 02:47:47.426160,999.83,5,9.99,99.98,cancelled
6608,17196,2026-07-21 04:32:46.896385,1277.69,5,4.99,255.54,completed
6609,5270,2026-07-21 04:34:40.074459,271.3,2,4.99,27.13,completed
6610,7671,2026-07-21 05:41:22.000600,303.04,1,4.99,0.0,completed
6611,2891,2026-07-21 05:47:21.951137,168.48,2,4.99,33.7,completed
6612,21978,2026-07-21 07:08:46.859276,192.9,2,4.99,28.93,completed
6613,13659,2026-07-21 07:30:02.726140,128.71,1,9.99,0.0,cancelled
6614,20205,2026-07-21 07:47:58.828349,1023.25,4,9.99,0.0,completed
6615,7772,2026-07-21 07:53:15.758746,240.19,2,0.0,36.03,completed
6616,11305,2026-07-21 07:54:04.521295,1507.98,5,0.0,301.6,completed
6617,9245,2026-07-21 08:39:58.275058,374.47,2,4.99,0.0,cancelled
6618,14701,2026-07-21 08:55:04.207141,589.67,2,4.99,88.45,completed
6619,5739,2026-07-21 09:13:34.977800,143.07,1,9.99,0.0,completed
6620,13002,2026-07-21 09:16:43.859498,442.0,2,0.0,0.0,completed
6621,20584,2026-07-21 11:05:07.517072,242.82,3,9.99,0.0,completed
6622,2942,2026-07-21 11:25:16.066007,917.12,5,0.0,0.0,shipped
6623,9475,2026-07-21 11:33:32.879347,418.08,3,9.99,0.0,cancelled
6624,6304,2026-07-21 11:43:18.957237,311.82,1,0.0,0.0,completed
6625,13433,2026-07-21 11:53:40.837502,229.45,1,4.99,22.95,completed
6626,4661,2026-07-21 12:40:16.567756,265.28,1,4.99,53.06,completed
6627,1714,2026-07-21 13:37:56.415669,594.66,2,4.99,118.93,completed
6628,8842,2026-07-21 14:24:33.803131,306.73,2,9.99,30.67,completed
6629,7314,2026-07-21 15:02:45.054152,228.59,1,4.99,45.72,completed
6630,21975,2026-07-21 15:22:32.553672,407.59,3,9.99,40.76,completed
6631,5650,2026-07-21 16:14:20.213969,598.42,2,9.99,0.0,returned
6632,10246,2026-07-21 16:55:09.356368,304.16,1,0.0,0.0,returned
6633,8526,2026-07-21 18:13:26.457247,55.76,1,9.99,0.0,completed
6634,20807,2026-07-21 19:59:18.452861,764.37,4,0.0,0.0,completed
6635,22738,2026-07-21 20:17:00.854662,617.47,3,4.99,0.0,cancelled
6636,17484,2026-07-21 20:47:13.527823,874.9,3,0.0,131.23,completed
6637,23352,2026-07-21 21:18:59.911222,187.58,1,9.99,0.0,completed
6638,6809,2026-07-21 21:53:01.989253,994.63,4,0.0,0.0,shipped
6639,388,2026-07-21 22:29:00.717602,122.15,1,4.99,24.43,shipped
6640,8064,2026-07-22 00:27:41.950631,398.85,3,4.99,0.0,shipped
6641,21853,2026-07-22 00:39:35.900616,108.49,1,4.99,0.0,cancelled
6642,13267,2026-07-22 01:25:10.154944,666.17,3,0.0,0.0,returned
6643,12010,2026-07-22 01:30:04.049216,610.42,2,9.99,0.0,completed
6644,11217,2026-07-22 01:36:20.021188,290.12,3,0.0,58.02,completed
6645,19086,2026-07-22 02:00:38.034375,235.97,2,0.0,0.0,completed
6646,11888,2026-07-22 02:39:42.955097,292.04,1,4.99,0.0,completed
6647,9513,2026-07-22 03:05:30.728144,148.37,1,0.0,14.84,completed
6648,14004,2026-07-22 05:50:57.471860,774.91,5,0.0,0.0,completed
6649,8798,2026-07-22 06:15:22.261301,629.59,4,0.0,94.44,completed
6650,22998,2026-07-22 06:18:21.764618,716.79,4,9.99,143.36,completed
6651,6661,2026-07-22 07:42:28.062678,728.25,4,9.99,0.0,cancelled
6652,16814,2026-07-22 07:57:52.795265,639.14,5,9.99,0.0,completed
6653,6365,2026-07-22 08:10:06.429667,376.89,3,4.99,56.53,completed
6654,21415,2026-07-22 09:19:57.161111,588.73,3,0.0,117.75,shipped
6655,22185,2026-07-22 10:11:27.480442,861.62,5,4.99,0.0,shipped
6656,20575,2026-07-22 10:50:49.854287,271.97,2,9.99,54.39,completed
6657,11236,2026-07-22 11:34:07.580878,425.39,3,0.0,0.0,returned
6658,20272,2026-07-22 11:57:36.127270,686.36,4,0.0,68.64,returned
6659,3574,2026-07-22 12:22:08.383192,22.15,1,9.99,3.32,completed
6660,6444,2026-07-22 13:18:34.094538,315.6,2,9.99,0.0,completed
6661,19284,2026-07-22 13:25:36.543746,230.35,1,4.99,0.0,completed
6662,22684,2026-07-22 13:46:55.731392,408.33,3,0.0,40.83,completed
6663,2891,2026-07-22 14:28:18.321381,901.9,4,9.99,135.28,completed
6664,15787,2026-07-22 16:33:47.340510,485.04,3,0.0,0.0,completed
6665,4661,2026-07-22 17:42:15.673288,35.84,1,9.99,0.0,shipped
6666,12131,2026-07-22 18:02:29.962033,165.83,2,4.99,0.0,completed
6667,1704,2026-07-22 18:21:53.460523,648.71,3,9.99,129.74,completed
6668,12087,2026-07-22 21:35:46.802438,763.58,4,0.0,0.0,completed
6669,23222,2026-07-22 22:30:20.931632,1091.58,5,9.99,218.32,cancelled
6670,2887,2026-07-23 00:29:41.196831,738.42,4,0.0,0.0,completed
6671,8652,2026-07-23 01:13:11.950131,236.78,1,0.0,0.0,returned
6672,11488,2026-07-23 01:30:19.092174,157.28,1,9.99,0.0,cancelled
6673,4514,2026-07-23 01:58:36.913769,586.27,4,9.99,117.25,completed
6674,22982,2026-07-23 05:20:22.727557,322.65,2,9.99,0.0,completed
6675,3875,2026-07-23 06:21:03.184846,787.01,4,0.0,0.0,completed
6676,1071,2026-07-23 08:06:31.258039,424.63,3,0.0,63.69,shipped
6677,677,2026-07-23 08:22:39.755172,1065.72,4,0.0,159.86,completed
6678,13896,2026-07-23 08:32:31.810763,294.55,1,0.0,44.18,completed
6679,5588,2026-07-23 09:18:31.811513,237.59,1,9.99,35.64,completed
6680,13879,2026-07-23 10:09:15.245127,340.46,3,0.0,0.0,completed
6681,2397,2026-07-23 10:12:24.743186,335.14,2,4.99,0.0,completed
6682,21141,2026-07-23 10:27:15.744429,339.08,2,0.0,0.0,completed
6683,18094,2026-07-23 11:38:33.754664,462.11,2,0.0,46.21,shipped
6684,462,2026-07-23 11:46:16.061922,588.54,5,9.99,117.71,shipped
6685,15488,2026-07-23 12:50:44.500109,579.17,4,0.0,0.0,completed
6686,5684,2026-07-23 13:00:13.809128,191.7,2,0.0,38.34,completed
6687,12454,2026-07-23 13:32:36.708027,346.23,1,0.0,0.0,completed
6688,15971,2026-07-23 14:53:37.935903,214.21,1,4.99,32.13,completed
6689,8806,2026-07-23 15:15:52.306146,1100.57,5,0.0,0.0,returned
6690,8773,2026-07-23 15:24:54.426946,661.28,4,9.99,99.19,shipped
6691,18686,2026-07-23 16:10:05.221411,330.16,2,0.0,66.03,completed
6692,17855,2026-07-23 16:50:49.002770,807.66,5,9.99,0.0,completed
6693,12199,2026-07-23 16:54:46.336095,110.96,1,0.0,22.19,shipped
6694,9160,2026-07-23 16:55:07.970814,206.68,1,9.99,31.0,completed
6695,9140,2026-07-23 18:42:02.227199,1034.3,5,4.99,155.14,completed
6696,4758,2026-07-23 18:48:22.982475,980.54,4,4.99,98.05,shipped
6697,7151,2026-07-23 19:02:33.651158,954.21,5,4.99,190.84,shipped
6698,16077,2026-07-23 19:13:25.370081,1387.17,5,0.0,0.0,shipped
6699,5151,2026-07-23 19:18:33.479189,1043.74,4,4.99,104.37,completed
6700,3969,2026-07-23 19:33:47.454266,421.35,2,9.99,42.14,completed
6701,24882,2026-07-23 19:50:31.938926,282.01,1,0.0,0.0,completed
6702,3676,2026-07-23 20:43:57.851349,364.15,2,4.99,0.0,returned
6703,22627,2026-07-23 22:06:01.479978,235.54,2,9.99,47.11,cancelled
6704,10425,2026-07-23 23:43:03.664430,810.23,4,0.0,0.0,returned
6705,4533,2026-07-24 00:06:54.310348,576.47,4,0.0,0.0,completed
6706,1918,2026-07-24 00:25:09.059274,631.06,4,0.0,0.0,completed
6707,22903,2026-07-24 02:36:16.093805,224.55,3,4.99,0.0,shipped
6708,8295,2026-07-24 03:17:31.966281,172.88,1,9.99,34.58,completed
6709,10136,2026-07-24 04:53:14.764793,165.69,1,4.99,16.57,completed
6710,18400,2026-07-24 04:54:21.824302,741.23,4,4.99,111.18,shipped
6711,13566,2026-07-24 07:44:09.816794,592.42,2,9.99,59.24,shipped
6712,13446,2026-07-24 08:06:02.213525,381.57,3,0.0,0.0,cancelled
6713,21141,2026-07-24 08:07:36.235039,615.82,3,9.99,123.16,completed
6714,16913,2026-07-24 08:45:55.361610,294.37,2,9.99,0.0,shipped
6715,12822,2026-07-24 08:54:26.548715,128.09,1,9.99,19.21,completed
6716,7447,2026-07-24 09:16:46.105882,1120.04,5,0.0,112.0,shipped
6717,8201,2026-07-24 09:17:49.869607,473.69,2,9.99,0.0,completed
6718,165,2026-07-24 10:35:07.175544,260.84,1,9.99,0.0,completed
6719,19035,2026-07-24 10:56:31.560703,657.32,3,4.99,0.0,completed
6720,16590,2026-07-24 12:01:46.492712,792.23,4,9.99,0.0,completed
6721,671,2026-07-24 12:53:49.372559,356.89,2,9.99,53.53,completed
6722,10256,2026-07-24 14:07:23.429731,466.14,4,4.99,93.23,completed
6723,9299,2026-07-24 14:33:37.939521,313.21,2,9.99,0.0,cancelled
6724,4276,2026-07-24 14:42:40.361524,901.09,5,9.99,180.22,completed
6725,9744,2026-07-24 16:29:29.886386,118.39,1,9.99,11.84,returned
6726,19294,2026-07-24 16:44:14.770481,510.86,3,4.99,0.0,completed
6727,7051,2026-07-24 16:53:22.422310,546.84,3,4.99,54.68,completed
6728,11256,2026-07-24 17:01:12.271957,184.32,1,0.0,27.65,completed
6729,7433,2026-07-24 17:06:58.290530,304.39,3,0.0,60.88,shipped
6730,10933,2026-07-24 17:19:15.439012,420.3,2,9.99,63.05,cancelled
6731,2246,2026-07-24 20:11:57.184176,714.78,5,0.0,0.0,shipped
6732,13772,2026-07-24 20:43:09.608478,373.63,3,9.99,0.0,completed
6733,4008,2026-07-24 21:53:24.022060,151.74,2,4.99,0.0,completed
6734,16191,2026-07-24 22:12:32.118355,515.34,2,9.99,0.0,cancelled
6735,6790,2026-07-25 00:17:16.576882,1138.55,5,4.99,0.0,completed
6736,12828,2026-07-25 01:21:28.441422,936.37,5,4.99,0.0,completed
6737,18037,2026-07-25 01:38:16.782645,65.2,1,4.99,0.0,shipped
6738,8180,2026-07-25 02:17:43.610698,465.65,2,9.99,0.0,completed
6739,17567,2026-07-25 03:27:20.271241,148.75,2,4.99,0.0,completed
6740,8499,2026-07-25 03:39:36.212054,204.03,2,0.0,0.0,cancelled
6741,15900,2026-07-25 06:47:13.495534,141.57,1,4.99,0.0,completed
6742,16,2026-07-25 06:55:13.122144,163.54,1,4.99,24.53,completed
6743,6326,2026-07-25 07:45:20.083998,843.65,5,0.0,168.73,cancelled
6744,21141,2026-07-25 09:13:00.475610,1171.33,5,4.99,117.13,completed
6745,8356,2026-07-25 10:28:05.636606,1159.08,5,0.0,115.91,completed
6746,19117,2026-07-25 11:56:24.437413,227.24,1,4.99,22.72,completed
6747,10761,2026-07-25 12:42:57.257463,707.3,3,0.0,0.0,completed
6748,1918,2026-07-25 13:11:55.047569,331.84,1,0.0,49.78,completed
6749,16263,2026-07-25 14:04:13.189722,967.93,5,0.0,0.0,returned
6750,20684,2026-07-25 14:39:29.023098,808.59,4,9.99,121.29,cancelled
6751,16431,2026-07-25 16:05:49.340796,277.05,1,9.99,0.0,shipped
6752,3255,2026-07-25 18:28:10.380671,150.88,2,4.99,22.63,completed
6753,18425,2026-07-25 20:21:52.892795,584.09,3,4.99,87.61,completed
6754,16540,2026-07-25 20:46:56.453036,767.84,3,4.99,0.0,completed
6755,12918,2026-07-25 21:29:58.122241,199.13,1,9.99,0.0,completed
6756,6976,2026-07-25 23:00:25.064074,833.92,5,9.99,166.78,returned
6757,2550,2026-07-25 23:03:39.001662,775.22,4,4.99,155.04,shipped
6758,7475,2026-07-26 00:55:53.949813,651.17,3,4.99,97.68,completed
6759,22742,2026-07-26 01:08:15.682595,613.5,3,9.99,0.0,cancelled
6760,21696,2026-07-26 02:24:34.377197,260.86,1,0.0,0.0,completed
6761,2891,2026-07-26 04:14:21.634528,406.32,2,9.99,0.0,completed
6762,7525,2026-07-26 07:30:12.807118,140.81,2,9.99,0.0,completed
6763,11937,2026-07-26 07:42:35.248751,606.71,4,4.99,91.01,completed
6764,2299,2026-07-26 07:57:56.781083,67.69,1,0.0,0.0,completed
6765,22927,2026-07-26 10:00:49.950287,571.99,3,4.99,0.0,completed
6766,1609,2026-07-26 10:24:35.764255,819.44,4,4.99,122.92,completed
6767,3479,2026-07-26 10:28:30.258968,306.95,1,0.0,0.0,shipped
6768,22047,2026-07-26 11:52:47.260399,215.12,2,9.99,0.0,completed
6769,13070,2026-07-26 11:56:33.378081,501.11,4,9.99,0.0,completed
6770,3257,2026-07-26 12:13:08.488060,661.92,4,0.0,132.38,cancelled
6771,9755,2026-07-26 13:20:11.822688,868.14,4,4.99,173.63,cancelled
6772,10614,2026-07-26 13:25:40.700829,107.06,2,4.99,0.0,completed
6773,20210,2026-07-26 15:45:22.330665,734.94,4,4.99,0.0,completed
6774,9172,2026-07-26 15:51:31.893538,612.96,2,0.0,0.0,completed
6775,15816,2026-07-26 17:52:25.042129,271.83,1,9.99,0.0,completed
6776,21975,2026-07-26 18:36:25.933100,1272.46,5,4.99,254.49,completed
6777,12523,2026-07-26 20:36:54.412564,561.28,4,0.0,84.19,cancelled
6778,13793,2026-07-26 20:49:44.034074,590.74,3,4.99,0.0,cancelled
6779,3153,2026-07-26 20:51:24.952772,461.14,3,0.0,92.23,completed
6780,2108,2026-07-26 20:57:53.953259,925.56,5,0.0,0.0,cancelled
6781,20911,2026-07-26 21:33:17.146139,93.52,2,9.99,0.0,completed
6782,17727,2026-07-26 21:50:27.504551,456.02,5,0.0,0.0,completed
6783,11676,2026-07-26 22:52:20.087118,372.2,3,4.99,0.0,shipped
6784,24750,2026-07-26 23:28:00.556968,1085.25,4,9.99,162.79,completed
6785,21696,2026-07-27 00:02:57.594608,110.63,1,4.99,22.13,completed
6786,23600,2026-07-27 00:10:03.841676,237.28,1,0.0,0.0,completed
6787,15404,2026-07-27 00:38:00.005721,359.53,2,4.99,0.0,completed
6788,22982,2026-07-27 00:48:50.352780,1092.83,5,9.99,0.0,returned
6789,20934,2026-07-27 02:09:17.151344,801.46,3,9.99,80.15,completed
6790,23136,2026-07-27 03:06:10.227700,703.83,5,0.0,105.57,completed
6791,7944,2026-07-27 03:32:03.531173,703.95,3,4.99,70.4,cancelled
6792,20934,2026-07-27 03:55:00.500138,430.03,2,9.99,0.0,shipped
6793,18446,2026-07-27 04:20:17.031968,29.64,1,9.99,0.0,shipped
6794,14016,2026-07-27 04:29:21.113801,532.44,5,4.99,0.0,shipped
6795,18425,2026-07-27 04:36:00.019897,552.02,4,9.99,0.0,completed
6796,9230,2026-07-27 06:43:39.851075,971.02,5,9.99,194.2,completed
6797,15295,2026-07-27 06:55:54.979730,340.63,2,9.99,68.13,completed
6798,10612,2026-07-27 08:52:46.580982,378.56,4,4.99,0.0,cancelled
6799,9113,2026-07-27 08:56:21.800642,557.11,4,9.99,83.57,completed
6800,11093,2026-07-27 09:14:39.532081,1294.95,5,4.99,0.0,completed
6801,19940,2026-07-27 09:15:19.688380,739.61,4,0.0,73.96,completed
6802,8639,2026-07-27 10:12:25.693319,301.43,1,9.99,0.0,completed
6803,7051,2026-07-27 11:04:00.146689,1115.55,5,4.99,167.33,cancelled
6804,3401,2026-07-27 13:22:49.898108,1075.05,5,9.99,0.0,shipped
6805,22480,2026-07-27 13:36:24.563504,547.36,4,9.99,0.0,completed
6806,12189,2026-07-27 15:35:19.673364,1146.52,5,0.0,229.3,cancelled
6807,1293,2026-07-27 15:46:50.115414,368.52,2,4.99,55.28,completed
6808,23139,2026-07-27 15:48:20.187938,1019.84,5,0.0,152.98,completed
6809,9923,2026-07-27 16:00:07.177966,822.87,4,9.99,82.29,cancelled
6810,12189,2026-07-27 16:26:55.028759,200.31,1,4.99,30.05,completed
6811,10005,2026-07-27 17:28:23.242088,170.3,1,9.99,0.0,completed
6812,13468,2026-07-27 18:09:42.922618,411.81,3,9.99,82.36,completed
6813,24490,2026-07-27 18:30:42.305332,329.89,2,9.99,0.0,completed
6814,8127,2026-07-27 19:15:11.059933,134.83,1,4.99,26.97,shipped
6815,1777,2026-07-27 22:03:13.343217,668.82,3,9.99,0.0,completed
6816,10266,2026-07-27 23:18:10.940333,686.52,4,9.99,0.0,completed
6817,17615,2026-07-27 23:19:25.146292,390.85,2,9.99,0.0,completed
6818,19085,2026-07-28 00:42:27.067075,727.24,3,0.0,0.0,cancelled
6819,2389,2026-07-28 01:04:24.103305,561.48,3,0.0,0.0,completed
6820,10158,2026-07-28 01:36:21.245369,507.33,3,4.99,0.0,completed
6821,17945,2026-07-28 01:42:27.684889,193.45,1,0.0,38.69,returned
6822,24597,2026-07-28 01:53:16.328823,997.62,5,0.0,199.52,completed
6823,15831,2026-07-28 01:54:24.593086,647.4,4,4.99,0.0,completed
6824,5588,2026-07-28 03:25:47.595783,603.92,3,4.99,0.0,completed
6825,3220,2026-07-28 04:00:42.464463,715.52,4,0.0,0.0,completed
6826,18001,2026-07-28 04:02:21.818650,891.05,5,9.99,89.11,completed
6827,9299,2026-07-28 04:43:13.006876,904.51,5,4.99,135.68,cancelled
6828,10793,2026-07-28 05:02:47.829209,1069.94,5,0.0,160.49,returned
6829,6089,2026-07-28 05:16:17.602503,1037.69,5,0.0,155.65,completed
6830,17801,2026-07-28 05:21:35.594488,75.7,1,0.0,0.0,completed
6831,4945,2026-07-28 06:04:41.337280,87.75,1,9.99,13.16,completed
6832,12655,2026-07-28 06:08:07.124768,335.92,1,9.99,67.18,completed
6833,6035,2026-07-28 06:19:00.922171,446.09,3,4.99,0.0,completed
6834,22352,2026-07-28 06:51:39.755028,88.94,1,4.99,0.0,completed
6835,24135,2026-07-28 10:25:15.715962,418.05,2,9.99,83.61,completed
6836,18037,2026-07-28 11:01:44.687996,670.89,4,9.99,67.09,completed
6837,9800,2026-07-28 12:39:16.420170,303.83,1,9.99,60.77,completed
6838,143,2026-07-28 13:03:44.863947,339.02,1,4.99,50.85,cancelled
6839,22688,2026-07-28 14:30:50.350818,420.99,3,9.99,0.0,cancelled
6840,16095,2026-07-28 14:42:26.127476,243.42,1,4.99,0.0,completed
6841,17421,2026-07-28 15:51:42.076626,198.27,1,9.99,0.0,completed
6842,922,2026-07-28 16:34:11.217281,486.59,4,4.99,0.0,completed
6843,1713,2026-07-28 16:53:38.796644,138.81,1,0.0,20.82,completed
6844,6652,2026-07-28 17:32:03.470081,340.27,1,0.0,0.0,shipped
6845,21494,2026-07-28 18:36:33.636268,490.53,2,4.99,49.05,completed
6846,7672,2026-07-28 19:09:10.060716,776.9,4,4.99,77.69,completed
6847,18392,2026-07-28 20:11:05.719769,405.1,3,4.99,0.0,completed
6848,17615,2026-07-28 20:32:29.260171,975.11,4,4.99,0.0,completed
6849,880,2026-07-28 20:42:17.061015,670.43,4,4.99,0.0,completed
6850,4498,2026-07-28 22:12:56.008144,224.83,2,4.99,22.48,completed
6851,16903,2026-07-28 23:00:46.048025,520.43,4,0.0,52.04,shipped
6852,14181,2026-07-28 23:42:45.002344,405.32,3,9.99,0.0,completed
6853,20883,2026-07-29 00:05:49.788145,82.79,1,4.99,0.0,completed
6854,9044,2026-07-29 01:39:32.117280,190.04,2,9.99,38.01,completed
6855,124,2026-07-29 02:18:26.745538,162.35,2,9.99,16.23,completed
6856,11614,2026-07-29 03:05:36.475582,507.86,2,0.0,0.0,cancelled
6857,14694,2026-07-29 03:08:03.893861,127.87,1,9.99,0.0,completed
6858,10511,2026-07-29 03:43:14.635876,669.35,3,4.99,0.0,completed
6859,14796,2026-07-29 04:08:29.321768,1208.17,5,4.99,0.0,completed
6860,9800,2026-07-29 04:35:00.205860,312.49,1,0.0,0.0,completed
6861,14999,2026-07-29 05:05:58.959889,341.32,1,9.99,34.13,returned
6862,2487,2026-07-29 05:27:36.815113,82.94,1,0.0,0.0,completed
6863,24729,2026-07-29 05:37:44.652018,836.4,4,4.99,125.46,completed
6864,18438,2026-07-29 05:53:54.287173,481.39,2,0.0,48.14,completed
6865,20984,2026-07-29 06:21:46.965808,1067.27,4,4.99,0.0,shipped
6866,6778,2026-07-29 06:59:23.670198,268.0,1,0.0,53.6,completed
6867,8959,2026-07-29 08:18:24.529918,139.07,1,9.99,0.0,completed
6868,4428,2026-07-29 08:44:15.432481,425.23,2,4.99,0.0,completed
6869,23891,2026-07-29 11:42:50.605601,414.48,2,9.99,62.17,completed
6870,18021,2026-07-29 11:49:45.058764,233.35,1,9.99,23.34,returned
6871,19379,2026-07-29 13:58:49.029523,796.97,4,9.99,119.55,shipped
6872,18437,2026-07-29 14:01:22.974099,446.31,2,4.99,66.95,completed
6873,15147,2026-07-29 14:32:59.859214,633.08,2,9.99,63.31,completed
6874,23451,2026-07-29 15:16:00.034711,173.02,1,4.99,0.0,completed
6875,7470,2026-07-29 15:17:40.388446,48.04,1,4.99,9.61,completed
6876,15512,2026-07-29 15:23:57.001818,448.47,2,0.0,0.0,shipped
6877,7196,2026-07-29 16:07:05.859593,456.13,2,0.0,91.23,completed
6878,7135,2026-07-29 16:42:02.990773,505.8,3,9.99,0.0,completed
6879,21488,2026-07-29 16:44:05.755051,330.93,1,4.99,0.0,completed
6880,628,2026-07-29 16:53:43.520928,237.71,4,0.0,0.0,completed
6881,10694,2026-07-29 17:30:23.528777,716.0,5,0.0,107.4,completed
6882,2108,2026-07-29 17:52:51.592011,548.24,3,9.99,82.24,completed
6883,18761,2026-07-29 17:55:44.752794,455.28,3,0.0,0.0,shipped
6884,19881,2026-07-29 18:06:55.573816,60.49,1,0.0,0.0,completed
6885,4220,2026-07-29 18:34:57.341165,1031.49,5,0.0,206.3,completed
6886,12742,2026-07-29 18:56:44.650805,601.77,5,4.99,0.0,completed
6887,19531,2026-07-29 20:08:28.111520,587.91,3,4.99,58.79,completed
6888,3312,2026-07-29 20:21:13.801574,236.37,2,9.99,47.27,completed
6889,22201,2026-07-29 21:30:15.969646,651.72,3,4.99,65.17,completed
6890,20766,2026-07-29 23:19:47.240822,893.23,5,4.99,0.0,completed
6891,5588,2026-07-29 23:20:38.185542,1182.68,5,9.99,236.54,completed
6892,14016,2026-07-29 23:27:47.591108,845.81,5,4.99,84.58,completed
6893,5998,2026-07-30 00:53:30.294445,207.22,1,9.99,20.72,completed
6894,15061,2026-07-30 01:01:38.393256,803.11,5,0.0,0.0,completed
6895,5470,2026-07-30 01:22:27.454803,129.49,1,9.99,0.0,completed
6896,102,2026-07-30 01:48:34.414215,396.58,2,4.99,39.66,cancelled
6897,22484,2026-07-30 02:08:30.389819,239.27,2,0.0,23.93,completed
6898,7849,2026-07-30 02:27:08.007145,159.5,1,0.0,31.9,cancelled
6899,12009,2026-07-30 02:54:08.581083,909.97,5,0.0,181.99,shipped
6900,12875,2026-07-30 04:54:57.029528,437.93,2,0.0,0.0,shipped
6901,525,2026-07-30 04:57:25.868982,463.23,3,0.0,92.65,shipped
6902,7447,2026-07-30 05:37:49.786896,274.43,1,0.0,0.0,completed
6903,22378,2026-07-30 07:37:25.509625,157.08,1,4.99,0.0,completed
6904,6970,2026-07-30 07:46:33.597723,1266.48,5,9.99,0.0,completed
6905,19025,2026-07-30 08:39:16.615235,594.37,5,0.0,0.0,completed
6906,6481,2026-07-30 09:54:31.310152,497.62,4,9.99,74.64,completed
6907,7255,2026-07-30 11:53:10.204618,548.98,5,4.99,0.0,returned
6908,5232,2026-07-30 12:17:51.843798,320.49,2,4.99,0.0,cancelled
6909,7691,2026-07-30 12:45:14.320519,429.27,2,4.99,64.39,completed
6910,10511,2026-07-30 14:49:07.103341,179.27,1,0.0,35.85,returned
6911,527,2026-07-30 16:09:55.166205,522.01,4,9.99,0.0,returned
6912,10341,2026-07-30 16:29:07.866269,456.55,3,0.0,91.31,shipped
6913,10568,2026-07-30 17:13:12.403775,305.92,1,4.99,0.0,completed
6914,19636,2026-07-30 17:28:49.892718,872.19,5,9.99,0.0,completed
6915,23543,2026-07-30 18:04:38.884421,905.12,3,9.99,0.0,completed
6916,16077,2026-07-30 18:26:10.701151,624.26,4,0.0,0.0,completed
6917,6228,2026-07-30 18:27:16.530977,1039.51,5,9.99,0.0,shipped
6918,6149,2026-07-30 19:04:20.993559,281.44,2,0.0,28.14,completed
6919,17539,2026-07-30 19:24:07.563400,264.93,1,9.99,0.0,shipped
6920,17130,2026-07-30 19:44:03.527304,1246.11,5,0.0,249.22,completed
6921,7212,2026-07-30 19:48:38.944145,940.39,4,4.99,141.06,completed
6922,23608,2026-07-30 19:57:12.506990,297.89,1,9.99,0.0,completed
6923,14,2026-07-30 21:17:34.045618,649.63,3,0.0,0.0,completed
6924,13894,2026-07-30 22:10:23.081088,404.29,2,0.0,0.0,completed
6925,11384,2026-07-30 22:34:54.342254,873.2,4,4.99,0.0,completed
6926,18202,2026-07-30 22:38:32.060137,781.34,5,4.99,156.27,completed
6927,11970,2026-07-30 22:54:43.489847,511.64,4,0.0,51.16,completed
6928,11652,2026-07-30 23:03:29.695374,1080.4,4,0.0,162.06,completed
6929,10801,2026-07-30 23:13:10.117440,101.33,2,0.0,20.27,shipped
6930,4547,2026-07-31 00:15:05.914294,871.16,3,4.99,130.67,completed
6931,15099,2026-07-31 00:23:17.155547,209.63,1,9.99,20.96,completed
6932,7447,2026-07-31 01:15:05.199012,192.14,1,9.99,19.21,completed
6933,22982,2026-07-31 01:39:30.356990,916.4,5,0.0,0.0,shipped
6934,14086,2026-07-31 01:43:27.624403,577.7,3,4.99,0.0,completed
6935,338,2026-07-31 02:32:55.950517,1047.67,4,0.0,0.0,completed
6936,21696,2026-07-31 02:51:12.599205,248.04,1,9.99,0.0,completed
6937,1683,2026-07-31 04:31:45.612697,36.67,1,0.0,0.0,completed
6938,10233,2026-07-31 04:54:16.505310,948.2,4,4.99,0.0,completed
6939,6097,2026-07-31 05:20:16.999546,973.9,5,9.99,146.08,returned
6940,19114,2026-07-31 05:48:26.761812,547.22,3,0.0,0.0,shipped
6941,4597,2026-07-31 06:22:19.981080,742.71,3,4.99,74.27,returned
6942,19965,2026-07-31 06:32:47.235837,914.38,5,9.99,137.16,completed
6943,21208,2026-07-31 07:25:15.035603,206.68,1,9.99,0.0,completed
6944,4808,2026-07-31 07:54:34.255077,928.89,4,4.99,0.0,shipped
6945,23617,2026-07-31 08:25:54.886060,1350.62,5,0.0,0.0,shipped
6946,17615,2026-07-31 08:58:12.773046,29.58,1,0.0,0.0,completed
6947,18141,2026-07-31 09:26:04.722245,593.82,4,4.99,0.0,completed
6948,4001,2026-07-31 09:41:42.488807,577.26,3,4.99,115.45,cancelled
6949,21208,2026-07-31 09:47:31.185828,59.34,1,9.99,11.87,completed
6950,7278,2026-07-31 10:23:14.223889,263.61,2,4.99,0.0,cancelled
6951,19932,2026-07-31 10:41:40.770172,793.19,3,0.0,0.0,completed
6952,23608,2026-07-31 12:19:48.920712,935.71,5,4.99,93.57,completed
6953,7443,2026-07-31 13:15:58.664812,235.09,1,0.0,0.0,cancelled
6954,17479,2026-07-31 13:22:27.541309,819.0,4,9.99,122.85,cancelled
6955,21266,2026-07-31 14:15:40.207631,877.3,4,9.99,87.73,completed
6956,584,2026-07-31 14:42:52.222413,602.07,3,9.99,120.41,completed
6957,21397,2026-07-31 14:54:27.947748,53.06,1,4.99,0.0,completed
6958,24384,2026-07-31 15:54:55.317384,788.59,5,9.99,0.0,completed
6959,8266,2026-07-31 16:22:22.573546,1028.33,4,9.99,0.0,cancelled
6960,18373,2026-07-31 16:30:10.988952,255.52,2,9.99,0.0,completed
6961,13299,2026-07-31 17:23:19.087354,1137.97,5,0.0,0.0,completed
6962,2149,2026-07-31 17:58:57.769819,126.55,2,4.99,18.98,completed
6963,12998,2026-07-31 18:39:02.791418,710.25,3,4.99,106.54,completed
6964,23468,2026-07-31 19:03:13.775216,455.94,2,0.0,0.0,completed
6965,1683,2026-07-31 19:18:37.409352,673.28,4,0.0,0.0,completed
6966,9923,2026-07-31 19:43:58.056758,854.95,4,0.0,0.0,completed
6967,3576,2026-07-31 20:29:33.383453,354.1,3,0.0,35.41,completed
6968,14323,2026-07-31 21:21:43.592189,819.22,4,9.99,81.92,completed
6969,10472,2026-07-31 21:59:22.984712,261.79,1,4.99,0.0,shipped
6970,4220,2026-07-31 23:12:26.053940,400.3,3,0.0,40.03,shipped
6971,18361,2026-08-01 02:05:48.529192,761.42,4,0.0,114.21,completed
6972,7255,2026-08-01 04:43:01.622323,352.73,3,0.0,35.27,completed
6973,22590,2026-08-01 05:58:48.043154,525.23,3,9.99,0.0,completed
6974,9067,2026-08-01 06:43:57.725791,461.24,3,9.99,0.0,completed
6975,1290,2026-08-01 07:18:01.675151,566.84,4,0.0,56.68,completed
6976,7271,2026-08-01 07:38:19.530109,617.4,3,9.99,61.74,completed
6977,6796,2026-08-01 07:39:43.137903,510.14,4,0.0,0.0,completed
6978,24562,2026-08-01 07:43:01.952864,182.92,1,0.0,0.0,cancelled
6979,24779,2026-08-01 08:28:06.201970,532.98,4,0.0,0.0,completed
6980,9923,2026-08-01 09:33:06.837062,588.07,4,9.99,117.61,completed
6981,11858,2026-08-01 09:57:03.919730,146.1,1,4.99,21.91,completed
6982,23990,2026-08-01 11:47:24.322280,296.79,1,0.0,44.52,completed
6983,14172,2026-08-01 12:33:49.484656,548.35,3,0.0,0.0,completed
6984,17567,2026-08-01 12:48:24.040893,668.88,2,4.99,100.33,completed
6985,17589,2026-08-01 13:18:44.925418,176.51,1,4.99,35.3,completed
6986,11340,2026-08-01 13:29:28.222790,422.34,2,0.0,0.0,completed
6987,9966,2026-08-01 13:54:24.099218,132.7,1,9.99,0.0,completed
6988,737,2026-08-01 14:11:22.865778,282.16,2,0.0,0.0,completed
6989,4282,2026-08-01 16:18:55.423386,1157.18,5,4.99,0.0,completed
6990,19025,2026-08-01 16:24:02.690428,608.86,3,9.99,0.0,completed
6991,10475,2026-08-01 16:33:48.726120,750.33,5,9.99,75.03,completed
6992,23547,2026-08-01 17:45:38.708983,355.25,3,4.99,35.52,cancelled
6993,11780,2026-08-01 20:00:19.393171,264.49,3,4.99,39.67,completed
6994,22018,2026-08-01 20:12:09.680448,425.96,3,4.99,0.0,completed
6995,13563,2026-08-01 21:05:21.014944,1014.23,5,0.0,101.42,completed
6996,17444,2026-08-01 21:44:58.671557,110.31,1,9.99,0.0,returned
6997,17805,2026-08-01 21:54:35.511923,322.49,2,0.0,0.0,completed
6998,19210,2026-08-01 22:05:27.965765,233.76,1,9.99,35.06,completed
6999,14323,2026-08-01 22:40:12.241463,839.07,5,4.99,0.0,completed
7000,23115,2026-08-01 23:08:10.523739,173.61,1,4.99,26.04,completed
7001,10597,2026-08-01 23:12:38.851243,221.42,2,0.0,22.14,completed
7002,157,2026-08-01 23:37:31.940409,298.07,3,0.0,59.61,completed
7003,19889,2026-08-02 00:34:41.566450,1164.97,5,0.0,0.0,completed
7004,19932,2026-08-02 01:31:20.083828,831.2,5,9.99,124.68,cancelled
7005,7177,2026-08-02 02:27:01.132113,407.27,3,4.99,0.0,completed
7006,19945,2026-08-02 03:39:30.612548,360.5,3,9.99,72.1,completed
7007,22533,2026-08-02 04:02:56.363321,674.71,2,9.99,134.94,completed
7008,22018,2026-08-02 04:25:53.759002,847.43,5,4.99,0.0,completed
7009,12965,2026-08-02 04:32:07.418803,278.84,2,9.99,0.0,completed
7010,165,2026-08-02 05:05:19.744418,197.47,2,0.0,29.62,shipped
7011,22761,2026-08-02 05:33:56.087082,922.27,5,0.0,0.0,returned
7012,3126,2026-08-02 06:44:33.825656,779.72,5,0.0,0.0,completed
7013,11132,2026-08-02 11:08:45.910494,298.29,2,4.99,29.83,cancelled
7014,19117,2026-08-02 11:26:56.945129,572.55,4,4.99,0.0,shipped
7015,14949,2026-08-02 11:43:24.676357,297.77,3,9.99,44.67,completed
7016,7381,2026-08-02 11:45:24.829574,1029.98,4,9.99,0.0,completed
7017,420,2026-08-02 12:23:59.764189,759.45,5,9.99,113.92,completed
7018,19478,2026-08-02 12:43:23.372924,594.54,3,0.0,0.0,returned
7019,18829,2026-08-02 13:14:08.591671,759.11,3,9.99,0.0,shipped
7020,20843,2026-08-02 14:21:02.471958,397.48,3,4.99,39.75,completed
7021,2834,2026-08-02 14:44:40.882321,358.13,2,9.99,71.63,completed
7022,12850,2026-08-02 16:21:23.128704,590.88,3,0.0,0.0,cancelled
7023,8295,2026-08-02 16:29:40.804970,669.33,4,4.99,0.0,shipped
7024,14683,2026-08-02 16:35:35.309224,499.05,2,9.99,49.91,completed
7025,4276,2026-08-02 16:54:24.592517,621.36,5,0.0,0.0,completed
7026,9302,2026-08-02 17:18:26.090661,795.61,4,9.99,79.56,completed
7027,201,2026-08-02 17:59:03.469986,339.1,2,9.99,0.0,completed
7028,14323,2026-08-02 18:20:51.317133,172.54,3,0.0,0.0,completed
7029,17222,2026-08-02 18:49:39.066548,398.86,2,4.99,59.83,completed
7030,19025,2026-08-02 19:09:34.601225,1168.94,5,4.99,0.0,completed
7031,2296,2026-08-02 20:43:41.735852,864.24,5,0.0,129.64,completed
7032,21497,2026-08-02 21:27:18.483578,753.04,3,9.99,150.61,returned
7033,17023,2026-08-02 21:41:35.020156,511.43,3,0.0,76.71,completed
7034,19897,2026-08-02 22:04:45.058599,779.04,4,9.99,155.81,cancelled
7035,21975,2026-08-02 22:15:34.309546,630.38,3,0.0,0.0,completed
7036,17618,2026-08-02 23:12:53.542126,729.77,3,4.99,145.95,completed
7037,17931,2026-08-02 23:34:58.107973,360.02,2,0.0,36.0,shipped
7038,18691,2026-08-02 23:47:48.514764,1397.57,5,9.99,0.0,completed
7039,3425,2026-08-02 23:53:19.502331,920.39,5,4.99,138.06,shipped
7040,737,2026-08-03 00:19:05.473433,1215.7,5,0.0,0.0,completed
7041,15410,2026-08-03 00:26:12.357031,263.25,2,0.0,39.49,returned
7042,7083,2026-08-03 00:48:08.884911,275.66,1,0.0,55.13,completed
7043,19889,2026-08-03 00:48:45.697230,549.73,4,0.0,54.97,completed
7044,10805,2026-08-03 01:31:45.491432,391.97,3,4.99,58.8,completed
7045,5189,2026-08-03 01:57:03.699722,334.51,2,9.99,0.0,completed
7046,9150,2026-08-03 02:10:39.996549,297.27,2,0.0,0.0,completed
7047,10574,2026-08-03 02:24:11.986146,613.36,4,0.0,92.0,shipped
7048,9003,2026-08-03 02:44:23.992582,539.63,3,0.0,107.93,completed
7049,14538,2026-08-03 05:09:33.786737,591.11,4,0.0,88.67,cancelled
7050,15586,2026-08-03 05:45:43.739757,642.13,3,0.0,0.0,completed
7051,13621,2026-08-03 06:11:35.341165,75.74,1,4.99,0.0,completed
7052,14181,2026-08-03 06:22:05.728030,330.61,2,9.99,33.06,cancelled
7053,14204,2026-08-03 07:24:41.151057,558.13,3,4.99,0.0,completed
7054,21825,2026-08-03 07:28:06.513564,860.87,4,0.0,172.17,completed
7055,9311,2026-08-03 07:35:29.417278,278.73,2,9.99,0.0,completed
7056,9707,2026-08-03 08:49:00.275941,787.46,4,0.0,78.75,completed
7057,5172,2026-08-03 08:53:32.129651,327.84,1,0.0,0.0,completed
7058,1193,2026-08-03 09:32:26.031235,307.72,1,4.99,61.54,shipped
7059,5348,2026-08-03 09:33:14.367288,863.17,5,9.99,0.0,cancelled
7060,15373,2026-08-03 09:43:19.728105,278.72,1,9.99,0.0,returned
7061,20096,2026-08-03 10:08:48.450207,375.66,4,9.99,56.35,completed
7062,8785,2026-08-03 10:14:56.353299,495.42,3,4.99,0.0,completed
7063,17807,2026-08-03 10:26:50.511505,217.02,2,4.99,43.4,completed
7064,12543,2026-08-03 11:03:39.934294,286.54,1,4.99,57.31,completed
7065,21538,2026-08-03 11:37:44.198601,732.92,3,4.99,0.0,completed
7066,19478,2026-08-03 12:32:55.411829,721.58,3,9.99,144.32,completed
7067,21641,2026-08-03 12:44:42.536789,388.36,3,9.99,77.67,completed
7068,19827,2026-08-03 12:44:47.144351,265.38,2,9.99,0.0,completed
7069,3940,2026-08-03 12:55:29.525701,758.05,4,9.99,0.0,completed
7070,22558,2026-08-03 12:58:14.999654,539.36,2,4.99,53.94,completed
7071,9133,2026-08-03 13:38:48.966763,845.24,4,9.99,0.0,completed
7072,12341,2026-08-03 13:43:36.740887,638.11,4,9.99,0.0,completed
7073,16318,2026-08-03 14:26:41.880638,655.57,3,0.0,131.11,completed
7074,15573,2026-08-03 15:07:35.068132,870.44,4,9.99,130.57,completed
7075,23817,2026-08-03 15:43:55.670335,405.51,2,4.99,81.1,completed
7076,11119,2026-08-03 16:06:23.175189,660.82,3,0.0,99.12,completed
7077,7238,2026-08-03 16:41:21.893987,418.11,2,9.99,62.72,cancelled
7078,12169,2026-08-03 16:56:06.731090,1056.94,5,9.99,105.69,completed
7079,10855,2026-08-03 17:04:35.720621,543.01,5,9.99,0.0,shipped
7080,2002,2026-08-03 17:12:32.389887,749.42,3,0.0,149.88,shipped
7081,6228,2026-08-03 17:25:58.421155,1010.06,5,0.0,0.0,completed
7082,19897,2026-08-03 17:30:01.675805,751.05,3,0.0,0.0,cancelled
7083,22415,2026-08-03 17:42:47.170814,288.43,2,4.99,0.0,completed
7084,17233,2026-08-03 18:06:30.874040,1114.69,5,9.99,111.47,completed
7085,17762,2026-08-03 18:14:57.909812,577.72,3,4.99,57.77,completed
7086,8452,2026-08-03 19:01:08.514830,392.28,4,4.99,39.23,completed
7087,23740,2026-08-03 19:20:40.985464,463.42,4,0.0,46.34,cancelled
7088,12189,2026-08-03 19:24:13.735992,1035.66,4,0.0,0.0,completed
7089,24947,2026-08-03 19:57:52.153189,178.55,2,4.99,17.86,completed
7090,12370,2026-08-03 19:58:09.234234,262.92,1,4.99,39.44,completed
7091,10343,2026-08-03 20:39:50.684931,292.41,2,4.99,0.0,cancelled
7092,20257,2026-08-03 20:41:16.891303,831.4,5,9.99,166.28,completed
7093,12487,2026-08-03 21:05:56.703104,524.77,4,0.0,104.95,completed
7094,7887,2026-08-03 21:21:58.464205,474.54,2,4.99,47.45,completed
7095,4472,2026-08-03 21:24:33.446849,814.06,5,0.0,81.41,completed
7096,18586,2026-08-03 22:30:48.642313,180.09,2,4.99,27.01,completed
7097,24947,2026-08-03 22:48:41.996505,943.76,4,4.99,0.0,completed
7098,12269,2026-08-03 23:13:47.636386,224.8,1,4.99,0.0,completed
7099,18438,2026-08-03 23:21:43.508126,621.56,4,9.99,0.0,cancelled
7100,16570,2026-08-03 23:28:52.241583,1163.47,5,9.99,232.69,shipped
7101,1652,2026-08-04 00:56:45.697101,91.61,1,0.0,18.32,completed
7102,18147,2026-08-04 01:43:52.270971,287.33,2,9.99,57.47,completed
7103,24927,2026-08-04 02:00:48.996734,156.67,1,4.99,0.0,completed
7104,1292,2026-08-04 02:29:27.726243,1044.81,5,4.99,0.0,completed
7105,1714,2026-08-04 02:54:01.244373,474.06,2,9.99,94.81,shipped
7106,5246,2026-08-04 02:59:26.745842,207.76,1,0.0,0.0,completed
7107,21371,2026-08-04 03:57:19.522890,1108.26,5,0.0,110.83,completed
7108,15880,2026-08-04 04:26:57.088195,619.54,2,9.99,61.95,cancelled
7109,8254,2026-08-04 05:16:04.691643,63.31,1,4.99,12.66,returned
7110,15374,2026-08-04 05:19:32.873510,674.38,3,4.99,0.0,shipped
7111,2560,2026-08-04 06:40:55.017598,879.83,4,9.99,87.98,completed
7112,10341,2026-08-04 07:00:19.443945,405.73,3,0.0,40.57,returned
7113,19249,2026-08-04 07:07:37.745993,879.02,5,4.99,175.8,shipped
7114,16978,2026-08-04 07:39:48.822174,601.35,3,4.99,0.0,completed
7115,14573,2026-08-04 08:04:38.636096,208.56,2,4.99,41.71,completed
7116,9809,2026-08-04 08:08:36.292305,344.78,5,4.99,0.0,completed
7117,24029,2026-08-04 08:11:33.013923,515.87,3,9.99,0.0,shipped
7118,22018,2026-08-04 08:16:58.201839,138.06,1,0.0,13.81,shipped
7119,16126,2026-08-04 08:20:36.742823,886.03,5,4.99,0.0,completed
7120,22094,2026-08-04 08:23:58.252004,679.55,3,4.99,101.93,shipped
7121,11856,2026-08-04 08:31:32.683414,476.74,2,9.99,71.51,completed
7122,19870,2026-08-04 09:10:55.905916,589.54,4,4.99,58.95,completed
7123,12764,2026-08-04 09:12:29.783493,128.87,1,0.0,12.89,shipped
7124,19249,2026-08-04 09:41:07.799690,568.43,3,9.99,56.84,returned
7125,19249,2026-08-04 10:02:35.115947,165.78,1,9.99,0.0,shipped
